"District","County Number","County Name"," License Type Code"," License Number","Business (DBA-Does Business As) Name","Location Address","Location City"," Location Zip Code","Inspection Number","Visit Number","Inspection Class","Inspection Type","Inspection Disposition","Inspection Date","Number of Critical Violations","Number of Noncritical Violations"," Number of Total Violations","Number of High Priority Violations","Number of Intermediate Violations","Number of Basic Violations","PDA Status","Violation 01","Violation 02","Violation 03","Violation 04","Violation 05","Violation 06","Violation 07","Violation 08","Violation 09","Violation 10","Violation 11","Violation 12","Violation 13","Violation 14","Violation 15","Violation 16","Violation 17","Violation 18","Violation 19","Violation 20","Violation 21","Violation 22","Violation 23","Violation 24","Violation 25","Violation 26","Violation 27","Violation 28","Violation 29","Violation 30","Violation 31","Violation 32","Violation 33","Violation 34","Violation 35","Violation 36","Violation 37","Violation 38","Violation 39","Violation 40","Violation 41","Violation 42","Violation 43","Violation 44","Violation 45","Violation 46","Violation 47","Violation 48","Violation 49","Violation 50","Violation 51","Violation 52","Violation 53","Violation 54","Violation 55","Violation 56","Violation 57","Violation 58","License ID","Inspection Visit ID"
"D3","19","Citrus","2010","1900524","THAI PHOON RESTAURANT","238 SE US HWY 19","CRYSTAL RIVER","34429","3737657","1","Food","Routine - Food","Inspection Completed - No Further Action","07/08/2026","","","3","0","1","2","Y","0","0","0","0","0","0","0","1","0","0","0","0","0","1","0","0","0","0","0","0","0","0","0","0","0","0","0","0","0","0","1","0","0","0","0","0","0","0","0","0","0","0","0","0","0","0","0","0","0","0","0","0","0","0","0","0","0","0","8695263","13776150"
"D3","19","Citrus","2010","1900716","DAIRY QUEEN OF CRYSTAL RIVER","727 N SUNCOAST BLVD","CRYSTAL RIVER ","34429","3732716","1","Food","Routine - Food","Inspection Completed - No Further Action","07/08/2026","","","0","0","0","0","Y","0","0","0","0","0","0","0","0","0","0","0","0","0","0","0","0","0","0","0","0","0","0","0","0","0","0","0","0","0","0","0","0","0","0","0","0","0","0","0","0","0","0","0","0","0","0","0","0","0","0","0","0","0","0","0","0","0","0","9495105","13771209"
"D3","19","Citrus","2010","1900959","CHECKERS RESTAURANT","510 W MAIN ST","INVERNESS","34450","3721563","1","Food","Routine - Food","Inspection Completed - No Further Action","07/27/2026","","","4","1","0","3","Y","0","0","0","0","0","0","0","0","0","0","0","0","0","0","0","0","0","0","0","0","0","0","1","0","0","0","0","0","0","0","0","0","0","0","1","1","0","0","0","0","0","0","0","0","0","0","0","0","0","1","0","0","0","0","0","0","0","0","5382473","13760056"
"D3","19","Citrus","2010","1900962","KELLY'S HALF SHELL PUB","390 N SUNCOAST BLVD","CRYSTAL RIVER","34429","3729090","1","Food","Routine - Food","Inspection Completed - No Further Action","07/08/2026","","","0","0","0","0","Y","0","0","0","0","0","0","0","0","0","0","0","0","0","0","0","0","0","0","0","0","0","0","0","0","0","0","0","0","0","0","0","0","0","0","0","0","0","0","0","0","0","0","0","0","0","0","0","0","0","0","0","0","0","0","0","0","0","0","7022114","13767583"
"D3","19","Citrus","2010","1900991","AIELLOS PIZZERIA AND SUBS","859 US HWY 41 S","INVERNESS","34450","3696534","2","Food","Food-Licensing Inspection","Call Back - Admin. complaint recommended","07/08/2026","","","2","1","1","0","Y","0","0","0","0","0","0","0","0","0","0","0","0","0","0","0","0","0","0","0","0","0","0","0","0","0","0","0","0","0","0","0","0","0","0","0","0","0","0","0","0","0","0","0","0","0","0","0","0","0","1","1","0","0","0","0","0","0","0","9942520","13688287"
"D3","19","Citrus","2010","1901004","CHIPOTLE MEXICAN GRILL (STORE #4423)","911 W MAIN ST","INVERNESS","34450","3724628","1","Food","Routine - Food","Inspection Completed - No Further Action","07/08/2026","","","0","0","0","0","Y","0","0","0","0","0","0","0","0","0","0","0","0","0","0","0","0","0","0","0","0","0","0","0","0","0","0","0","0","0","0","0","0","0","0","0","0","0","0","0","0","0","0","0","0","0","0","0","0","0","0","0","0","0","0","0","0","0","0","8565061","13763121"
"D3","19","Citrus","2010","1901034","FLORIDA CRACKER BAR AND GRILL SHAMROCKS","8343 E ORANGE AVE","FLORAL CITY","34436","3678725","2","Food","Routine - Food","Call Back - Admin. complaint recommended","07/08/2026","","","1","0","1","0","Y","0","0","0","0","0","0","0","0","0","0","0","0","0","0","0","0","0","0","0","0","0","0","0","0","0","0","0","0","0","0","0","0","0","0","0","0","0","0","0","0","0","0","0","0","0","0","0","0","0","0","1","0","0","0","0","0","0","0","9667522","13688394"
"D3","19","Citrus","2010","1901134","APPLEBEE'S NEIGHBORHOOD GRILL & BAR","200 N SUNCOAST BLVD","CRYSTAL RIVER","34429","3755943","1","Food","Food-Licensing Inspection","Inspection Completed - No Further Action","07/20/2026","","","1","0","0","1","Y","0","0","0","0","0","0","0","0","0","0","0","0","1","0","0","0","0","0","0","0","0","0","0","0","0","0","0","0","0","0","0","0","0","0","0","0","0","0","0","0","0","0","0","0","0","0","0","0","0","0","0","0","0","0","0","0","0","0","10007019","13841749"
"D3","19","Citrus","2010","1901136","PAPA JOHN'S PIZZA #2827","2617 HWY 44 W","INVERNESS","34453","3746948","1","Food","Routine - Food","Inspection Completed - No Further Action","07/08/2026","","","3","1","0","2","Y","0","0","0","0","0","0","0","1","0","0","0","0","1","0","0","0","0","0","0","0","0","0","0","0","0","0","0","0","0","0","0","0","0","0","1","0","0","0","0","0","0","0","0","0","0","0","0","0","0","0","0","0","0","0","0","0","0","0","3422586","13785450"
"D3","19","Citrus","2010","1901176","MR KING","471 1 TERR NE","CRYSTAL RIVER","34429","3754215","1","Food","Routine - Food","Inspection Completed - No Further Action","07/08/2026","","","4","1","1","2","Y","0","0","0","0","0","0","0","0","0","0","0","0","0","0","0","0","0","0","0","0","0","0","0","0","0","0","0","0","0","0","1","0","0","0","0","1","0","0","0","1","0","0","0","0","0","0","0","0","0","1","0","0","0","0","0","0","0","0","2431539","13792717"
"D3","19","Citrus","2010","1901185","DUNKIN BASKIN ROBBINS","2461 E GULF TO LAKE HWY","INVERNESS","34453","3760067","1","Food","Complaint Full","Inspection Completed - No Further Action","07/27/2026","","","4","0","1","3","Y","0","0","0","0","1","0","0","0","0","0","0","0","0","1","0","0","0","0","0","0","0","0","0","0","0","0","0","0","0","0","0","0","0","0","0","1","0","0","0","0","0","0","0","0","0","0","0","0","0","0","0","0","1","0","0","0","0","0","8180308","13855865"
"D3","19","Citrus","2010","1901189","SUSHI HOUSE","109 COURTHOUSE SQ","INVERNESS","34450","3678067","2","Food","Routine - Food","Call Back - Complied","07/27/2026","","","6","1","3","2","Y","0","0","1","0","1","0","0","1","0","0","0","0","0","0","0","0","0","0","0","0","0","2","1","0","0","0","0","0","0","0","0","0","0","0","0","0","0","0","0","0","0","0","0","0","0","0","0","0","0","0","0","0","0","0","0","0","0","0","7110689","13692595"
"D3","19","Citrus","2010","1901205","AUGGIES CAFE","3158 W PINE RIDGE BLVD","BEVERLY HILLS","34465","3697531","2","Food","Food-Licensing Inspection","Call Back - Admin. complaint recommended","07/16/2026","","","3","2","0","1","Y","0","0","0","0","0","0","0","0","0","0","0","0","0","0","0","0","0","0","0","0","0","0","0","0","0","0","0","1","0","0","0","0","0","0","0","0","0","0","0","0","0","0","0","0","0","0","0","0","0","1","1","0","0","0","0","0","0","0","9680319","13694169"
"D3","19","Citrus","2010","1901249","VINTAGE ON 5TH","114 NE 5 ST","CRYSTAL RIVER","34429","3691642","2","Food","Routine - Food","Call Back - Complied","07/01/2026","","","1","0","1","0","Y","0","0","0","0","0","0","0","0","0","0","0","0","0","0","0","0","0","0","0","0","0","0","0","0","0","0","0","0","0","0","0","0","0","0","0","0","0","0","0","0","0","0","0","0","0","0","0","0","0","0","0","0","1","0","0","0","0","0","7057693","13716970"
"D3","19","Citrus","2010","1901354","DUNKIN' DONUTS","715 W MAIN ST","INVERNESS","34450","3710368","1","Food","Routine - Food","Inspection Completed - No Further Action","07/08/2026","","","2","0","1","1","Y","0","0","0","0","0","0","0","0","0","0","0","0","0","0","0","0","0","0","0","0","0","0","0","0","0","0","0","0","0","0","0","0","0","0","0","1","0","0","0","0","0","0","0","0","0","0","0","0","0","0","0","0","1","0","0","0","0","0","6414609","13748861"
"D3","19","Citrus","2010","1901369","PHO 84","374  N SUNCOAST BLVD","CRYSTAL RIVER","34429","3719208","1","Food","Routine - Food","Inspection Completed - No Further Action","07/08/2026","","","2","0","0","2","Y","0","1","0","0","0","0","0","0","0","0","0","0","0","0","0","0","0","0","0","0","0","0","0","0","0","0","0","0","0","0","0","0","0","0","0","0","0","0","0","1","0","0","0","0","0","0","0","0","0","0","0","0","0","0","0","0","0","0","9107742","13757701"
"D3","19","Citrus","2010","1901374","HUDDLE HOUSE INC","321 US HWY 41 S","INVERNESS","34450","3732715","1","Food","Routine - Food","Warning Issued","07/22/2026","","","13","3","2","8","Y","0","0","0","0","0","0","0","1","0","0","0","1","0","1","0","0","0","0","0","0","1","0","1","1","0","0","0","0","0","0","0","0","1","0","2","1","0","0","0","0","0","0","0","0","0","0","0","0","0","1","0","0","2","0","0","0","0","0","9513697","13771208"
"D3","19","Citrus","2010","1901375","MARGUERITA GRILL","10200 W HALLS RIVER RD","HOMOSASSA","34448","3756142","1","Food","Complaint Full","Inspection Completed - No Further Action","07/16/2026","","","5","1","1","3","Y","1","1","0","0","0","0","0","0","0","0","0","0","0","0","0","0","0","0","0","0","0","1","1","0","0","0","0","0","0","0","0","0","0","0","0","1","0","0","0","0","0","0","0","0","0","0","0","0","0","0","0","0","0","0","0","0","0","0","6745556","13844184"
"D3","19","Citrus","2010","1901384","WENDY'S 11653","2900 W NORVELL BRYANT HWY","LECANTO","34461","3717965","1","Food","Routine - Food","Inspection Completed - No Further Action","07/31/2026","","","6","2","0","4","Y","0","0","0","0","0","0","0","0","0","0","0","0","0","1","0","0","0","0","0","0","0","0","1","0","0","0","0","0","1","0","0","0","0","0","1","1","0","0","0","0","0","0","0","0","0","0","0","0","0","0","1","0","0","0","0","0","0","0","8359769","13756458"
"D3","19","Citrus","2010","1901399","SUBS PIZZA AND MORE","3451 E LOUISE LN STE 116","HERNANDO","34442","3693974","2","Food","Routine - Food","Call Back - Complied","07/08/2026","","","0","0","0","0","Y","0","0","0","0","0","0","0","0","0","0","0","0","0","0","0","0","0","0","0","0","0","0","0","0","0","0","0","0","0","0","0","0","0","0","0","0","0","0","0","0","0","0","0","0","0","0","0","0","0","0","0","0","0","0","0","0","0","0","9908601","13688461"
"D3","19","Citrus","2010","1901408","CONEY ISLAND DRIVE INN","674 NE 5 ST","CRYSTAL RIVER","34429","3705630","1","Food","Routine - Food","Inspection Completed - No Further Action","07/20/2026","","","7","1","3","3","Y","0","0","0","0","0","0","0","0","0","0","0","0","0","0","0","2","0","0","0","0","0","2","0","1","0","0","0","0","0","0","0","0","0","0","0","1","0","0","0","0","1","0","0","0","0","0","0","0","0","0","0","0","0","0","0","0","0","0","7594680","13744112"
"D3","19","Citrus","2010","1901417","SWEET ALPS ICE CREAM INVERNESS","202 TOMPKINS ST","INVERNESS","34450","3732115","1","Food","Routine - Food","Inspection Completed - No Further Action","07/08/2026","","","3","0","0","3","Y","0","0","0","0","1","0","0","0","0","1","0","0","0","0","0","0","0","0","0","0","0","0","0","0","0","0","0","0","0","0","0","1","0","0","0","0","0","0","0","0","0","0","0","0","0","0","0","0","0","0","0","0","0","0","0","0","0","0","9193695","13770608"
"D3","19","Citrus","2010","1901431","CHILI'S RESTAURANT","800 W MAIN STREET","INVERNESS","34450","3738148","1","Food","Routine - Food","Inspection Completed - No Further Action","07/22/2026","","","5","1","0","4","Y","0","0","0","0","0","0","0","0","0","0","0","0","1","0","0","0","0","0","0","0","0","0","0","2","0","0","0","0","0","0","0","0","0","0","1","0","0","0","0","0","0","0","0","0","0","0","0","0","0","1","0","0","0","0","0","0","0","0","8227572","13776641"
"D3","19","Citrus","2010","1901438","TACO BELL #7420","9357 S SUNCOAST BLVD","HOMOSASSA","34446","3711433","1","Food","Routine - Food","Inspection Completed - No Further Action","07/16/2026","","","1","0","0","1","Y","0","0","0","0","0","0","0","0","0","0","0","0","0","0","0","0","0","0","0","0","0","0","1","0","0","0","0","0","0","0","0","0","0","0","0","0","0","0","0","0","0","0","0","0","0","0","0","0","0","0","0","0","0","0","0","0","0","0","8311559","13749926"
"D3","19","Citrus","2010","1901474","BEANS AND GREENS COFFEE HOUSE","1927 NW US HWY 19","CRYSTAL RIVER","34428","3732032","1","Food","Routine - Food","Inspection Completed - No Further Action","07/20/2026","","","1","0","0","1","Y","0","0","0","0","0","0","0","0","0","0","0","0","0","0","0","0","0","0","0","0","0","0","0","0","0","0","0","0","0","0","1","0","0","0","0","0","0","0","0","0","0","0","0","0","0","0","0","0","0","0","0","0","0","0","0","0","0","0","9021071","13770525"
"D3","19","Citrus","2010","1901480","PANERA BREAD 6285","2080 N LECANTO HWY","LECANTO","34461","3700945","1","Food","Complaint Full","Inspection Completed - No Further Action","07/08/2026","","","3","0","0","3","Y","0","0","0","0","0","0","0","0","0","0","0","0","0","0","0","1","0","0","0","0","0","1","0","1","0","0","0","0","0","0","0","0","0","0","0","0","0","0","0","0","0","0","0","0","0","0","0","0","0","0","0","0","0","0","0","0","0","0","9273292","13721462"
"D3","19","Citrus","2010","1901499","TEQUILA GARDEN FLAVORS OF MEXICO","2875 E GULF TO LAKE HWY","INVERNESS","34453","3756272","1","Food","Complaint Full","Inspection Completed - No Further Action","07/27/2026","","","7","3","2","2","Y","0","0","2","0","0","0","0","1","0","0","0","0","0","0","0","0","0","0","0","0","0","3","0","1","0","0","0","0","0","0","0","0","0","0","0","0","0","0","0","0","0","0","0","0","0","0","0","0","0","0","0","0","0","0","0","0","0","0","9834635","13845995"
"D3","19","Citrus","2014","1950324","MACRAE'S OF HOMOSASSA","5300 S CHEROKEE WAY","HOMOSASSA","34448","1337478","1","Food","Routine - Food","Inspection Completed - No Further Action","07/22/2026","","","0","0","0","0","Y","0","0","0","0","0","0","0","0","0","0","0","0","0","0","0","0","0","0","0","0","0","0","0","0","0","0","0","0","0","0","0","0","0","0","0","0","0","0","0","0","0","0","0","0","0","0","0","0","0","0","0","0","0","0","0","0","0","0","6958170","13729020"
"D3","19","Citrus","2014","1950396","WAVES COASTAL KITCHEN LLC","3995 N TURKEY OAK DR","CRYSTAL RIVER","34428","1335510","1","Food","Routine - Food","Inspection Completed - No Further Action","07/23/2026","","","0","0","0","0","Y","0","0","0","0","0","0","0","0","0","0","0","0","0","0","0","0","0","0","0","0","0","0","0","0","0","0","0","0","0","0","0","0","0","0","0","0","0","0","0","0","0","0","0","0","0","0","0","0","0","0","0","0","0","0","0","0","0","0","8995021","13727051"
"D3","37","Hernando","2010","3700285","MCDONALD'S 6682","2350  COMMERCIAL WAY","SPRING HILL","34606","3761496","1","Food","Complaint Full","Warning Issued","07/30/2026","","","2","1","0","1","Y","0","0","0","0","0","0","0","0","0","0","0","0","0","0","0","0","0","0","0","0","0","0","0","0","0","0","0","0","0","0","0","0","0","0","1","1","0","0","0","0","0","0","0","0","0","0","0","0","0","0","0","0","0","0","0","0","0","0","6732693","13860513"
"D3","37","Hernando","2010","3700285","MCDONALD'S 6682","2350  COMMERCIAL WAY","SPRING HILL","34606","3761496","2","Food","Complaint Full","Call Back - Complied","07/31/2026","","","0","0","0","0","Y","0","0","0","0","0","0","0","0","0","0","0","0","0","0","0","0","0","0","0","0","0","0","0","0","0","0","0","0","0","0","0","0","0","0","0","0","0","0","0","0","0","0","0","0","0","0","0","0","0","0","0","0","0","0","0","0","0","0","6732693","13865134"
"D3","37","Hernando","2010","3700459","MCDONALD'S 10572","13100 CORTEZ BLVD","BROOKSVILLE","34613","3759201","1","Food","Complaint Full","Administrative complaint recommended","07/21/2026","","","2","1","0","1","Y","0","0","0","0","0","0","0","0","0","0","0","0","0","0","0","0","0","0","0","0","0","0","0","0","0","0","0","0","0","0","0","0","0","0","1","1","0","0","0","0","0","0","0","0","0","0","0","0","0","0","0","0","0","0","0","0","0","0","6732703","13852519"
"D3","37","Hernando","2010","3700459","MCDONALD'S 10572","13100 CORTEZ BLVD","BROOKSVILLE","34613","3759201","2","Food","Complaint Full","Call Back - Complied","07/22/2026","","","0","0","0","0","Y","0","0","0","0","0","0","0","0","0","0","0","0","0","0","0","0","0","0","0","0","0","0","0","0","0","0","0","0","0","0","0","0","0","0","0","0","0","0","0","0","0","0","0","0","0","0","0","0","0","0","0","0","0","0","0","0","0","0","6732703","13853610"
"D3","37","Hernando","2010","3700503","LONG JOHN SILVERS","2440 COMMERCIAL WAY","SPRING HILL","34606","3713522","1","Food","Routine - Food","Inspection Completed - No Further Action","07/17/2026","","","6","1","1","4","Y","0","0","0","0","0","0","0","0","0","0","0","0","0","1","0","0","0","0","0","0","0","2","0","0","0","0","0","0","0","0","0","0","1","0","1","0","0","0","0","0","0","0","0","0","0","0","0","0","0","1","0","0","0","0","0","0","0","0","9429459","13752015"
"D3","37","Hernando","2010","3700665","CAPONE'S BISTRO AND BILLIARDS","10463 COUNTY LINE RD","SPRING HILL","34609","3672933","4","Food","Routine - Food","Call Back - Admin. complaint recommended","07/07/2026","","","4","0","3","1","Y","0","0","0","0","0","0","0","0","0","0","0","0","0","0","0","0","0","0","0","0","0","0","0","0","0","0","0","0","0","0","2","0","0","0","0","0","0","0","0","0","0","0","0","0","0","0","0","0","0","0","1","0","1","0","0","0","0","0","9562609","13692471"
"D3","37","Hernando","2010","3700796","DENNY'S #6931","1445 WENDY CT","SPRING HILL","34607","3758087","1","Food","Complaint Full","Inspection Completed - No Further Action","07/16/2026","","","6","1","1","4","Y","0","0","0","0","0","0","0","0","0","0","0","0","0","1","0","0","0","0","0","0","0","0","1","0","0","0","0","0","1","0","2","0","0","0","1","0","0","0","0","0","0","0","0","0","0","0","0","0","0","0","0","0","0","0","0","0","0","0","6499079","13848147"
"D3","37","Hernando","2010","3700801","BREE'S RIVERSIDE RESTAURANT","29250 LAKE LINDSEY RD","BROOKSVILLE","34601","3755986","1","Food","Complaint Full","Inspection Completed - No Further Action","07/09/2026","","","6","1","3","2","Y","0","1","1","0","0","0","0","0","0","0","0","0","0","1","0","0","0","0","0","0","0","0","0","0","0","0","1","0","0","0","0","0","0","0","0","1","0","0","0","0","1","0","0","0","0","0","0","0","0","0","0","0","0","0","0","0","0","0","9366007","13842109"
"D3","37","Hernando","2010","3700873","CHINA 1 OF WEST HERNANDO LLC","1446 PINHURST DRIVE","SPRING HILL","34606","3681963","2","Food","Routine - Food","Call Back - Admin. complaint recommended","07/01/2026","","","1","0","1","0","Y","0","0","0","0","0","0","0","0","0","0","0","0","0","0","0","0","0","0","0","0","0","0","0","0","0","0","0","0","0","0","0","0","0","0","0","0","0","0","0","0","0","0","0","0","0","0","0","0","0","0","0","0","1","0","0","0","0","0","7771971","13683784"
"D3","37","Hernando","2010","3700909","NEW CHINA","146 MARINER BLVD","SPRING HILL","34609","3735996","1","Food","Routine - Food","Inspection Completed - No Further Action","07/10/2026","","","3","0","0","3","Y","0","0","0","0","0","0","0","2","0","1","0","0","0","0","0","0","0","0","0","0","0","0","0","0","0","0","0","0","0","0","0","0","0","0","0","0","0","0","0","0","0","0","0","0","0","0","0","0","0","0","0","0","0","0","0","0","0","0","7406766","13774489"
"D3","37","Hernando","2010","3700913","APPLEBEE'S NEIGHBORHOOD GRILL & BAR","20090 CORTEZ BLVD","BROOKSVILLE","34603","3700910","1","Food","Food-Licensing Inspection","Inspection Completed - No Further Action","07/15/2026","","","1","0","0","1","Y","0","0","0","0","0","0","0","0","0","0","0","0","0","1","0","0","0","0","0","0","0","0","0","0","0","0","0","0","0","0","0","0","0","0","0","0","0","0","0","0","0","0","0","0","0","0","0","0","0","0","0","0","0","0","0","0","0","0","10006457","13721085"
"D3","37","Hernando","2010","3700960","POPEYES LOUISIANA KITCHEN OPERATED BY TICE","4493 COMMERCIAL WAY","SPRING HILL","34606","3759196","1","Food","Complaint Full","Warning Issued","07/21/2026","","","14","4","3","7","N","1","0","0","0","0","0","0","0","1","0","0","4","0","1","0","1","0","0","0","0","0","1","1","0","0","0","0","0","2","0","1","0","0","0","0","1","0","0","0","0","0","0","0","0","0","0","0","0","0","0","0","0","0","0","0","0","0","0","9165641","13852505"
"D3","37","Hernando","2010","3700960","POPEYES LOUISIANA KITCHEN OPERATED BY TICE","4493 COMMERCIAL WAY","SPRING HILL","34606","3759196","2","Food","Complaint Full","Call Back - Complied","07/23/2026","","","5","0","1","4","Y","0","0","0","0","0","0","0","0","0","0","0","0","0","0","0","1","0","0","0","0","0","1","1","0","0","0","0","0","2","0","0","0","0","0","0","0","0","0","0","0","0","0","0","0","0","0","0","0","0","0","0","0","0","0","0","0","0","0","9165641","13855860"
"D3","37","Hernando","2010","3701089","BEEFOBRADYS","14387 SPRING HILL DR STE 400","SPRING HILL","34609","3732682","1","Food","Routine - Food","Inspection Completed - No Further Action","07/14/2026","","","8","0","0","8","Y","0","0","0","0","0","0","0","0","0","0","0","0","0","0","0","1","0","0","0","0","1","2","1","0","0","0","0","0","1","0","0","0","0","0","0","1","0","0","0","0","0","0","0","0","0","0","0","0","0","1","0","0","0","0","0","0","0","0","9525913","13771175"
"D3","37","Hernando","2010","3701102","BAGELS AND BEYOND","16272 SPRING HILL DR","BROOKSVILLE","34604","3729790","1","Food","Routine - Food","Inspection Completed - No Further Action","07/08/2026","","","3","1","0","2","Y","1","0","0","0","0","0","0","0","0","0","0","0","0","0","0","0","0","0","0","0","0","1","1","0","0","0","0","0","0","0","0","0","0","0","0","0","0","0","0","0","0","0","0","0","0","0","0","0","0","0","0","0","0","0","0","0","0","0","6948364","13768283"
"D3","37","Hernando","2010","3701186","TACO BELL","31001 CORTEZ BLVD","BROOKSVILLE","34602","3736196","1","Food","Routine - Food","Inspection Completed - No Further Action","07/27/2026","","","3","1","1","1","Y","0","0","0","0","0","0","0","0","0","0","0","0","0","0","0","0","0","0","0","0","0","2","0","0","0","0","0","1","0","0","0","0","0","0","0","0","0","0","0","0","0","0","0","0","0","0","0","0","0","0","0","0","0","0","0","0","0","0","6071255","13774689"
"D3","37","Hernando","2010","3701190","MCDONALD'S 36729","10319 COUNTY LINE RD","SPRING HILL","34608","3755995","1","Food","Complaint Full","Inspection Completed - No Further Action","07/10/2026","","","2","0","0","2","Y","0","0","0","0","0","0","0","0","0","0","0","0","0","0","0","0","0","0","0","0","0","0","0","0","0","0","0","0","0","0","0","0","0","0","0","2","0","0","0","0","0","0","0","0","0","0","0","0","0","0","0","0","0","0","0","0","0","0","6732790","13842189"
"D3","37","Hernando","2010","3701190","MCDONALD'S 36729","10319 COUNTY LINE RD","SPRING HILL","34608","3759182","1","Food","Complaint Full","Inspection Completed - No Further Action","07/22/2026","","","2","0","0","2","Y","0","0","0","0","0","0","0","0","0","0","0","0","1","0","0","0","0","0","0","0","0","0","1","0","0","0","0","0","0","0","0","0","0","0","0","0","0","0","0","0","0","0","0","0","0","0","0","0","0","0","0","0","0","0","0","0","0","0","6732790","13852394"
"D3","37","Hernando","2010","3701196","SAKURA ASIAN CUISINE & SUSHI","128 MARINER BLVD","SPRING HILL","34609","3750926","1","Food","Routine - Food","Inspection Completed - No Further Action","07/14/2026","","","6","1","0","5","Y","0","0","0","0","0","0","0","0","0","2","0","0","0","1","0","0","0","0","0","0","1","1","0","0","0","0","0","0","0","0","0","0","0","0","0","1","0","0","0","0","0","0","0","0","0","0","0","0","0","0","0","0","0","0","0","0","0","0","8948507","13789428"
"D3","37","Hernando","2010","3701226","TIJUANA FLATS","12320 CORTEZ BLVD","BROOKSVILLE","34613","3754183","1","Food","Routine - Food","Administrative complaint recommended","07/17/2026","","","3","1","1","1","Y","0","0","0","0","0","0","0","0","0","0","0","0","0","0","0","0","0","0","0","0","0","1","0","0","0","0","0","0","0","0","0","0","0","0","0","0","0","0","0","0","0","0","0","0","0","0","0","0","0","1","0","0","1","0","0","0","0","0","6663852","13792685"
"D3","37","Hernando","2010","3701251","JP THAI KITCHEN","2410 COMMERCIAL WAY","SPRING HILL","34606","3739755","1","Food","Routine - Food","Inspection Completed - No Further Action","07/17/2026","","","4","0","2","2","Y","0","0","0","0","0","0","0","0","0","1","0","0","0","0","0","0","0","0","0","0","0","1","0","0","0","0","0","0","0","0","1","0","0","0","1","0","0","0","0","0","0","0","0","0","0","0","0","0","0","0","0","0","0","0","0","0","0","0","9380281","13778257"
"D3","37","Hernando","2010","3701258","MOMIJI SUSHI GROUP LLC","4241 MARINER BLVD","SPRING HILL","34609","3713906","1","Food","Routine - Food","Warning Issued","07/08/2026","","","12","5","2","5","Y","2","0","0","0","0","0","0","0","0","0","0","1","0","1","0","2","0","0","0","0","0","1","1","1","0","0","0","0","0","0","1","0","0","0","1","0","0","0","0","0","0","0","0","0","0","0","0","0","0","0","1","0","0","0","0","0","0","0","9531468","13752399"
"D3","37","Hernando","2010","3701258","MOMIJI SUSHI GROUP LLC","4241 MARINER BLVD","SPRING HILL","34609","3713906","2","Food","Routine - Food","Call Back - Complied","07/10/2026","","","5","1","1","3","Y","0","0","0","0","0","0","0","0","0","0","0","0","0","1","0","1","0","0","0","0","0","0","1","1","0","0","0","0","0","0","0","0","0","0","0","0","0","0","0","0","0","0","0","0","0","0","0","0","0","0","1","0","0","0","0","0","0","0","9531468","13841683"
"D3","37","Hernando","2010","3701270","DELISH BISTRO LLC","1171 HOWELL AVE","BROOKSVILLE","34601","3759133","1","Food","Food-Licensing Inspection","Inspection Completed - No Further Action","07/22/2026","","","0","0","0","0","Y","0","0","0","0","0","0","0","0","0","0","0","0","0","0","0","0","0","0","0","0","0","0","0","0","0","0","0","0","0","0","0","0","0","0","0","0","0","0","0","0","0","0","0","0","0","0","0","0","0","0","0","0","0","0","0","0","0","0","10003129","13851821"
"D3","37","Hernando","2010","3701281","HERNANDO BEACH TROPICAL GRILLE","4139 SHOAL LINE BLVD","HERNANDO BEACH","34607","3699495","1","Food","Complaint Full","Inspection Completed - No Further Action","07/08/2026","","","1","0","0","1","Y","0","0","0","0","0","0","0","0","0","0","0","0","0","0","0","0","0","0","0","0","0","0","1","0","0","0","0","0","0","0","0","0","0","0","0","0","0","0","0","0","0","0","0","0","0","0","0","0","0","0","0","0","0","0","0","0","0","0","7856314","13709890"
"D3","37","Hernando","2010","3701293","MR HOT POT","5399 COMMERCIAL WAY","SPRING HILL","34606","3681641","2","Food","Routine - Food","Call Back - Complied","07/17/2026","","","0","0","0","0","Y","0","0","0","0","0","0","0","0","0","0","0","0","0","0","0","0","0","0","0","0","0","0","0","0","0","0","0","0","0","0","0","0","0","0","0","0","0","0","0","0","0","0","0","0","0","0","0","0","0","0","0","0","0","0","0","0","0","0","7741528","13725438"
"D3","37","Hernando","2010","3701308","PEACHY PIE'S FRESH MARKET & CAFE","17002 AYERS RD","BROOKSVILLE","34604","3711956","1","Food","Routine - Food","Inspection Completed - No Further Action","07/08/2026","","","7","1","0","6","Y","0","0","0","0","0","0","0","1","0","1","0","0","1","0","0","0","0","0","0","0","0","0","1","0","0","0","0","0","0","0","0","1","1","0","0","1","0","0","0","0","0","0","0","0","0","0","0","0","0","0","0","0","0","0","0","0","0","0","8550468","13750449"
"D3","37","Hernando","2010","3701311","CHARLEYS CHEESESTEAKS & WINGS","1147 S BROAD ST","BROOKSVILLE","34601","3724711","1","Food","Routine - Food","Warning Issued","07/23/2026","","","13","4","3","6","Y","0","0","0","0","0","0","0","2","0","0","0","3","1","1","0","1","0","0","0","0","0","0","0","0","0","0","0","0","0","0","2","0","0","0","0","1","0","0","0","0","1","0","0","0","1","0","0","0","0","0","0","0","1","0","0","0","0","0","8485185","13763204"
"D3","37","Hernando","2010","3701311","CHARLEYS CHEESESTEAKS & WINGS","1147 S BROAD ST","BROOKSVILLE","34601","3724711","2","Food","Routine - Food","Call Back - Complied","07/29/2026","","","3","0","1","2","Y","0","0","0","0","0","0","0","0","0","0","0","0","0","1","0","1","0","0","0","0","0","0","0","0","0","0","0","0","0","0","0","0","0","0","0","0","0","0","0","0","0","0","0","0","1","0","0","0","0","0","0","0","1","0","0","0","0","0","8485185","13857306"
"D3","37","Hernando","2010","3701314","CHICKEN SALAD CHICK","13659  TUNDRA DR","BROOKSVILLE","34613","3718059","1","Food","Routine - Food","Inspection Completed - No Further Action","07/17/2026","","","1","1","0","0","Y","0","0","0","0","0","0","0","0","0","0","0","0","0","0","0","0","0","0","0","0","0","0","0","0","0","0","0","0","0","0","0","0","0","0","0","0","0","0","0","0","1","0","0","0","0","0","0","0","0","0","0","0","0","0","0","0","0","0","8494960","13756552"
"D3","37","Hernando","2010","3701336","BUZZED BULL CREAMERY AND ROLL ON IN","13107 CORTEZ BLVD","BROOKSVILLE","34613","3706283","1","Food","Routine - Food","Inspection Completed - No Further Action","07/17/2026","","","0","0","0","0","Y","0","0","0","0","0","0","0","0","0","0","0","0","0","0","0","0","0","0","0","0","0","0","0","0","0","0","0","0","0","0","0","0","0","0","0","0","0","0","0","0","0","0","0","0","0","0","0","0","0","0","0","0","0","0","0","0","0","0","8717272","13744768"
"D3","37","Hernando","2010","3701339","SOFRESH","7175 COASTAL BLVD","BROOKSVILLE ","34613","3739220","1","Food","Routine - Food","Inspection Completed - No Further Action","07/17/2026","","","0","0","0","0","Y","0","0","0","0","0","0","0","0","0","0","0","0","0","0","0","0","0","0","0","0","0","0","0","0","0","0","0","0","0","0","0","0","0","0","0","0","0","0","0","0","0","0","0","0","0","0","0","0","0","0","0","0","0","0","0","0","0","0","8939763","13777722"
"D3","37","Hernando","2010","3701349","CHIPOTLE MEXICAN GRILL 4922","10377 COUNTY LINE RD","SPRING HILL","34609","3752332","1","Food","Routine - Food","Inspection Completed - No Further Action","07/10/2026","","","0","0","0","0","Y","0","0","0","0","0","0","0","0","0","0","0","0","0","0","0","0","0","0","0","0","0","0","0","0","0","0","0","0","0","0","0","0","0","0","0","0","0","0","0","0","0","0","0","0","0","0","0","0","0","0","0","0","0","0","0","0","0","0","9239715","13790834"
"D3","37","Hernando","2010","3701354","PANDA EXPRESS #5041","7165 MARINER BLVD","SPRING HILL","34609","3696915","2","Food","Complaint Partial","Call Back - Admin. complaint recommended","07/07/2026","","","2","0","1","1","Y","0","0","0","0","0","0","0","0","0","0","0","0","1","0","0","0","0","0","0","0","0","0","0","0","0","0","0","0","0","0","0","0","0","0","0","0","0","0","0","0","0","0","0","0","0","0","0","0","0","0","0","0","1","0","0","0","0","0","9462672","13686353"
"D3","37","Hernando","2010","3701354","PANDA EXPRESS #5041","7165 MARINER BLVD","SPRING HILL","34609","3755752","1","Food","Complaint Full","Administrative complaint recommended","07/08/2026","","","4","0","2","2","Y","0","0","0","0","0","0","0","0","0","0","1","0","0","0","0","1","0","0","0","0","0","0","0","0","0","0","0","0","0","0","1","0","0","0","0","0","0","0","0","0","0","0","0","0","0","0","0","0","0","0","0","0","1","0","0","0","0","0","9462672","13821073"
"D3","37","Hernando","2010","3701372","MISSION BBQ","14363 CORTEZ BLVD","BROOKSVILLE","34613","3688275","2","Food","Routine - Food","Call Back - Complied","07/15/2026","","","0","0","0","0","Y","0","0","0","0","0","0","0","0","0","0","0","0","0","0","0","0","0","0","0","0","0","0","0","0","0","0","0","0","0","0","0","0","0","0","0","0","0","0","0","0","0","0","0","0","0","0","0","0","0","0","0","0","0","0","0","0","0","0","9538757","13694304"
"D3","37","Hernando","2010","3701377","DUNKIN","17036 CORTEZ BLVD","BROOKSVILLE","34613","3688724","1","Food","Food-Licensing Inspection","Inspection Completed - No Further Action","07/09/2026","","","0","0","0","0","Y","0","0","0","0","0","0","0","0","0","0","0","0","0","0","0","0","0","0","0","0","0","0","0","0","0","0","0","0","0","0","0","0","0","0","0","0","0","0","0","0","0","0","0","0","0","0","0","0","0","0","0","0","0","0","0","0","0","0","9832963","13607504"
"D3","37","Hernando","2010","3701378","BROOKSVILLE BAGELS","330 PONCE DE LEON BLVD","BROOKSVILLE","34601","3698797","1","Food","Food-Licensing Inspection","Inspection Completed - No Further Action","07/23/2026","","","0","0","0","0","Y","0","0","0","0","0","0","0","0","0","0","0","0","0","0","0","0","0","0","0","0","0","0","0","0","0","0","0","0","0","0","0","0","0","0","0","0","0","0","0","0","0","0","0","0","0","0","0","0","0","0","0","0","0","0","0","0","0","0","9954091","13703960"
"D3","37","Hernando","2014","3750106","THE POOCH COACH LLC","4185 MARINER BLVD","SPRING HILL","34609","1340425","1","Food","Routine - Food","Warning Issued","07/09/2026","","","1","0","1","0","Y","0","0","0","0","0","0","0","0","0","0","0","0","0","0","0","0","0","0","0","0","0","0","0","0","0","0","0","0","0","0","0","0","0","0","0","0","0","0","0","0","0","0","0","0","0","0","0","0","0","0","0","0","1","0","0","0","0","0","9154106","13731968"
"D3","37","Hernando","2014","3750258","HOT BOX PIZZA TRUCK INC","14240 CORTEZ BLVD","BROOKSVILLE","34613","1337572","1","Food","Routine - Food","Inspection Completed - No Further Action","07/14/2026","","","0","0","0","0","Y","0","0","0","0","0","0","0","0","0","0","0","0","0","0","0","0","0","0","0","0","0","0","0","0","0","0","0","0","0","0","0","0","0","0","0","0","0","0","0","0","0","0","0","0","0","0","0","0","0","0","0","0","0","0","0","0","0","0","5752136","13729114"
"D3","37","Hernando","2014","3750335","BELLE PARC RV RESORT","11050 ELLIOTS WAY","BROOKSVILLE","34601","1340112","1","Food","Routine - Food","Inspection Completed - No Further Action","07/29/2026","","","0","0","0","0","Y","0","0","0","0","0","0","0","0","0","0","0","0","0","0","0","0","0","0","0","0","0","0","0","0","0","0","0","0","0","0","0","0","0","0","0","0","0","0","0","0","0","0","0","0","0","0","0","0","0","0","0","0","0","0","0","0","0","0","7571723","13731655"
"D3","37","Hernando","2014","3750347","SANDY'S SNACK SHACK","14240 CORTEZ BLVD","BROOKSVILLE","34613","1324267","2","Food","Routine - Food","Call Back - Complied","07/31/2026","","","1","0","0","1","Y","0","0","0","0","0","0","0","0","0","0","0","0","0","0","0","0","0","0","0","0","0","0","1","0","0","0","0","0","0","0","0","0","0","0","0","0","0","0","0","0","0","0","0","0","0","0","0","0","0","0","0","0","0","0","0","0","0","0","7731592","13682409"
"D3","37","Hernando","2014","3750386","SIMMONS SOUL FOOD & BBQ","12125 CORTEZ BLVD","BROOKSVILLE","34613","1342864","1","Food","Routine - Food","Inspection Completed - No Further Action","07/22/2026","","","0","0","0","0","Y","0","0","0","0","0","0","0","0","0","0","0","0","0","0","0","0","0","0","0","0","0","0","0","0","0","0","0","0","0","0","0","0","0","0","0","0","0","0","0","0","0","0","0","0","0","0","0","0","0","0","0","0","0","0","0","0","0","0","8428352","13734407"
"D3","37","Hernando","2014","3750400","PIO BORI CHICKEN","12125 CORTEZ BLVD","BROOKSVILLE","34613","1342909","1","Food","Routine - Food","Inspection Completed - No Further Action","07/22/2026","","","0","0","0","0","Y","0","0","0","0","0","0","0","0","0","0","0","0","0","0","0","0","0","0","0","0","0","0","0","0","0","0","0","0","0","0","0","0","0","0","0","0","0","0","0","0","0","0","0","0","0","0","0","0","0","0","0","0","0","0","0","0","0","0","8619474","13734452"
"D3","37","Hernando","2014","3750417","#1 CUBAN PIZZA","12500 SPRINGHILL DR","SPRING HILL","34609","1343121","1","Food","Routine - Food","Inspection Completed - No Further Action","07/09/2026","","","1","0","0","1","Y","0","0","0","0","0","0","0","0","0","0","0","0","0","0","0","0","0","0","0","0","0","0","0","0","0","0","0","0","0","0","0","0","0","0","0","0","0","0","0","0","0","0","0","0","0","0","0","0","0","1","0","0","0","0","0","0","0","0","9503837","13734664"
"D3","37","Hernando","2014","3750444","AVIATION COFFEE","12125 CORTEZ BLVD","BROOKSVILLE","34613","1343003","1","Food","Routine - Food","Inspection Completed - No Further Action","07/17/2026","","","0","0","0","0","Y","0","0","0","0","0","0","0","0","0","0","0","0","0","0","0","0","0","0","0","0","0","0","0","0","0","0","0","0","0","0","0","0","0","0","0","0","0","0","0","0","0","0","0","0","0","0","0","0","0","0","0","0","0","0","0","0","0","0","9155003","13734546"
"D3","37","Hernando","2014","3750447","TACOBISTRO","14321 SPRING HILL DR","SPRING HILL","34609","1339216","1","Food","Routine - Food","Inspection Completed - No Further Action","07/14/2026","","","1","0","1","0","Y","0","0","0","0","0","0","0","0","0","0","0","0","0","0","0","0","0","0","0","0","0","0","0","0","0","0","0","0","0","0","0","0","0","0","0","0","0","0","0","0","1","0","0","0","0","0","0","0","0","0","0","0","0","0","0","0","0","0","9223626","13730759"
"D3","37","Hernando","2014","3750458","THE REAL DEAL HECHO EN MEXICO LLC","12125 CORTEZ BLVD","BROOKSVILLE","34613","1343683","1","Food","Routine - Food","Inspection Completed - No Further Action","07/17/2026","","","1","0","0","1","Y","0","0","0","0","0","0","0","1","0","0","0","0","0","0","0","0","0","0","0","0","0","0","0","0","0","0","0","0","0","0","0","0","0","0","0","0","0","0","0","0","0","0","0","0","0","0","0","0","0","0","0","0","0","0","0","0","0","0","9298997","13735226"
"D3","37","Hernando","2014","3750489","PIZZERIA BELLAMAR","4275 MARINER BLVD","SPRING HILL","34609","1345411","1","Food","Routine - Food","Administrative complaint recommended","07/08/2026","","","2","2","0","0","Y","0","0","0","0","0","0","0","1","0","0","0","0","0","0","0","0","0","0","0","0","0","0","0","0","0","0","0","0","0","0","0","0","0","0","0","0","0","0","0","0","0","0","0","0","0","0","0","0","0","1","0","0","0","0","0","0","0","0","9818993","13736955"
"D3","37","Hernando","2014","3750500","LOLAS AREPA GRILL","12125 CORTEZ BLVD ","BROOKSVILLE","34613","1345002","1","Food","Routine - Food","Inspection Completed - No Further Action","07/22/2026","","","1","0","1","0","Y","0","1","0","0","0","0","0","0","0","0","0","0","0","0","0","0","0","0","0","0","0","0","0","0","0","0","0","0","0","0","0","0","0","0","0","0","0","0","0","0","0","0","0","0","0","0","0","0","0","0","0","0","0","0","0","0","0","0","9970901","13736546"
"D3","37","Hernando","2014","3750504","MAJOR LEAGUE HOT DOG","7335 SPRING HILL DR.","SPRING HILL","34606","1329703","1","Food","Food-Licensing Inspection","Inspection Completed - No Further Action","07/09/2026","","","2","0","1","1","Y","0","0","0","0","1","0","0","0","0","0","0","0","0","0","0","1","0","0","0","0","0","0","0","0","0","0","0","0","0","0","0","0","0","0","0","0","0","0","0","0","0","0","0","0","1","0","0","0","0","0","0","0","0","0","0","0","0","0","9691762","13537333"
"D3","37","Hernando","2014","3750505","POKE EM LLC","500 S BROAD ST","BROOKSVILLE","34601","1334241","1","Food","Food-Licensing Inspection","Inspection Completed - No Further Action","07/15/2026","","","0","0","0","0","Y","0","0","0","0","0","0","0","0","0","0","0","0","0","0","0","0","0","0","0","0","0","0","0","0","0","0","0","0","0","0","0","0","0","0","0","0","0","0","0","0","0","0","0","0","0","0","0","0","0","0","0","0","0","0","0","0","0","0","9956488","13695023"
"D3","39","Hillsborough","2010","3900002","STEAK N SHAKE","2315 S  DALE MABRY","TAMPA","33629","3704873","1","Food","Routine - Food","Inspection Completed - No Further Action","07/23/2026","","","6","0","2","4","Y","0","0","0","0","0","0","0","0","0","0","0","0","0","0","0","0","0","0","0","0","0","1","1","0","0","0","0","0","0","0","1","0","1","0","0","1","0","0","0","0","0","0","0","0","0","0","0","0","0","1","0","0","0","0","0","0","0","0","8258179","13743352"
"D3","39","Hillsborough","2010","3900135","TACO BELL #6131","2921 E BUSCH BLVD","TAMPA","33612","3716204","1","Food","Routine - Food","Inspection Completed - No Further Action","07/17/2026","","","0","0","0","0","Y","0","0","0","0","0","0","0","0","0","0","0","0","0","0","0","0","0","0","0","0","0","0","0","0","0","0","0","0","0","0","0","0","0","0","0","0","0","0","0","0","0","0","0","0","0","0","0","0","0","0","0","0","0","0","0","0","0","0","7290927","13754697"
"D3","39","Hillsborough","2010","3900188","SUNSET BAR AND GRILL AT LITTLE HARBOR","602 BAHIA DEL SOL DR","RUSKIN","33570","3756194","1","Food","Complaint Full","Administrative complaint recommended","07/15/2026","","","13","4","3","6","Y","1","0","1","0","0","0","0","0","0","1","0","0","0","1","0","0","0","0","0","0","0","1","0","0","1","0","0","0","1","0","1","0","0","0","2","1","0","0","0","0","1","0","0","0","0","0","0","0","0","0","1","0","0","0","0","0","0","0","8501115","13844861"
"D3","39","Hillsborough","2010","3900188","SUNSET BAR AND GRILL AT LITTLE HARBOR","602 BAHIA DEL SOL DR","RUSKIN","33570","3756194","2","Food","Complaint Full","Call Back - Complied","07/21/2026","","","5","0","1","4","Y","0","0","0","0","0","0","0","0","0","0","0","0","0","1","0","0","0","0","0","0","0","1","0","0","0","0","0","0","1","0","0","0","0","0","0","1","0","0","0","0","0","0","0","0","0","0","0","0","0","0","1","0","0","0","0","0","0","0","8501115","13848514"
"D3","39","Hillsborough","2010","3900369","ZAGORA CAFE","3000 E BUSCH BLVD","TAMPA","33612","3756135","1","Food","Complaint Full","Emergency order recommended","07/16/2026","","","5","1","2","2","Y","0","0","0","0","0","0","0","0","0","0","0","0","0","1","0","0","0","0","0","0","0","1","0","0","0","0","0","0","0","0","1","0","0","0","1","1","0","0","0","0","0","0","0","0","0","0","0","0","0","0","0","0","0","0","0","0","0","0","2183425","13844145"
"D3","39","Hillsborough","2010","3900369","ZAGORA CAFE","3000 E BUSCH BLVD","TAMPA","33612","3756135","2","Food","Complaint Full","Emergency Order Callback Not Complied","07/16/2026","","","2","1","0","1","Y","0","0","0","0","0","0","0","0","0","0","0","0","0","0","0","0","0","0","0","0","0","0","0","0","0","0","0","0","0","0","0","0","0","0","1","1","0","0","0","0","0","0","0","0","0","0","0","0","0","0","0","0","0","0","0","0","0","0","2183425","13849801"
"D3","39","Hillsborough","2010","3900369","ZAGORA CAFE","3000 E BUSCH BLVD","TAMPA","33612","3756135","3","Food","Complaint Full","Emergency Order Callback Not Complied","07/17/2026","","","2","1","0","1","Y","0","0","0","0","0","0","0","0","0","0","0","0","0","0","0","0","0","0","0","0","0","0","0","0","0","0","0","0","0","0","0","0","0","0","1","1","0","0","0","0","0","0","0","0","0","0","0","0","0","0","0","0","0","0","0","0","0","0","2183425","13849945"
"D3","39","Hillsborough","2010","3900369","ZAGORA CAFE","3000 E BUSCH BLVD","TAMPA","33612","3756135","4","Food","Complaint Full","Emergency Order Callback Complied","07/17/2026","","","1","0","0","1","Y","0","0","0","0","0","0","0","0","0","0","0","0","0","0","0","0","0","0","0","0","0","0","0","0","0","0","0","0","0","0","0","0","0","0","0","1","0","0","0","0","0","0","0","0","0","0","0","0","0","0","0","0","0","0","0","0","0","0","2183425","13850967"
"D3","39","Hillsborough","2010","3900411","UNITED SKATES OF AMERICA","5121 N ARMENIA AVE","TAMPA","336031405","3740361","1","Food","Routine - Food","Inspection Completed - No Further Action","07/09/2026","","","3","0","1","2","Y","0","0","0","0","0","0","0","1","0","0","0","0","0","0","0","0","0","0","0","0","0","2","0","0","0","0","0","0","0","0","0","0","0","0","0","0","0","0","0","0","0","0","0","0","0","0","0","0","0","0","0","0","0","0","0","0","0","0","2183444","13778863"
"D3","39","Hillsborough","2010","3900482","MCDONALD'S","920 E FOWLER AVE","TAMPA","33612","3711745","1","Food","Routine - Food","Inspection Completed - No Further Action","07/30/2026","","","3","0","0","3","Y","0","0","0","0","0","0","0","0","0","0","0","1","0","1","0","0","0","0","0","0","0","0","0","0","0","0","0","0","1","0","0","0","0","0","0","0","0","0","0","0","0","0","0","0","0","0","0","0","0","0","0","0","0","0","0","0","0","0","8618934","13750238"
"D3","39","Hillsborough","2010","3900632","NY NY PIZZA","1512 E 7 AVE","TAMPA","33605","3756236","1","Food","Complaint Full","Emergency order recommended","07/16/2026","","","9","4","1","4","Y","0","0","1","0","0","0","0","0","0","0","0","1","1","0","0","0","0","0","0","0","0","1","0","0","0","0","0","0","0","0","0","0","0","0","2","1","0","0","0","1","1","0","0","0","0","0","0","0","0","0","0","0","0","0","0","0","0","0","5342261","13845326"
"D3","39","Hillsborough","2010","3900632","NY NY PIZZA","1512 E 7 AVE","TAMPA","33605","3756236","2","Food","Complaint Full","Emergency Order Callback Not Complied","07/17/2026","","","4","2","0","2","Y","0","0","0","0","0","0","0","0","0","0","0","0","1","0","0","0","0","0","0","0","0","0","0","0","0","0","0","0","0","0","0","0","0","0","2","1","0","0","0","0","0","0","0","0","0","0","0","0","0","0","0","0","0","0","0","0","0","0","5342261","13849976"
"D3","39","Hillsborough","2010","3900632","NY NY PIZZA","1512 E 7 AVE","TAMPA","33605","3756236","3","Food","Complaint Full","Emergency Order Callback Complied","07/17/2026","","","0","0","0","0","Y","0","0","0","0","0","0","0","0","0","0","0","0","0","0","0","0","0","0","0","0","0","0","0","0","0","0","0","0","0","0","0","0","0","0","0","0","0","0","0","0","0","0","0","0","0","0","0","0","0","0","0","0","0","0","0","0","0","0","5342261","13850971"
"D3","39","Hillsborough","2010","3900689","CHANKO","4603 N FLORIDA AVE","TAMPA","33603","3722602","1","Food","Routine - Food","Inspection Completed - No Further Action","07/29/2026","","","2","1","1","0","Y","0","0","1","0","0","0","0","0","0","0","0","0","0","0","0","0","0","0","0","0","0","0","0","0","0","0","0","0","0","0","1","0","0","0","0","0","0","0","0","0","0","0","0","0","0","0","0","0","0","0","0","0","0","0","0","0","0","0","7123230","13761095"
"D3","39","Hillsborough","2010","3900885","WAFFLE HOUSE# 96","922 E FOWLER AVE","TAMPA","33612","3740712","1","Food","Routine - Food","Inspection Completed - No Further Action","07/29/2026","","","1","0","0","1","Y","0","0","0","0","0","0","0","0","0","0","0","0","0","1","0","0","0","0","0","0","0","0","0","0","0","0","0","0","0","0","0","0","0","0","0","0","0","0","0","0","0","0","0","0","0","0","0","0","0","0","0","0","0","0","0","0","0","0","3979048","13779214"
"D3","39","Hillsborough","2010","3900941","VILLAGE INN PANCAKE HOUSE","215 N DALE MABRY","TAMPA","336091236","3708018","1","Food","Routine - Food","Inspection Completed - No Further Action","07/27/2026","","","4","0","1","3","Y","0","0","0","0","0","0","0","0","0","1","0","0","0","0","0","0","0","0","0","0","0","1","1","0","0","0","0","0","0","0","0","0","0","0","0","1","0","0","0","0","0","0","0","0","0","0","0","0","0","0","0","0","0","0","0","0","0","0","2183614","13746509"
"D3","39","Hillsborough","2010","3900962","INTERNATIONAL HOUSE OF PANCAKES -36014","802 S DALE MABRY","TAMPA","33609","3743166","1","Food","Routine - Food","Inspection Completed - No Further Action","07/20/2026","","","1","0","0","1","Y","0","0","0","0","0","0","0","0","0","0","0","0","0","0","0","0","0","0","0","0","0","0","0","0","0","0","0","0","0","0","0","0","0","0","0","0","0","0","0","1","0","0","0","0","0","0","0","0","0","0","0","0","0","0","0","0","0","0","3654860","13781668"
"D3","39","Hillsborough","2010","3900978","PIN CHASERS MIDTOWN","4847 N ARMENIA AVE","TAMPA","336031497","3724384","1","Food","Routine - Food","Inspection Completed - No Further Action","07/27/2026","","","16","2","3","11","Y","0","0","1","0","0","0","0","1","0","1","0","0","0","1","0","1","0","0","0","0","0","3","1","2","2","0","0","0","0","0","2","0","0","0","0","0","0","0","0","0","0","1","0","0","0","0","0","0","0","0","0","0","0","0","0","0","0","0","2183627","13762877"
"D3","39","Hillsborough","2010","3901041","KFC","3509 E BUSCH BLVD","TAMPA","33612","3708599","1","Food","Routine - Food","Inspection Completed - No Further Action","07/30/2026","","","3","1","0","2","Y","0","0","0","0","0","0","0","0","0","0","0","0","0","1","0","0","0","0","0","0","0","0","0","0","0","0","0","0","1","0","0","0","0","0","0","1","0","0","0","0","0","0","0","0","0","0","0","0","0","0","0","0","0","0","0","0","0","0","4383799","13747092"
"D3","39","Hillsborough","2010","3901081","FAT WILLIE'S FISH CAMP","1912 MAIN ST","VALRICO","335946716","3688949","2","Food","Routine - Food","Call Back - Complied","07/08/2026","","","1","0","1","0","Y","0","0","0","0","0","0","0","0","0","0","0","0","0","0","0","0","0","0","0","0","0","0","0","0","0","0","0","0","0","0","0","0","0","0","0","0","0","0","0","0","0","0","0","0","0","0","0","0","0","0","0","0","1","0","0","0","0","0","2183668","13694903"
"D3","39","Hillsborough","2010","3902366","MCDONALD'S","4818 S MANHATTAN AVE","TAMPA","33611","3755982","1","Food","Complaint Full","Inspection Completed - No Further Action","07/14/2026","","","3","0","0","3","Y","0","0","0","0","0","0","0","0","0","0","0","0","0","0","0","0","0","0","0","0","0","0","1","0","1","0","0","0","0","0","0","0","0","0","0","0","0","0","0","0","0","1","0","0","0","0","0","0","0","0","0","0","0","0","0","0","0","0","8618945","13842078"
"D3","39","Hillsborough","2010","3902508","SHEIKRA SWEETS","3000 E BUSCH BLVD","TAMPA","336128734","3703588","1","Food","Routine - Food","Inspection Completed - No Further Action","07/16/2026","","","1","0","1","0","Y","0","0","0","0","0","0","0","0","0","0","0","0","0","0","0","0","0","0","0","0","0","0","0","0","0","0","0","0","0","0","1","0","0","0","0","0","0","0","0","0","0","0","0","0","0","0","0","0","0","0","0","0","0","0","0","0","0","0","2183918","13742063"
"D3","39","Hillsborough","2010","3902708","STEAK N SHAKE","1450 E. FOWLER AVE","TAMPA","33612","3720155","1","Food","Routine - Food","Inspection Completed - No Further Action","07/28/2026","","","6","3","0","3","Y","0","0","1","0","0","0","0","0","0","0","0","0","0","1","0","0","0","0","0","0","1","1","0","0","0","0","0","0","1","0","0","0","0","0","1","0","0","0","0","0","0","0","0","0","0","0","0","0","0","0","0","0","0","0","0","0","0","0","9818329","13758648"
"D3","39","Hillsborough","2010","3902836","PRESS BOX SPORTS EMPORIUM INC","222 S DALE MABRY","TAMPA","336092817","3701620","1","Food","Routine - Food","Warning Issued","07/20/2026","","","5","1","1","3","Y","0","0","0","0","0","0","0","1","0","0","0","1","0","1","0","0","0","0","0","0","0","2","0","0","0","0","0","0","0","0","0","0","0","0","0","0","0","0","0","0","0","0","0","0","0","0","0","0","0","0","0","0","0","0","0","0","0","0","2184006","13740095"
"D3","39","Hillsborough","2010","3902836","PRESS BOX SPORTS EMPORIUM INC","222 S DALE MABRY","TAMPA","336092817","3701620","2","Food","Routine - Food","Call Back - Complied","07/28/2026","","","1","0","1","0","Y","0","0","0","0","0","0","0","0","0","0","0","0","0","0","0","0","0","0","0","0","0","1","0","0","0","0","0","0","0","0","0","0","0","0","0","0","0","0","0","0","0","0","0","0","0","0","0","0","0","0","0","0","0","0","0","0","0","0","2184006","13852670"
"D3","39","Hillsborough","2010","3902876","VILLAGE INN PANCAKE HOUSE","11302 N 30 ST","TAMPA","336126493","3716360","1","Food","Routine - Food","Inspection Completed - No Further Action","07/22/2026","","","9","1","1","7","Y","0","1","0","0","0","0","0","1","0","0","0","1","0","2","0","0","0","0","0","0","1","2","1","0","0","0","0","0","0","0","0","0","0","0","0","0","0","0","0","0","0","0","0","0","0","0","0","0","0","0","0","0","0","0","0","0","0","0","2184018","13754853"
"D3","39","Hillsborough","2010","3902935","SPRINGS TAPROOM","3000 E BUSCH BLVD","TAMPA","33612","3718132","1","Food","Routine - Food","Inspection Completed - No Further Action","07/16/2026","","","1","0","0","1","Y","0","0","0","0","0","0","0","0","0","0","0","0","0","1","0","0","0","0","0","0","0","0","0","0","0","0","0","0","0","0","0","0","0","0","0","0","0","0","0","0","0","0","0","0","0","0","0","0","0","0","0","0","0","0","0","0","0","0","2184033","13756625"
"D3","39","Hillsborough","2010","3903506","ZAMBIA SMOKEHOUSE","3000 E BUSCH BLVD","TAMPA","336128734","3716171","1","Food","Routine - Food","Warning Issued","07/16/2026","","","7","3","1","3","Y","1","0","1","0","0","0","0","1","0","0","0","0","0","0","0","0","0","0","0","0","0","2","0","0","0","0","0","0","0","0","0","0","0","0","1","1","0","0","0","0","0","0","0","0","0","0","0","0","0","0","0","0","0","0","0","0","0","0","2184078","13754664"
"D3","39","Hillsborough","2010","3903506","ZAMBIA SMOKEHOUSE","3000 E BUSCH BLVD","TAMPA","336128734","3716171","2","Food","Routine - Food","Call Back - Complied","07/21/2026","","","0","0","0","0","Y","0","0","0","0","0","0","0","0","0","0","0","0","0","0","0","0","0","0","0","0","0","0","0","0","0","0","0","0","0","0","0","0","0","0","0","0","0","0","0","0","0","0","0","0","0","0","0","0","0","0","0","0","0","0","0","0","0","0","2184078","13849910"
"D3","39","Hillsborough","2010","3903512","HOOTERS","4215 W HILLSBOROUGH AVE","TAMPA","336145546","3701618","1","Food","Routine - Food","Warning Issued","07/22/2026","","","14","4","0","10","Y","1","0","1","0","0","0","0","1","0","0","0","1","0","1","0","1","0","0","0","0","0","1","0","1","0","0","0","0","3","0","1","0","1","0","0","1","0","0","0","0","0","0","0","0","0","0","0","0","0","0","0","0","0","0","0","0","0","0","2184081","13740093"
"D3","39","Hillsborough","2010","3903512","HOOTERS","4215 W HILLSBOROUGH AVE","TAMPA","336145546","3701618","2","Food","Routine - Food","Call Back - Complied","07/30/2026","","","0","0","0","0","Y","0","0","0","0","0","0","0","0","0","0","0","0","0","0","0","0","0","0","0","0","0","0","0","0","0","0","0","0","0","0","0","0","0","0","0","0","0","0","0","0","0","0","0","0","0","0","0","0","0","0","0","0","0","0","0","0","0","0","2184081","13855943"
"D3","39","Hillsborough","2010","3903662","DENNY'S","1700 E FOWLER AVE","TAMPA","33612","3735982","1","Food","Routine - Food","Inspection Completed - No Further Action","07/28/2026","","","4","0","0","4","Y","0","0","0","0","0","0","0","0","0","0","0","1","0","1","0","0","0","0","0","0","0","0","1","0","0","0","0","0","0","0","0","0","0","0","0","1","0","0","0","0","0","0","0","0","0","0","0","0","0","0","0","0","0","0","0","0","0","0","6444360","13774475"
"D3","39","Hillsborough","2010","3903690","CHICK-FIL-A","3000 E BUSCH BLVD","TAMPA","33612","3730387","1","Food","Routine - Food","Inspection Completed - No Further Action","07/16/2026","","","1","0","1","0","Y","0","0","0","0","0","0","0","0","0","0","0","0","0","0","0","0","0","0","0","0","0","0","0","0","0","0","1","0","0","0","0","0","0","0","0","0","0","0","0","0","0","0","0","0","0","0","0","0","0","0","0","0","0","0","0","0","0","0","2184103","13768880"
"D3","39","Hillsborough","2010","3903739","MR AND MRS CRAB","4426 W GANDY BLVD","TAMPA","33611","3748793","1","Food","Routine - Food","Inspection Completed - No Further Action","07/15/2026","","","2","0","2","0","Y","0","0","0","0","0","0","0","0","0","0","0","0","0","0","0","0","0","0","0","0","0","1","0","0","0","0","0","0","0","0","0","0","0","0","0","0","0","0","0","0","1","0","0","0","0","0","0","0","0","0","0","0","0","0","0","0","0","0","7422477","13787295"
"D3","39","Hillsborough","2010","3903771","BURGER KING #16605","4403 W GANDY BLVD","TAMPA","33611","3702303","1","Food","Routine - Food","Inspection Completed - No Further Action","07/16/2026","","","1","0","0","1","Y","0","0","0","0","0","0","0","0","0","0","0","0","0","1","0","0","0","0","0","0","0","0","0","0","0","0","0","0","0","0","0","0","0","0","0","0","0","0","0","0","0","0","0","0","0","0","0","0","0","0","0","0","0","0","0","0","0","0","5423863","13740778"
"D3","39","Hillsborough","2010","3903795","WENDY'S 202","8330 N FLORIDA AVE","TAMPA","33604","3745078","1","Food","Routine - Food","Inspection Completed - No Further Action","07/09/2026","","","5","1","0","4","Y","0","0","0","0","0","0","0","0","0","0","0","0","1","0","0","0","0","0","0","0","0","0","1","0","0","0","0","0","0","0","0","1","1","0","1","0","0","0","0","0","0","0","0","0","0","0","0","0","0","0","0","0","0","0","0","0","0","0","9239201","13783580"
"D3","39","Hillsborough","2010","3903839","DRAGON EXPRESS","2101 E FLETCHER AVE","TAMPA","336123725","3758775","1","Food","Complaint Full","Inspection Completed - No Further Action","07/22/2026","","","8","0","1","7","Y","0","1","0","0","0","0","0","1","0","1","0","0","0","1","0","0","0","0","0","0","0","1","1","0","0","0","0","0","0","0","0","0","0","0","1","1","0","0","0","0","0","0","0","0","0","0","0","0","0","0","0","0","0","0","0","0","0","0","2184124","13851005"
"D3","39","Hillsborough","2010","3903942","SKATEWORLD","7510 PAULA DR","TAMPA","33615","3756260","1","Food","Complaint Full","Administrative complaint recommended","07/20/2026","","","17","1","5","11","Y","0","0","1","0","0","0","0","1","0","0","0","0","0","0","0","0","0","0","0","0","0","1","0","0","1","0","0","0","0","0","1","0","0","0","0","5","0","0","0","0","1","0","0","0","0","0","0","0","0","1","1","0","4","0","0","0","0","0","6187046","13845862"
"D3","39","Hillsborough","2010","3904274","WENDY'S PROPERTIES LLC","4314 GANDY BLVD","TAMPA","33611","3723193","1","Food","Routine - Food","Inspection Completed - No Further Action","07/14/2026","","","1","0","0","1","Y","0","0","0","0","0","0","0","0","0","0","0","0","0","0","0","0","0","0","0","0","0","0","0","0","0","0","0","0","0","0","0","0","1","0","0","0","0","0","0","0","0","0","0","0","0","0","0","0","0","0","0","0","0","0","0","0","0","0","6388366","13761686"
"D3","39","Hillsborough","2010","3904339","3 COINS DINER","7410 N NEBRASKA AVE","TAMPA","33604","3701466","1","Food","Complaint Full","Inspection Completed - No Further Action","07/15/2026","","","11","4","0","7","Y","1","0","2","0","0","1","0","2","0","0","0","0","0","2","0","0","0","0","0","0","1","1","0","0","0","0","0","0","0","0","0","0","0","0","0","0","0","0","0","0","1","0","0","0","0","0","0","0","0","0","0","0","0","0","0","0","0","0","9954961","13725704"
"D3","39","Hillsborough","2010","3904430","SURFSIDE CAFE ADVENTURE ISLAND","10001 N MCKINLEY DR","TAMPA","33612","3703589","1","Food","Routine - Food","Inspection Completed - No Further Action","07/16/2026","","","7","2","1","4","Y","0","0","0","0","0","0","0","0","0","0","0","1","1","0","0","0","0","0","0","0","0","2","0","0","2","0","0","0","0","0","0","0","0","0","1","0","0","0","0","0","0","0","0","0","0","0","0","0","0","0","0","0","0","0","0","0","0","0","2184234","13742064"
"D3","39","Hillsborough","2010","3904476","CHURCH'S TEXAS CHICKEN","7502 W WATERS AVE","TAMPA","33615","3734372","1","Food","Routine - Food","Inspection Completed - No Further Action","07/31/2026","","","2","0","1","1","Y","0","0","0","0","0","0","0","1","0","0","0","0","0","0","0","0","0","0","0","0","0","0","0","0","0","0","0","0","0","0","0","0","0","0","0","0","0","0","0","0","0","0","0","0","0","0","0","0","0","0","0","0","1","0","0","0","0","0","4129076","13772865"
"D3","39","Hillsborough","2010","3904717","BARROW'S","3660 HENDERSON BLVD","TAMPA","33609","3710345","1","Food","Routine - Food","Inspection Completed - No Further Action","07/01/2026","","","1","0","0","1","Y","0","0","0","0","0","0","0","0","0","0","0","0","0","0","0","0","0","0","0","0","0","0","0","0","0","0","0","0","0","0","0","0","0","0","0","0","0","0","0","0","0","0","0","0","0","0","0","0","0","0","1","0","0","0","0","0","0","0","7278168","13748838"
"D3","39","Hillsborough","2010","3904809","POPEYES CHICKEN & BISCUITS #97","2337 W GREEN ST","TAMPA","336073417","3740365","1","Food","Routine - Food","Inspection Completed - No Further Action","07/30/2026","","","7","2","2","3","Y","0","0","0","0","0","0","0","0","0","0","0","0","0","0","0","1","0","0","0","0","0","1","1","0","0","0","0","0","0","0","0","0","0","0","1","0","0","0","0","0","1","0","0","0","0","0","0","0","0","1","0","0","1","0","0","0","0","0","2184303","13778867"
"D3","39","Hillsborough","2010","3904967","AJAA EXTRA LOVE RESTAURANT","7315 E BROADWAY AVE","TAMPA","33619","3756071","1","Food","Food-Licensing Inspection","Warning Issued","07/14/2026","","","6","2","2","2","Y","0","0","0","0","0","0","0","0","0","0","0","0","0","0","0","0","0","0","0","0","0","1","0","0","0","0","0","0","1","0","0","0","0","0","2","0","0","0","0","0","0","0","0","0","0","0","0","0","0","1","1","0","0","0","0","0","0","0","9829399","13843236"
"D3","39","Hillsborough","2010","3904967","AJAA EXTRA LOVE RESTAURANT","7315 E BROADWAY AVE","TAMPA","33619","3756071","2","Food","Food-Licensing Inspection","Call Back - Extension given, pending","07/16/2026","","","2","1","1","0","Y","0","0","0","0","0","0","0","0","0","0","0","0","0","0","0","0","0","0","0","0","0","0","0","0","0","0","0","0","0","0","0","0","0","0","0","0","0","0","0","0","0","0","0","0","0","0","0","0","0","1","1","0","0","0","0","0","0","0","9829399","13845005"
"D3","39","Hillsborough","2010","3905186","REZIERO'S NY PIZZA","5023 BAYSHORE BLVD","TAMPA","33611","3754597","1","Food","Routine - Food","Inspection Completed - No Further Action","07/09/2026","","","1","1","0","0","Y","0","0","0","0","0","0","0","0","0","0","0","0","0","0","0","0","0","0","0","0","0","0","0","0","0","0","0","0","0","0","0","0","0","0","0","0","0","0","0","0","0","0","0","0","0","0","0","0","0","1","0","0","0","0","0","0","0","0","8868942","13793099"
"D3","39","Hillsborough","2010","3905328","LITTLE CAESARS 644","6932 N ARMENIA AVE","TAMPA","33604","3739060","1","Food","Routine - Food","Inspection Completed - No Further Action","07/22/2026","","","3","0","1","2","Y","0","0","0","0","0","0","0","0","0","0","0","2","1","0","0","0","0","0","0","0","0","0","0","0","0","0","0","0","0","0","0","0","0","0","0","0","0","0","0","0","0","0","0","0","0","0","0","0","0","0","0","0","0","0","0","0","0","0","6080603","13777561"
"D3","39","Hillsborough","2010","3905367","CAFFEINE","2420 W KENNEDY BLVD","TAMPA","33609","3741718","1","Food","Routine - Food","Inspection Completed - No Further Action","07/15/2026","","","2","0","1","1","Y","0","0","0","0","0","0","0","0","0","1","0","0","0","0","0","0","0","0","0","0","0","1","0","0","0","0","0","0","0","0","0","0","0","0","0","0","0","0","0","0","0","0","0","0","0","0","0","0","0","0","0","0","0","0","0","0","0","0","6676547","13780220"
"D3","39","Hillsborough","2010","3905373","PIN CHASERS BRANDON","1001 OAKFIELD DRIVE","BRANDON","33511","3732922","1","Food","Routine - Food","Warning Issued","07/21/2026","","","2","0","1","1","Y","0","0","0","0","0","0","0","1","0","0","0","0","0","0","0","0","0","0","0","0","0","1","0","0","0","0","0","0","0","0","0","0","0","0","0","0","0","0","0","0","0","0","0","0","0","0","0","0","0","0","0","0","0","0","0","0","0","0","9071831","13771415"
"D3","39","Hillsborough","2010","3905373","PIN CHASERS BRANDON","1001 OAKFIELD DRIVE","BRANDON","33511","3732922","2","Food","Routine - Food","Call Back - Complied","07/24/2026","","","0","0","0","0","Y","0","0","0","0","0","0","0","0","0","0","0","0","0","0","0","0","0","0","0","0","0","0","0","0","0","0","0","0","0","0","0","0","0","0","0","0","0","0","0","0","0","0","0","0","0","0","0","0","0","0","0","0","0","0","0","0","0","0","9071831","13853471"
"D3","39","Hillsborough","2010","3905412","CAFE LUNA CONCOURSE","3505 E FRONTAGE RD 138","TAMPA","33607","3724282","1","Food","Routine - Food","Inspection Completed - No Further Action","07/20/2026","","","8","1","4","3","Y","0","1","0","0","0","0","0","1","0","0","0","1","0","0","0","1","0","0","0","0","0","2","0","0","0","0","0","0","0","0","1","0","0","0","0","0","0","0","0","0","0","1","0","0","0","0","0","0","0","0","0","0","0","0","0","0","0","0","8331146","13762775"
"D3","39","Hillsborough","2010","3905480","CHILIS #123","13050 N DALE MABRY","TAMPA","336182808","3720840","1","Food","Routine - Food","Inspection Completed - No Further Action","07/17/2026","","","2","1","0","1","Y","0","0","0","0","0","0","0","1","0","0","0","0","0","0","0","0","0","0","0","0","0","0","0","0","0","0","0","0","0","0","0","0","0","0","0","0","0","0","0","0","1","0","0","0","0","0","0","0","0","0","0","0","0","0","0","0","0","0","2184436","13759333"
"D3","39","Hillsborough","2010","3905579","COLOSSAL SNACKS","10001 N MCKINLEY DR","TAMPA","33612","3717375","1","Food","Routine - Food","Inspection Completed - No Further Action","07/16/2026","","","4","0","1","3","Y","0","0","0","0","0","0","0","0","0","0","0","0","0","1","0","0","0","0","0","0","0","1","0","0","0","0","0","0","0","0","0","0","0","0","0","1","0","0","0","0","0","0","0","0","0","0","0","0","0","0","1","0","0","0","0","0","0","0","2184458","13755868"
"D3","39","Hillsborough","2010","3905579","COLOSSAL SNACKS","10001 N MCKINLEY DR","TAMPA","33612","3756127","1","Food","Complaint Full","Inspection Completed - No Further Action","07/22/2026","","","0","0","0","0","Y","0","0","0","0","0","0","0","0","0","0","0","0","0","0","0","0","0","0","0","0","0","0","0","0","0","0","0","0","0","0","0","0","0","0","0","0","0","0","0","0","0","0","0","0","0","0","0","0","0","0","0","0","0","0","0","0","0","0","2184458","13844119"
"D3","39","Hillsborough","2010","3905620","CHILI'S #125","1949 W BRANDON BLVD","BRANDON","335114813","3740364","1","Food","Routine - Food","Inspection Completed - No Further Action","07/10/2026","","","3","0","0","3","Y","0","0","0","0","0","0","0","0","0","0","0","0","0","0","0","0","0","0","0","0","1","0","1","1","0","0","0","0","0","0","0","0","0","0","0","0","0","0","0","0","0","0","0","0","0","0","0","0","0","0","0","0","0","0","0","0","0","0","2184473","13778866"
"D3","39","Hillsborough","2010","3905647","CHILIS #126","2794 E FOWLER AVE","TAMPA","336126297","3720839","1","Food","Routine - Food","Inspection Completed - No Further Action","07/15/2026","","","3","0","0","3","Y","0","0","0","0","0","0","0","0","0","0","0","0","0","0","0","0","0","0","0","0","1","1","0","0","0","0","0","0","1","0","0","0","0","0","0","0","0","0","0","0","0","0","0","0","0","0","0","0","0","0","0","0","0","0","0","0","0","0","2184480","13759332"
"D3","39","Hillsborough","2010","3905719","PHO QUYEN CUISINE","2740 E FOWLER AVE","TAMPA","33612","3756026","1","Food","Complaint Full","Inspection Completed - No Further Action","07/15/2026","","","24","1","5","18","Y","0","1","1","0","0","0","0","1","0","1","0","1","0","3","0","1","0","0","0","0","1","2","0","0","0","0","0","0","1","0","2","0","0","0","1","6","0","0","0","1","0","0","0","0","0","0","0","0","0","0","0","0","1","0","0","0","0","0","3376809","13842306"
"D3","39","Hillsborough","2010","3905806","MCDONALDS 7749","2001 J L REDMAN PKWY","PLANT CITY","33563","3734164","1","Food","Routine - Food","Inspection Completed - No Further Action","07/22/2026","","","6","0","1","5","Y","0","0","0","0","0","0","0","2","0","0","0","0","0","1","0","0","0","0","0","0","0","0","1","0","0","0","0","0","1","0","0","0","0","0","0","0","0","0","0","0","0","0","0","0","0","0","0","0","0","0","0","0","1","0","0","0","0","0","2184524","13772657"
"D3","39","Hillsborough","2010","3905881","WESTIN TAMPA WATERSODE","725 S HARBOUR ISLAND BLVD","TAMPA","33602","3707258","1","Food","Routine - Food","Inspection Completed - No Further Action","07/30/2026","","","1","0","1","0","Y","0","0","0","0","0","0","0","0","0","0","0","0","0","0","0","0","0","0","0","0","0","0","0","0","0","0","0","0","0","0","1","0","0","0","0","0","0","0","0","0","0","0","0","0","0","0","0","0","0","0","0","0","0","0","0","0","0","0","9637729","13745747"
"D3","39","Hillsborough","2010","3905946","MANDY'S RESTAURANT","4025 W WATERS AVE STE 101","TAMPA","33614","3727719","1","Food","Routine - Food","Administrative complaint recommended","07/30/2026","","","7","2","1","4","Y","1","0","1","0","0","0","0","0","0","0","0","0","0","2","0","0","0","0","0","0","1","0","0","0","1","0","0","0","0","0","1","0","0","0","0","0","0","0","0","0","0","0","0","0","0","0","0","0","0","0","0","0","0","0","0","0","0","0","3495148","13766212"
"D3","39","Hillsborough","2010","3905946","MANDY'S RESTAURANT","4025 W WATERS AVE STE 101","TAMPA","33614","3727719","2","Food","Routine - Food","Call Back - Extension given, pending","07/31/2026","","","4","1","1","2","Y","0","0","1","0","0","0","0","0","0","0","0","0","0","2","0","0","0","0","0","0","0","0","0","0","0","0","0","0","0","0","1","0","0","0","0","0","0","0","0","0","0","0","0","0","0","0","0","0","0","0","0","0","0","0","0","0","0","0","3495148","13865386"
"D3","39","Hillsborough","2010","3905956","VICTORIA'S RESTAURANT","5130 S DALE MABRY","TAMPA","33611","3744813","1","Food","Routine - Food","Inspection Completed - No Further Action","07/01/2026","","","0","0","0","0","Y","0","0","0","0","0","0","0","0","0","0","0","0","0","0","0","0","0","0","0","0","0","0","0","0","0","0","0","0","0","0","0","0","0","0","0","0","0","0","0","0","0","0","0","0","0","0","0","0","0","0","0","0","0","0","0","0","0","0","9118856","13783315"
"D3","39","Hillsborough","2010","3906183","HUNGRY HOWIE'S 127","3216  S DALE MABRY HWY","TAMPA","33629","3724975","1","Food","Routine - Food","Inspection Completed - No Further Action","07/10/2026","","","5","0","0","5","Y","0","0","0","0","0","0","0","0","0","1","0","1","0","0","0","0","0","0","0","0","0","0","0","0","0","0","0","0","0","0","0","0","2","0","0","0","0","0","0","0","0","0","0","0","0","0","0","0","0","1","0","0","0","0","0","0","0","0","8799592","13763468"
"D3","39","Hillsborough","2010","3906195","PAPIS CAFE","2203 N. LOIS AVE G100","TAMPA","33607","3736851","1","Food","Routine - Food","Inspection Completed - No Further Action","07/16/2026","","","2","1","1","0","Y","0","0","0","0","0","0","0","1","0","0","0","0","0","0","0","0","0","0","0","0","0","1","0","0","0","0","0","0","0","0","0","0","0","0","0","0","0","0","0","0","0","0","0","0","0","0","0","0","0","0","0","0","0","0","0","0","0","0","8107005","13775344"
"D3","39","Hillsborough","2010","3906200","NOSH EXPRESS","1715 N WEST SHORE BLVD STE 140","TAMPA","33607","3754962","1","Food","Routine - Food","Administrative complaint recommended","07/14/2026","","","16","4","4","8","Y","0","0","1","0","1","1","0","1","0","0","1","3","1","1","0","0","0","0","0","0","1","0","0","0","0","0","0","0","0","0","0","0","0","0","0","1","0","0","0","1","0","0","0","0","0","0","0","0","0","1","0","0","2","0","0","0","0","0","9619033","13793464"
"D3","39","Hillsborough","2010","3906200","NOSH EXPRESS","1715 N WEST SHORE BLVD STE 140","TAMPA","33607","3754962","2","Food","Routine - Food","Call Back - Admin. complaint recommended","07/16/2026","","","8","1","4","3","Y","0","0","0","0","1","0","0","1","0","0","1","0","0","1","0","0","0","0","0","0","0","0","0","0","0","0","0","0","0","0","0","0","0","0","0","1","0","0","0","0","0","0","0","0","0","0","0","0","0","1","0","0","2","0","0","0","0","0","9619033","13844938"
"D3","39","Hillsborough","2010","3906354","THE OLIVE GARDEN ITALIAN RESTAURANT","2801 E BUSCH BLVD","TAMPA","33612","3735082","1","Food","Routine - Food","Inspection Completed - No Further Action","07/23/2026","","","4","1","1","2","Y","0","0","0","0","0","0","0","0","0","1","0","0","0","1","0","0","0","0","0","0","0","1","0","0","0","0","0","0","0","0","0","0","0","0","1","0","0","0","0","0","0","0","0","0","0","0","0","0","0","0","0","0","0","0","0","0","0","0","3885494","13773575"
"D3","39","Hillsborough","2010","3906358","WENDY'S 1325","13712 BRUCE B DOWNS BLVD","TAMPA","33613","3725615","1","Food","Routine - Food","Inspection Completed - No Further Action","07/07/2026","","","1","0","0","1","Y","0","0","0","0","0","0","0","0","0","0","0","0","0","0","0","0","0","0","0","0","0","1","0","0","0","0","0","0","0","0","0","0","0","0","0","0","0","0","0","0","0","0","0","0","0","0","0","0","0","0","0","0","0","0","0","0","0","0","9239226","13764108"
"D3","39","Hillsborough","2010","3906376","KOJAKS HOUSE OF RIBS","1809 S PARSONS AVE","SEFFNER","33584","3736982","1","Food","Routine - Food","Inspection Completed - No Further Action","07/21/2026","","","2","1","0","1","Y","0","0","0","0","0","0","0","2","0","0","0","0","0","0","0","0","0","0","0","0","0","0","0","0","0","0","0","0","0","0","0","0","0","0","0","0","0","0","0","0","0","0","0","0","0","0","0","0","0","0","0","0","0","0","0","0","0","0","8225719","13775475"
"D3","39","Hillsborough","2010","3906498","BOBALOUIES","1913 E BEARSS AVE","TAMPA","33613","3741747","1","Food","Routine - Food","Warning Issued","07/08/2026","","","5","0","1","4","Y","0","0","0","0","0","0","0","0","0","0","0","0","0","1","0","0","0","0","0","0","0","0","0","0","0","0","0","0","1","0","1","0","0","0","0","2","0","0","0","0","0","0","0","0","0","0","0","0","0","0","0","0","0","0","0","0","0","0","6671161","13780249"
"D3","39","Hillsborough","2010","3906498","BOBALOUIES","1913 E BEARSS AVE","TAMPA","33613","3741747","2","Food","Routine - Food","Call Back - Complied","07/21/2026","","","3","0","0","3","Y","0","0","0","0","0","0","0","0","0","0","0","0","0","1","0","0","0","0","0","0","0","0","0","0","0","0","0","0","1","0","0","0","0","0","0","1","0","0","0","0","0","0","0","0","0","0","0","0","0","0","0","0","0","0","0","0","0","0","6671161","13841453"
"D3","39","Hillsborough","2010","3906537","HUNGRY HOWIES PIZZA & SUBS","8802 ROCKY CREEK DR","TAMPA","336154315","3746785","1","Food","Routine - Food","Inspection Completed - No Further Action","07/17/2026","","","1","0","0","1","Y","0","0","0","0","0","0","0","0","0","0","0","0","0","1","0","0","0","0","0","0","0","0","0","0","0","0","0","0","0","0","0","0","0","0","0","0","0","0","0","0","0","0","0","0","0","0","0","0","0","0","0","0","0","0","0","0","0","0","2184760","13785287"
"D3","39","Hillsborough","2010","3906577","RED LOBSTER #0425","2604 W BRANDON BLVD","BRANDON","33511","3742965","1","Food","Routine - Food","Warning Issued","07/29/2026","","","2","1","1","0","Y","0","0","0","0","0","0","0","0","0","0","0","1","0","0","0","0","0","0","0","0","0","0","0","0","0","0","0","0","0","0","1","0","0","0","0","0","0","0","0","0","0","0","0","0","0","0","0","0","0","0","0","0","0","0","0","0","0","0","5911571","13781467"
"D3","39","Hillsborough","2010","3906579","SUBWAY","4311 W WATER AVE STE 101","TAMPA","33614","3742411","1","Food","Routine - Food","Inspection Completed - No Further Action","07/29/2026","","","0","0","0","0","Y","0","0","0","0","0","0","0","0","0","0","0","0","0","0","0","0","0","0","0","0","0","0","0","0","0","0","0","0","0","0","0","0","0","0","0","0","0","0","0","0","0","0","0","0","0","0","0","0","0","0","0","0","0","0","0","0","0","0","7362137","13780913"
"D3","39","Hillsborough","2010","3906661","MCDONALD'S","10019 E ADAMO DR","TAMPA","33619","3756263","1","Food","Complaint Full","Inspection Completed - No Further Action","07/16/2026","","","3","1","0","2","Y","0","0","0","0","0","0","0","0","0","0","0","0","0","0","0","0","0","0","0","0","1","1","0","0","0","0","0","0","1","0","0","0","0","0","0","0","0","0","0","0","0","0","0","0","0","0","0","0","0","0","0","0","0","0","0","0","0","0","8619840","13845872"
"D3","39","Hillsborough","2010","3906717","GHAWAR TAMPA LLC","11401 N 56TH STE 22","TAMPA","33617","3697092","2","Food","Complaint Full","Call Back - Complied","07/08/2026","","","0","0","0","0","Y","0","0","0","0","0","0","0","0","0","0","0","0","0","0","0","0","0","0","0","0","0","0","0","0","0","0","0","0","0","0","0","0","0","0","0","0","0","0","0","0","0","0","0","0","0","0","0","0","0","0","0","0","0","0","0","0","0","0","9837845","13688947"
"D3","39","Hillsborough","2010","3906760","D AND D SANDWICH SHOP","1301 S 20 ST","TAMPA","33605","3746318","1","Food","Routine - Food","Inspection Completed - No Further Action","07/29/2026","","","5","1","1","3","Y","0","0","0","0","0","0","0","2","0","0","0","2","0","1","0","0","0","0","0","0","0","0","0","0","0","0","0","0","0","0","0","0","0","0","0","0","0","0","0","0","0","0","0","0","0","0","0","0","0","0","0","0","0","0","0","0","0","0","9491389","13784820"
"D3","39","Hillsborough","2010","3906889","CHECKER'S #115","3002 N NEBRASKA AVE","TAMPA","336036028","3746787","1","Food","Routine - Food","Warning Issued","07/29/2026","","","1","0","1","0","Y","0","0","0","0","0","0","0","0","0","0","0","0","0","0","0","0","0","0","0","0","0","0","0","0","0","0","0","0","0","0","0","0","0","0","0","0","0","0","0","0","0","0","0","0","0","0","0","0","0","0","0","0","1","0","0","0","0","0","2184870","13785289"
"D3","39","Hillsborough","2010","3906942","TACO BELL #6133","2031  E BEARSS AVE","TAMPA","33613","3725811","1","Food","Routine - Food","Inspection Completed - No Further Action","07/20/2026","","","3","0","2","1","Y","0","0","0","0","0","0","0","0","0","0","0","0","0","0","0","1","0","0","0","0","0","1","0","0","0","0","0","0","0","0","1","0","0","0","0","0","0","0","0","0","0","0","0","0","0","0","0","0","0","0","0","0","0","0","0","0","0","0","7290952","13764304"
"D3","39","Hillsborough","2010","3907011","CHE VITA","211 N TAMPA ST","TAMPA","33602","3742607","1","Food","Routine - Food","Inspection Completed - No Further Action","07/29/2026","","","5","2","1","2","Y","0","0","1","0","0","0","0","0","1","0","0","0","0","1","0","1","0","0","0","0","0","0","0","0","0","0","0","0","0","0","1","0","0","0","0","0","0","0","0","0","0","0","0","0","0","0","0","0","0","0","0","0","0","0","0","0","0","0","7324298","13781109"
"D3","39","Hillsborough","2010","3907061","SALEM'S FRESH EATS","903 BRANDON BLVD","BRANDON","33511","3730083","1","Food","Routine - Food","Inspection Completed - No Further Action","07/16/2026","","","4","0","1","3","Y","0","1","0","0","0","0","0","0","0","0","0","0","0","2","0","0","0","0","0","0","0","0","1","0","0","0","0","0","0","0","0","0","0","0","0","0","0","0","0","0","0","0","0","0","0","0","0","0","0","0","0","0","0","0","0","0","0","0","5941865","13768576"
"D3","39","Hillsborough","2010","3907187","MCDONALD'S #10773","501 E MLK DR","TAMPA","33603","3712804","1","Food","Routine - Food","Inspection Completed - No Further Action","07/29/2026","","","4","1","0","3","Y","0","0","0","0","0","0","0","1","0","0","0","1","0","1","0","0","0","0","0","0","1","0","0","0","0","0","0","0","0","0","0","0","0","0","0","0","0","0","0","0","0","0","0","0","0","0","0","0","0","0","0","0","0","0","0","0","0","0","8619848","13751297"
"D3","39","Hillsborough","2010","3907225","DOWNTOWN SUBWAY #4807","212 E MADISON","TAMPA","336024802","3733907","1","Food","Routine - Food","Inspection Completed - No Further Action","07/07/2026","","","5","1","3","1","Y","0","0","1","0","0","0","0","0","0","0","0","0","0","0","0","0","0","0","0","0","0","0","0","0","0","0","0","0","0","0","1","0","0","0","0","0","0","0","0","0","1","0","0","0","0","0","0","0","0","1","0","0","1","0","0","0","0","0","2184984","13772400"
"D3","39","Hillsborough","2010","3907271","WENDY'S 1443","6024 CR 579","SEFFNER","33584","3725805","1","Food","Routine - Food","Inspection Completed - No Further Action","07/14/2026","","","2","0","1","1","Y","0","0","0","0","0","0","0","0","0","0","1","0","0","1","0","0","0","0","0","0","0","0","0","0","0","0","0","0","0","0","0","0","0","0","0","0","0","0","0","0","0","0","0","0","0","0","0","0","0","0","0","0","0","0","0","0","0","0","9239215","13764298"
"D3","39","Hillsborough","2010","3907273","CORONAS COFFEE SHOP","9307 N NEBRASKA AVE ","TAMPA","33612","3736190","1","Food","Routine - Food","Administrative complaint recommended","07/23/2026","","","5","3","0","2","Y","1","0","1","0","0","0","0","2","0","0","0","0","0","0","0","0","0","0","0","0","0","0","1","0","0","0","0","0","0","0","0","0","0","0","0","0","0","0","0","0","0","0","0","0","0","0","0","0","0","0","0","0","0","0","0","0","0","0","7553046","13774683"
"D3","39","Hillsborough","2010","3907273","CORONAS COFFEE SHOP","9307 N NEBRASKA AVE ","TAMPA","33612","3736190","2","Food","Routine - Food","Call Back - Complied","07/24/2026","","","1","0","0","1","Y","0","0","0","0","0","0","0","0","0","0","0","0","0","0","0","0","0","0","0","0","0","0","1","0","0","0","0","0","0","0","0","0","0","0","0","0","0","0","0","0","0","0","0","0","0","0","0","0","0","0","0","0","0","0","0","0","0","0","7553046","13857037"
"D3","39","Hillsborough","2010","3907295","ORANG CAFE","3000 E BUSCH BLVD","TAMPA","33612","3714773","1","Food","Routine - Food","Inspection Completed - No Further Action","07/16/2026","","","0","0","0","0","Y","0","0","0","0","0","0","0","0","0","0","0","0","0","0","0","0","0","0","0","0","0","0","0","0","0","0","0","0","0","0","0","0","0","0","0","0","0","0","0","0","0","0","0","0","0","0","0","0","0","0","0","0","0","0","0","0","0","0","2185004","13753266"
"D3","39","Hillsborough","2010","3907895","SUBWAY","9720 PRINCESS PALM AVE STE 116","TAMPA","33619","3759167","1","Food","Food-Licensing Inspection","Warning Issued","07/17/2026","","","6","2","1","3","N","0","0","1","0","0","0","0","0","0","0","0","1","0","1","0","0","0","0","0","0","0","0","0","0","0","0","0","0","1","0","0","0","0","0","0","0","0","0","0","1","0","0","0","0","0","0","0","0","0","1","0","0","0","0","0","0","0","0","10037456","13852334"
"D3","39","Hillsborough","2010","3907895","SUBWAY","9720 PRINCESS PALM AVE STE 116","TAMPA","33619","3759167","2","Food","Food-Licensing Inspection","Call Back - Extension given, pending","07/20/2026","","","3","2","0","1","Y","0","0","1","0","0","0","0","0","0","0","0","0","0","0","0","0","0","0","0","0","0","0","0","0","0","0","0","0","1","0","0","0","0","0","0","0","0","0","0","0","0","0","0","0","0","0","0","0","0","1","0","0","0","0","0","0","0","0","10037456","13852340"
"D3","39","Hillsborough","2010","3909017","MAMAS KITCHEN 3","9312 N FLORIDA AVE","TAMPA","33612","3702056","1","Food","Routine - Food","Inspection Completed - No Further Action","07/15/2026","","","8","1","2","5","Y","0","1","0","0","0","0","0","2","0","0","0","0","0","1","0","0","0","0","0","0","0","1","0","0","0","0","0","0","1","0","1","0","0","0","0","0","0","0","0","0","0","1","0","0","0","0","0","0","0","0","0","0","0","0","0","0","0","0","4105612","13740531"
"D3","39","Hillsborough","2010","3909164","FINE WINE & SPIRITS WAREHOUSE","4023 GANDY BLVD","TAMPA","336113409","3708053","1","Food","Routine - Food","Inspection Completed - No Further Action","07/15/2026","","","5","0","1","4","Y","0","0","0","0","0","0","0","0","0","0","0","0","0","0","0","0","0","0","0","0","0","2","2","0","0","0","0","0","0","0","0","0","0","0","0","1","0","0","0","0","0","0","0","0","0","0","0","0","0","0","0","0","0","0","0","0","0","0","2185519","13746544"
"D3","39","Hillsborough","2010","3909372","PIZZA HUT #4671","3220 LITHIA PINECREST RD #101","VALRICO","33594","3749914","1","Food","Routine - Food","Inspection Completed - No Further Action","07/21/2026","","","0","0","0","0","Y","0","0","0","0","0","0","0","0","0","0","0","0","0","0","0","0","0","0","0","0","0","0","0","0","0","0","0","0","0","0","0","0","0","0","0","0","0","0","0","0","0","0","0","0","0","0","0","0","0","0","0","0","0","0","0","0","0","0","7951936","13788416"
"D3","39","Hillsborough","2010","3909373","PIZZA HUT  4609","729 W LUMSDAN RD STE 14","BRANDON","33511","3743101","1","Food","Routine - Food","Inspection Completed - No Further Action","07/30/2026","","","1","0","0","1","Y","0","0","0","0","0","0","0","0","0","0","0","0","0","1","0","0","0","0","0","0","0","0","0","0","0","0","0","0","0","0","0","0","0","0","0","0","0","0","0","0","0","0","0","0","0","0","0","0","0","0","0","0","0","0","0","0","0","0","7945160","13781603"
"D3","39","Hillsborough","2010","3909392","SAMS PIZZA & DELI CAFE","4644 W GANDY BLVD STE 10","TAMPA","33611","3752673","1","Food","Routine - Food","Inspection Completed - No Further Action","07/14/2026","","","4","0","3","1","Y","0","0","0","0","0","0","0","0","0","0","0","0","0","0","0","1","0","0","0","0","0","1","0","0","0","0","0","0","0","0","1","0","0","0","0","0","0","0","0","0","1","0","0","0","0","0","0","0","0","0","0","0","0","0","0","0","0","0","9715080","13791175"
"D3","39","Hillsborough","2010","3909404","SUBWAY #28696","6010 CR 579 UNIT A","SEFFNER","33584","3755954","1","Food","Complaint Full","Inspection Completed - No Further Action","07/09/2026","","","8","0","1","7","Y","0","0","0","0","0","0","0","0","0","0","0","0","0","0","0","0","0","0","0","0","0","0","0","0","0","0","0","0","1","0","0","1","1","0","1","1","0","1","0","0","0","0","0","0","0","0","0","0","0","1","0","0","1","0","0","0","0","0","2498175","13841817"
"D3","39","Hillsborough","2010","3909405","YOGURT NATURALLY","3906 S MACDILL AVE","TAMPA","33616","3711906","1","Food","Routine - Food","Inspection Completed - No Further Action","07/16/2026","","","0","0","0","0","Y","0","0","0","0","0","0","0","0","0","0","0","0","0","0","0","0","0","0","0","0","0","0","0","0","0","0","0","0","0","0","0","0","0","0","0","0","0","0","0","0","0","0","0","0","0","0","0","0","0","0","0","0","0","0","0","0","0","0","5264779","13750399"
"D3","39","Hillsborough","2010","3909409","SERENGETI OVERLOOK RESTAURANT","3605 E BOUGANVILLA AVE","TAMPA","336126433","3740397","1","Food","Routine - Food","Inspection Completed - No Further Action","07/16/2026","","","2","0","0","2","Y","0","0","0","0","0","0","0","0","0","0","0","0","0","0","0","0","0","0","0","0","0","1","0","0","0","0","0","0","0","0","0","0","0","0","0","1","0","0","0","0","0","0","0","0","0","0","0","0","0","0","0","0","0","0","0","0","0","0","2185643","13778899"
"D3","39","Hillsborough","2010","3909415","HARDEES","11705 E US HWY 92","SEFFNER","33584-3411","3718735","1","Food","Routine - Food","Inspection Completed - No Further Action","07/09/2026","","","3","1","0","2","Y","0","0","0","0","0","0","0","1","0","0","0","0","0","2","0","0","0","0","0","0","0","0","0","0","0","0","0","0","0","0","0","0","0","0","0","0","0","0","0","0","0","0","0","0","0","0","0","0","0","0","0","0","0","0","0","0","0","0","5645068","13757228"
"D3","39","Hillsborough","2010","3909450","DAIRY QUEEN","602 W BRANDON BLVD","BRANDON","33511-5006","3737008","1","Food","Routine - Food","Inspection Completed - No Further Action","07/10/2026","","","0","0","0","0","Y","0","0","0","0","0","0","0","0","0","0","0","0","0","0","0","0","0","0","0","0","0","0","0","0","0","0","0","0","0","0","0","0","0","0","0","0","0","0","0","0","0","0","0","0","0","0","0","0","0","0","0","0","0","0","0","0","0","0","7934836","13775501"
"D3","39","Hillsborough","2010","3909512","CRAFT FRY WING","2224 E FLETCHER AVE","TAMPA","33612","3737944","1","Food","Routine - Food","Inspection Completed - No Further Action","07/30/2026","","","8","2","3","3","Y","1","1","0","0","0","1","0","2","0","0","1","0","0","0","0","0","0","0","0","0","0","0","0","0","0","0","0","0","0","0","2","0","0","0","0","0","0","0","0","0","0","0","0","0","0","0","0","0","0","0","0","0","0","0","0","0","0","0","8825266","13776437"
"D3","39","Hillsborough","2010","3909620","OASIS PIZZA","3605 E BOUGAINVILLEA","TAMPA","336126433","3746762","1","Food","Routine - Food","Inspection Completed - No Further Action","07/16/2026","","","3","0","0","3","Y","0","0","0","0","0","0","0","0","0","0","0","0","0","0","0","0","0","0","0","0","0","1","0","0","0","0","0","0","1","0","0","0","0","0","0","1","0","0","0","0","0","0","0","0","0","0","0","0","0","0","0","0","0","0","0","0","0","0","2185902","13785264"
"D3","39","Hillsborough","2010","3909694","EL DIAMANTE RESTAURANT","4422 N HUBERT AVE","TAMPA","33614","3677090","2","Food","Routine - Food","Call Back - Complied","07/10/2026","","","1","0","0","1","Y","0","0","0","0","0","0","0","0","0","0","0","0","0","0","0","0","0","0","0","0","0","0","0","0","0","0","0","0","0","0","0","0","0","0","0","0","0","1","0","0","0","0","0","0","0","0","0","0","0","0","0","0","0","0","0","0","0","0","4441387","13684508"
"D3","39","Hillsborough","2010","3909761","SUPER TEQUENO","101 FLAGSHIP DR","LUTZ","33549","3720538","1","Food","Routine - Food","Warning Issued","07/21/2026","","","7","3","1","3","Y","1","0","1","0","0","1","0","2","0","0","0","0","0","0","0","0","0","0","0","0","1","1","0","0","0","0","0","0","0","0","0","0","0","0","0","0","0","0","0","0","0","0","0","0","0","0","0","0","0","0","0","0","0","0","0","0","0","0","9914287","13759031"
"D3","39","Hillsborough","2010","3909761","SUPER TEQUENO","101 FLAGSHIP DR","LUTZ","33549","3720538","2","Food","Routine - Food","Call Back - Complied","07/23/2026","","","1","0","1","0","Y","0","0","0","0","0","0","0","0","0","0","0","0","0","0","0","0","0","0","0","0","0","1","0","0","0","0","0","0","0","0","0","0","0","0","0","0","0","0","0","0","0","0","0","0","0","0","0","0","0","0","0","0","0","0","0","0","0","0","9914287","13853839"
"D3","39","Hillsborough","2010","3909845","CAPTAIN PETE'S","10001 N MCKINLEY DR","TAMPA","33612","3736875","1","Food","Routine - Food","Inspection Completed - No Further Action","07/16/2026","","","6","2","0","4","Y","0","0","0","0","0","0","0","0","0","1","0","0","0","0","0","0","0","0","0","0","0","2","0","1","0","0","0","0","0","0","0","0","1","0","1","0","0","0","0","0","0","0","0","0","0","0","0","0","0","0","0","0","0","0","0","0","0","0","2186127","13775368"
"D3","39","Hillsborough","2010","3909941","THEE BURGER SPOT","3917 N TAMPA ST","TAMPA","33603","3731296","1","Food","Routine - Food","Inspection Completed - No Further Action","07/29/2026","","","5","2","0","3","Y","0","0","1","0","0","0","0","1","0","0","0","1","0","0","0","0","0","0","0","0","0","1","0","0","0","0","0","0","0","0","0","0","0","0","0","1","0","0","0","0","0","0","0","0","0","0","0","0","0","0","0","0","0","0","0","0","0","0","6834146","13769789"
"D3","39","Hillsborough","2010","3910029","CHECKER'S #196","2820 W MLK BLVD","TAMPA","336076306","3727516","1","Food","Routine - Food","Inspection Completed - No Further Action","07/28/2026","","","2","2","0","0","Y","0","0","2","0","0","0","0","0","0","0","0","0","0","0","0","0","0","0","0","0","0","0","0","0","0","0","0","0","0","0","0","0","0","0","0","0","0","0","0","0","0","0","0","0","0","0","0","0","0","0","0","0","0","0","0","0","0","0","2186275","13766009"
"D3","39","Hillsborough","2010","3910074","MARTHAS FAMILY RESTAURANT INC","12019 E HWY 92 ","SEFFNER ","33584","3732185","1","Food","Routine - Food","Emergency order recommended","07/15/2026","","","21","7","6","8","Y","1","2","2","0","0","0","0","1","0","0","0","0","0","2","0","0","0","0","0","0","0","0","0","0","0","0","0","1","1","0","5","0","0","0","3","0","0","0","0","1","1","0","0","0","0","0","0","0","0","0","0","0","1","0","0","0","0","0","8995971","13770678"
"D3","39","Hillsborough","2010","3910074","MARTHAS FAMILY RESTAURANT INC","12019 E HWY 92 ","SEFFNER ","33584","3732185","2","Food","Routine - Food","Emergency Order Callback Complied","07/16/2026","","","9","0","4","5","Y","0","2","0","0","0","0","0","0","0","0","0","0","0","2","0","0","0","0","0","0","0","0","0","0","0","0","0","0","1","0","3","0","0","0","0","0","0","0","0","0","0","0","0","0","0","0","0","0","0","0","0","0","1","0","0","0","0","0","8995971","13846004"
"D3","39","Hillsborough","2010","3910079","CHIPOTLE #5771","201 W ALEXANDER ST","PLANT CITY","33563","3714097","1","Food","Routine - Food","Inspection Completed - No Further Action","07/22/2026","","","0","0","0","0","Y","0","0","0","0","0","0","0","0","0","0","0","0","0","0","0","0","0","0","0","0","0","0","0","0","0","0","0","0","0","0","0","0","0","0","0","0","0","0","0","0","0","0","0","0","0","0","0","0","0","0","0","0","0","0","0","0","0","0","9563736","13752590"
"D3","39","Hillsborough","2010","3910158","BLOOMINGDALE GOLFERS CLUB","4113 GREAT GOLFERS PLACE","VALRICO","33594-6924","3720965","1","Food","Routine - Food","Warning Issued","07/15/2026","","","9","1","2","6","Y","0","1","1","0","0","0","0","1","0","0","0","1","1","0","0","0","0","0","0","0","0","0","0","1","0","0","0","0","0","0","0","0","0","0","0","2","0","0","0","0","0","0","0","0","0","0","0","0","0","0","0","0","1","0","0","0","0","0","2638974","13759458"
"D3","39","Hillsborough","2010","3910158","BLOOMINGDALE GOLFERS CLUB","4113 GREAT GOLFERS PLACE","VALRICO","33594-6924","3720965","2","Food","Routine - Food","Call Back - Complied","07/30/2026","","","6","1","1","4","Y","0","1","1","0","0","0","0","0","0","0","0","0","1","0","0","0","0","0","0","0","0","0","0","1","0","0","0","0","0","0","0","0","0","0","0","2","0","0","0","0","0","0","0","0","0","0","0","0","0","0","0","0","0","0","0","0","0","0","2638974","13848558"
"D3","39","Hillsborough","2010","3910309","CHECKERS #280","4959 E BROADWAY","TAMPA","336054705","3698469","2","Food","Routine - Food","Call Back - Complied","07/27/2026","","","3","0","0","3","Y","0","0","0","0","0","0","0","0","0","0","0","1","0","0","0","0","0","0","0","0","0","1","1","0","0","0","0","0","0","0","0","0","0","0","0","0","0","0","0","0","0","0","0","0","0","0","0","0","0","0","0","0","0","0","0","0","0","0","2186533","13701664"
"D3","39","Hillsborough","2010","3910329","CARRABBA'S ITALIAN GRILL","700 N DALE MABRY HWY","TAMPA","33609","3747131","1","Food","Routine - Food","Inspection Completed - No Further Action","07/21/2026","","","2","0","0","2","Y","0","1","0","0","0","0","0","0","0","0","0","0","0","0","0","0","0","0","0","0","0","0","0","1","0","0","0","0","0","0","0","0","0","0","0","0","0","0","0","0","0","0","0","0","0","0","0","0","0","0","0","0","0","0","0","0","0","0","4047025","13785633"
"D3","39","Hillsborough","2010","3910362","SPARTA SEAFOOD AND GRILL EXPRESS","7545 W HILLSBOROUGH AVE","TAMPA","33615","3713405","1","Food","Routine - Food","Inspection Completed - No Further Action","07/23/2026","","","4","0","1","3","Y","0","0","0","0","0","0","0","0","0","0","0","1","0","1","0","0","0","0","0","0","0","1","0","0","0","0","0","0","0","0","0","0","0","0","0","1","0","0","0","0","0","0","0","0","0","0","0","0","0","0","0","0","0","0","0","0","0","0","9578273","13751898"
"D3","39","Hillsborough","2010","3910482","CHILI'S SOUTHWEST GRILL/BAR/IT'S JUST WINGS","8510 W HILLSBOROUGH AVE","TAMPA","336153817","3727490","1","Food","Routine - Food","Inspection Completed - No Further Action","07/27/2026","","","1","0","1","0","Y","0","0","0","0","0","0","0","0","0","0","0","0","0","0","0","0","0","0","0","0","0","0","0","0","0","0","0","0","0","0","1","0","0","0","0","0","0","0","0","0","0","0","0","0","0","0","0","0","0","0","0","0","0","0","0","0","0","0","2186756","13765983"
"D3","39","Hillsborough","2010","3910542","MANDOLA'S ITALIAN KITCHEN","14703 N DALE MABRY HWY","TAMPA","33618","3737094","1","Food","Routine - Food","Inspection Completed - No Further Action","07/24/2026","","","8","3","2","3","Y","1","0","1","0","0","0","0","0","0","1","0","0","1","1","0","0","0","0","0","0","0","1","0","0","0","0","0","0","0","0","1","0","0","0","0","0","0","0","0","0","1","0","0","0","0","0","0","0","0","0","0","0","0","0","0","0","0","0","8052614","13775587"
"D3","39","Hillsborough","2010","3910617","LA TERESITA","3248 W COLUMBUS DR","TAMPA","336071851","3740368","1","Food","Routine - Food","Inspection Completed - No Further Action","07/23/2026","","","12","4","3","5","Y","0","1","1","0","0","0","0","3","0","0","0","0","0","1","0","0","0","0","0","0","0","2","1","0","0","0","0","0","1","0","2","0","0","0","0","0","0","0","0","0","0","0","0","0","0","0","0","0","0","0","0","0","0","0","0","0","0","0","2186945","13778870"
"D3","39","Hillsborough","2010","3910644","CHECKER'S #5233","1520 W BRANDON BLVD","BRANDON","335114808","3722154","1","Food","Routine - Food","Inspection Completed - No Further Action","07/23/2026","","","1","0","0","1","Y","0","0","0","0","0","0","0","1","0","0","0","0","0","0","0","0","0","0","0","0","0","0","0","0","0","0","0","0","0","0","0","0","0","0","0","0","0","0","0","0","0","0","0","0","0","0","0","0","0","0","0","0","0","0","0","0","0","0","2186958","13760647"
"D3","39","Hillsborough","2010","3910646","CHIPOTLE MEXICAN GRILL","2708 W DR MARTIN LUTHER KING JR BLV","TAMPA","33607","3745276","1","Food","Routine - Food","Warning Issued","07/23/2026","","","4","1","1","2","Y","0","0","0","0","0","0","0","0","0","0","0","0","0","0","0","0","0","0","0","0","0","1","0","0","0","0","0","0","0","0","0","0","2","0","0","0","0","0","0","0","0","0","0","0","0","0","0","0","0","0","0","0","1","0","0","0","0","0","9434400","13783778"
"D3","39","Hillsborough","2010","3910646","CHIPOTLE MEXICAN GRILL","2708 W DR MARTIN LUTHER KING JR BLV","TAMPA","33607","3745276","2","Food","Routine - Food","Call Back - Complied","07/31/2026","","","1","0","0","1","Y","0","0","0","0","0","0","0","0","0","0","0","0","0","0","0","0","0","0","0","0","0","0","0","0","0","0","0","0","0","0","0","0","1","0","0","0","0","0","0","0","0","0","0","0","0","0","0","0","0","0","0","0","0","0","0","0","0","0","9434400","13857208"
"D3","39","Hillsborough","2010","3910663","EL CHURRASCASO GRILL TAMPA","8425 W HILLSBOROUGH AVE","TAMPA","33615","3737431","1","Food","Routine - Food","Inspection Completed - No Further Action","07/27/2026","","","8","4","1","3","Y","0","0","0","0","0","0","0","2","0","0","0","0","0","0","0","0","0","0","0","0","0","2","0","0","0","0","0","0","1","0","0","0","0","0","1","0","0","0","0","0","2","0","0","0","0","0","0","0","0","0","0","0","0","0","0","0","0","0","8403263","13775924"
"D3","39","Hillsborough","2010","3910735","TACO BELL","1701 E FOWLER AVE","TAMPA","33612","3710437","1","Food","Routine - Food","Inspection Completed - No Further Action","07/23/2026","","","1","0","0","1","Y","0","0","0","0","0","0","0","1","0","0","0","0","0","0","0","0","0","0","0","0","0","0","0","0","0","0","0","0","0","0","0","0","0","0","0","0","0","0","0","0","0","0","0","0","0","0","0","0","0","0","0","0","0","0","0","0","0","0","5654763","13748930"
"D3","39","Hillsborough","2010","3910749","GIO'S CUBAN CAFE","411 S MACDILL AVE","TAMPA","33609","3747694","1","Food","Routine - Food","Inspection Completed - No Further Action","07/30/2026","","","2","0","1","1","Y","0","0","0","0","0","0","0","0","0","1","0","0","0","0","0","0","0","0","0","0","0","0","0","0","0","0","0","0","0","0","1","0","0","0","0","0","0","0","0","0","0","0","0","0","0","0","0","0","0","0","0","0","0","0","0","0","0","0","5993861","13786196"
"D3","39","Hillsborough","2010","3910754","SALEM'S FRESH EATS","4004 E HILLSBOROUGH AVE","TAMPA","336103848","3727494","1","Food","Routine - Food","Warning Issued","07/27/2026","","","21","6","2","13","Y","2","0","3","0","0","0","0","2","0","0","0","0","0","4","0","0","0","0","0","0","1","1","1","1","1","0","0","0","0","0","1","0","0","0","0","2","0","0","0","1","1","0","0","0","0","0","0","0","0","0","0","0","0","0","0","0","0","0","2187022","13765987"
"D3","39","Hillsborough","2010","3910754","SALEM'S FRESH EATS","4004 E HILLSBOROUGH AVE","TAMPA","336103848","3727494","2","Food","Routine - Food","Call Back - Complied","07/29/2026","","","9","2","1","6","Y","1","0","1","0","0","0","0","0","0","0","0","0","0","3","0","0","0","0","0","0","0","1","1","0","0","0","0","0","0","0","0","0","0","0","0","2","0","0","0","0","0","0","0","0","0","0","0","0","0","0","0","0","0","0","0","0","0","0","2187022","13860822"
"D3","39","Hillsborough","2010","3910780","WESTSHORE PIZZA","4802 WESTBAY COURT AVE","TAMPA","33611","3708797","1","Food","Routine - Food","Inspection Completed - No Further Action","07/15/2026","","","3","0","1","2","Y","0","0","0","0","0","0","0","1","0","0","0","0","0","0","0","0","0","0","0","0","0","0","0","0","0","0","0","0","0","0","0","0","0","0","0","0","0","0","0","1","1","0","0","0","0","0","0","0","0","0","0","0","0","0","0","0","0","0","5579170","13747290"
"D3","39","Hillsborough","2010","3910819","COMPASS GROUP USA","4109 GANDY BLVD","TAMPA","33611","3749446","1","Food","Routine - Food","Inspection Completed - No Further Action","07/23/2026","","","0","0","0","0","Y","0","0","0","0","0","0","0","0","0","0","0","0","0","0","0","0","0","0","0","0","0","0","0","0","0","0","0","0","0","0","0","0","0","0","0","0","0","0","0","0","0","0","0","0","0","0","0","0","0","0","0","0","0","0","0","0","0","0","3789380","13787948"
"D3","39","Hillsborough","2010","3910833","CUBAN EATS","601 N  MORGAN ST","TAMPA","33602","3724888","1","Food","Routine - Food","Warning Issued","07/09/2026","","","4","3","1","0","Y","0","0","1","0","0","0","0","0","0","0","0","1","0","0","0","0","0","0","0","0","0","0","0","0","0","0","1","0","0","0","0","0","0","0","1","0","0","0","0","0","0","0","0","0","0","0","0","0","0","0","0","0","0","0","0","0","0","0","8833414","13763381"
"D3","39","Hillsborough","2010","3910833","CUBAN EATS","601 N  MORGAN ST","TAMPA","33602","3724888","2","Food","Routine - Food","Call Back - Admin. complaint recommended","07/10/2026","","","2","1","1","0","Y","0","0","0","0","0","0","0","0","0","0","0","0","0","0","0","0","0","0","0","0","0","0","0","0","0","0","1","0","0","0","0","0","0","0","1","0","0","0","0","0","0","0","0","0","0","0","0","0","0","0","0","0","0","0","0","0","0","0","8833414","13841894"
"D3","39","Hillsborough","2010","3910833","CUBAN EATS","601 N  MORGAN ST","TAMPA","33602","3724888","3","Food","Routine - Food","Call Back - Complied","07/14/2026","","","0","0","0","0","Y","0","0","0","0","0","0","0","0","0","0","0","0","0","0","0","0","0","0","0","0","0","0","0","0","0","0","0","0","0","0","0","0","0","0","0","0","0","0","0","0","0","0","0","0","0","0","0","0","0","0","0","0","0","0","0","0","0","0","8833414","13843116"
"D3","39","Hillsborough","2010","3910853","HIMES BREAKFAST HOUSE","3826 S HIMES AVE","TAMPA","33611","3749925","1","Food","Routine - Food","Inspection Completed - No Further Action","07/29/2026","","","3","0","0","3","Y","0","0","0","0","0","0","0","0","0","0","0","2","0","0","0","0","0","0","0","0","0","1","0","0","0","0","0","0","0","0","0","0","0","0","0","0","0","0","0","0","0","0","0","0","0","0","0","0","0","0","0","0","0","0","0","0","0","0","8224313","13788427"
"D3","39","Hillsborough","2010","3910875","CHICK-FIL-A","519 BRANDON TOWN CENTER MALL","BRANDON","33511","3707024","1","Food","Routine - Food","Inspection Completed - No Further Action","07/23/2026","","","1","0","0","1","Y","0","0","0","0","0","0","0","0","0","0","0","0","0","0","0","0","0","0","0","0","0","0","1","0","0","0","0","0","0","0","0","0","0","0","0","0","0","0","0","0","0","0","0","0","0","0","0","0","0","0","0","0","0","0","0","0","0","0","9546949","13745511"
"D3","39","Hillsborough","2010","3910896","HONEYBAKED HAM CO","12040 ANDERSON RD","TAMPA","33625","3737254","1","Food","Routine - Food","Inspection Completed - No Further Action","07/17/2026","","","3","0","1","2","Y","0","0","0","0","0","0","0","0","0","0","0","0","0","1","0","0","0","0","0","0","0","1","0","0","0","0","0","0","0","0","0","0","0","0","0","1","0","0","0","0","0","0","0","0","0","0","0","0","0","0","0","0","0","0","0","0","0","0","7793222","13775747"
"D3","39","Hillsborough","2010","3910924","BAHIA TACOS","808 S DALE MABRY HWY STE A","TAMPA","33609","3749126","1","Food","Routine - Food","Inspection Completed - No Further Action","07/09/2026","","","7","0","3","4","Y","0","0","0","0","0","0","0","1","0","0","0","0","0","0","0","0","0","0","0","0","0","1","0","1","0","0","0","0","0","0","2","0","0","0","0","1","0","0","0","0","0","0","0","0","0","0","0","0","0","0","1","0","0","0","0","0","0","0","7612769","13787628"
"D3","39","Hillsborough","2010","3910976","MAMBO'S CAFE","4423 N ARMENIA AVE","TAMPA","33603","3746068","1","Food","Routine - Food","Administrative complaint recommended","07/17/2026","","","8","4","1","3","Y","1","1","1","0","0","0","0","0","0","0","0","1","0","0","0","0","0","0","0","0","0","1","0","0","0","0","0","0","0","0","0","0","0","0","0","0","0","0","0","1","0","1","0","0","0","0","0","0","0","0","0","0","1","0","0","0","0","0","8241187","13784570"
"D3","39","Hillsborough","2010","3910976","MAMBO'S CAFE","4423 N ARMENIA AVE","TAMPA","33603","3746068","2","Food","Routine - Food","Call Back - Complied","07/20/2026","","","0","0","0","0","N","0","0","0","0","0","0","0","0","0","0","0","0","0","0","0","0","0","0","0","0","0","0","0","0","0","0","0","0","0","0","0","0","0","0","0","0","0","0","0","0","0","0","0","0","0","0","0","0","0","0","0","0","0","0","0","0","0","0","8241187","13851106"
"D3","39","Hillsborough","2010","3910985","JOE'S NEW YORK DINER LLC","11701 N FLORIDA  AVE","TAMPA","33612","3731562","1","Food","Routine - Food","Inspection Completed - No Further Action","07/28/2026","","","11","2","2","7","Y","0","1","1","0","0","0","0","1","0","0","0","0","0","1","0","0","0","0","0","0","1","2","0","0","0","0","0","0","0","0","2","0","0","0","0","1","0","0","0","1","0","0","0","0","0","0","0","0","0","0","0","0","0","0","0","0","0","0","8921345","13770055"
"D3","39","Hillsborough","2010","3910998","CHICK-FIL-A TEMPLE TERRACE","5302 E FOWLER AVE","TEMPLE TERRACE","33617","3747799","1","Food","Routine - Food","Inspection Completed - No Further Action","07/31/2026","","","1","0","0","1","Y","0","0","0","0","0","0","0","0","0","0","0","0","0","0","0","0","0","0","0","0","0","1","0","0","0","0","0","0","0","0","0","0","0","0","0","0","0","0","0","0","0","0","0","0","0","0","0","0","0","0","0","0","0","0","0","0","0","0","6086174","13786301"
"D3","39","Hillsborough","2010","3911021","TWISTEE TREAT","2301 S JAMES REDMAN PKWY","PLANT CITY","33566","3759616","1","Food","Complaint Full","Inspection Completed - No Further Action","07/23/2026","","","3","2","0","1","Y","1","0","1","0","0","0","0","0","0","1","0","0","0","0","0","0","0","0","0","0","0","0","0","0","0","0","0","0","0","0","0","0","0","0","0","0","0","0","0","0","0","0","0","0","0","0","0","0","0","0","0","0","0","0","0","0","0","0","2187266","13853802"
"D3","39","Hillsborough","2010","3911025","MAMAS KITCHEN","5524 S DALE MABRY","TAMPA","336114226","3720866","1","Food","Routine - Food","Inspection Completed - No Further Action","07/20/2026","","","6","1","1","4","Y","0","0","0","0","0","0","0","0","0","1","0","3","0","0","0","0","0","0","0","0","0","1","1","0","0","0","0","0","0","0","0","0","0","0","0","0","0","0","0","0","0","0","0","0","0","0","0","0","0","0","0","0","0","0","0","0","0","0","2187271","13759359"
"D3","39","Hillsborough","2010","3911028","PAPA JOHN'S PIZZA #910","8747 W WATERS AVE","TAMPA","336151729","3714443","1","Food","Routine - Food","Inspection Completed - No Further Action","07/08/2026","","","0","0","0","0","Y","0","0","0","0","0","0","0","0","0","0","0","0","0","0","0","0","0","0","0","0","0","0","0","0","0","0","0","0","0","0","0","0","0","0","0","0","0","0","0","0","0","0","0","0","0","0","0","0","0","0","0","0","0","0","0","0","0","0","2187273","13752936"
"D3","39","Hillsborough","2010","3911038","BEEFOBRADY'S","812 W DR MARTIN LUTHER KING JR BLV","SEFFNER","33584","3744558","1","Food","Routine - Food","Inspection Completed - No Further Action","07/23/2026","","","8","1","1","6","Y","0","0","0","0","0","1","0","1","0","0","0","1","0","1","0","1","0","0","0","0","0","1","0","0","0","0","0","0","0","0","0","0","0","0","0","1","0","0","0","0","0","0","0","0","0","0","0","0","0","1","0","0","0","0","0","0","0","0","8963344","13783060"
"D3","39","Hillsborough","2010","3911048","CHARLEY'S PHILLY STEAKS","11110 CAUSEWAY BLVD","BRANDON","33511","3737375","1","Food","Routine - Food","Administrative complaint recommended","07/09/2026","","","11","2","1","8","Y","0","0","1","0","0","0","0","2","0","0","0","1","1","0","0","1","0","0","0","0","0","0","0","1","0","0","0","0","0","0","0","0","0","0","0","0","0","0","0","1","0","1","0","0","0","0","0","0","0","1","0","0","1","0","0","0","0","0","8003555","13775868"
"D3","39","Hillsborough","2010","3911048","CHARLEY'S PHILLY STEAKS","11110 CAUSEWAY BLVD","BRANDON","33511","3737375","2","Food","Routine - Food","Call Back - Complied","07/10/2026","","","0","0","0","0","Y","0","0","0","0","0","0","0","0","0","0","0","0","0","0","0","0","0","0","0","0","0","0","0","0","0","0","0","0","0","0","0","0","0","0","0","0","0","0","0","0","0","0","0","0","0","0","0","0","0","0","0","0","0","0","0","0","0","0","8003555","13842988"
"D3","39","Hillsborough","2010","3911158","GUAC N CHEESE","4101 S MACDILL AVE","TAMPA","33611","3723351","1","Food","Routine - Food","Inspection Completed - No Further Action","07/16/2026","","","0","0","0","0","Y","0","0","0","0","0","0","0","0","0","0","0","0","0","0","0","0","0","0","0","0","0","0","0","0","0","0","0","0","0","0","0","0","0","0","0","0","0","0","0","0","0","0","0","0","0","0","0","0","0","0","0","0","0","0","0","0","0","0","7318238","13761844"
"D3","39","Hillsborough","2010","3911175","BUBBAKOO'S BURRITOS","1701 S ALEXANDER ST STE 108","PLANT CITY","33566","3723525","1","Food","Routine - Food","Inspection Completed - No Further Action","07/22/2026","","","3","1","0","2","Y","1","0","0","0","0","0","0","1","0","0","0","0","1","0","0","0","0","0","0","0","0","0","0","0","0","0","0","0","0","0","0","0","0","0","0","0","0","0","0","0","0","0","0","0","0","0","0","0","0","0","0","0","0","0","0","0","0","0","7752816","13762018"
"D3","39","Hillsborough","2010","3911178","SUBWAY","14941 N DALE MABRY HWY","CARROLLWOOD","33618","3715539","1","Food","Routine - Food","Inspection Completed - No Further Action","07/23/2026","","","1","0","1","0","Y","0","0","0","0","0","0","0","0","0","0","0","0","0","0","0","0","0","0","0","0","0","0","0","0","0","0","0","0","0","0","1","0","0","0","0","0","0","0","0","0","0","0","0","0","0","0","0","0","0","0","0","0","0","0","0","0","0","0","6291176","13754032"
"D3","39","Hillsborough","2010","3911233","PERRY'S BBQ","12310 UNIVERSITY MALL CT","TAMPA","33612","3746767","1","Food","Routine - Food","Inspection Completed - No Further Action","07/29/2026","","","11","0","1","10","Y","0","0","0","0","0","0","0","2","0","1","1","1","0","0","0","0","0","0","0","0","3","0","1","0","0","0","0","0","0","0","0","0","0","0","1","1","0","0","0","0","0","0","0","0","0","0","0","0","0","0","0","0","0","0","0","0","0","0","2187607","13785269"
"D3","39","Hillsborough","2010","3911234","VJK JAPAN","12314 UNIVERSITY MALL CT","TAMPA","33612","3758790","1","Food","Complaint Full","Warning Issued","07/28/2026","","","7","0","3","4","Y","0","1","0","0","0","0","0","0","0","0","0","1","0","1","0","0","0","0","0","0","0","0","0","0","0","0","1","0","1","0","1","0","0","0","0","0","0","0","0","0","0","1","0","0","0","0","0","0","0","0","0","0","0","0","0","0","0","0","6282340","13851159"
"D3","39","Hillsborough","2010","3911259","CARRABBA'S ITALIAN GRILL","5515 E FOWLER AVE","TEMPLE TERRACE","33617","3734287","1","Food","Routine - Food","Inspection Completed - No Further Action","07/08/2026","","","1","0","0","1","Y","0","0","0","0","0","0","0","0","0","0","0","0","0","0","0","0","0","0","0","0","0","0","0","0","0","0","0","0","0","0","0","0","0","0","0","1","0","0","0","0","0","0","0","0","0","0","0","0","0","0","0","0","0","0","0","0","0","0","4046777","13772780"
"D3","39","Hillsborough","2010","3911307","FIRST WATCH RESTAURANT #18","2726 FOWLER AVE","TAMPA","33612","3740548","1","Food","Routine - Food","Inspection Completed - No Further Action","07/17/2026","","","0","0","0","0","Y","0","0","0","0","0","0","0","0","0","0","0","0","0","0","0","0","0","0","0","0","0","0","0","0","0","0","0","0","0","0","0","0","0","0","0","0","0","0","0","0","0","0","0","0","0","0","0","0","0","0","0","0","0","0","0","0","0","0","3302207","13779050"
"D3","39","Hillsborough","2010","3911315","ISLA BELLA RESTAURANT","2047 E FOWLER AVE","TAMPA","33612","3697414","2","Food","Complaint Full","Call Back - Admin. complaint recommended","07/22/2026","","","1","0","1","0","Y","0","0","0","0","0","0","0","0","0","0","0","0","0","0","0","0","0","0","0","0","0","0","0","0","0","0","0","0","0","0","0","0","0","0","0","0","0","0","0","0","0","0","0","0","0","0","0","0","0","0","0","0","1","0","0","0","0","0","9706247","13693102"
"D3","39","Hillsborough","2010","3911367","BLOOMINGDALE PIZZA VALRICO","4334 BELL SHOALS RD","VALRICO","33594","3710254","1","Food","Routine - Food","Warning Issued","07/16/2026","","","2","1","1","0","Y","0","0","0","0","0","0","0","0","0","0","0","0","0","0","0","0","0","0","0","0","0","1","0","0","0","0","0","0","0","0","0","0","0","0","0","0","0","0","0","0","0","0","0","0","0","0","0","0","0","0","0","0","1","0","0","0","0","0","5401743","13748747"
"D3","39","Hillsborough","2010","3911383","PAPA JOHN'S PIZZA 1359","3425 W KENNEDY BLVD","TAMPA","33609","3759573","1","Food","Complaint Full","Inspection Completed - No Further Action","07/22/2026","","","0","0","0","0","Y","0","0","0","0","0","0","0","0","0","0","0","0","0","0","0","0","0","0","0","0","0","0","0","0","0","0","0","0","0","0","0","0","0","0","0","0","0","0","0","0","0","0","0","0","0","0","0","0","0","0","0","0","0","0","0","0","0","0","2187862","13853437"
"D3","39","Hillsborough","2010","3911416","BLUE FLAME","1524 E  FOWLER AVE","TAMPA","33612","3711500","1","Food","Routine - Food","Inspection Completed - No Further Action","07/23/2026","","","6","1","2","3","Y","0","0","0","0","0","1","0","0","0","0","0","1","0","0","0","0","0","0","0","0","0","0","0","0","0","0","0","0","0","0","2","0","0","0","1","0","0","0","0","1","0","0","0","0","0","0","0","0","0","0","0","0","0","0","0","0","0","0","8174441","13749993"
"D3","39","Hillsborough","2010","3911427","HUNGRY HOWIES","15359 AMBERLY DR","TAMPA","33647","3755437","1","Food","Routine - Food","Administrative complaint recommended","07/09/2026","","","3","1","2","0","Y","0","0","0","0","0","0","0","0","0","0","0","0","0","0","0","0","0","0","0","0","0","0","0","0","0","0","0","0","0","0","0","0","0","0","0","0","0","0","0","0","0","0","0","0","0","0","0","0","0","1","0","0","2","0","0","0","0","0","8194840","13793939"
"D3","39","Hillsborough","2010","3911432","HATTRICKS","107 S FRANKLIN ST","TAMPA","33602","3727518","1","Food","Routine - Food","Warning Issued","07/27/2026","","","5","3","0","2","Y","0","0","1","0","0","0","0","1","0","0","0","1","0","0","0","0","0","0","0","0","1","1","0","0","0","0","0","0","0","0","0","0","0","0","0","0","0","0","0","0","0","0","0","0","0","0","0","0","0","0","0","0","0","0","0","0","0","0","2187937","13766011"
"D3","39","Hillsborough","2010","3911432","HATTRICKS","107 S FRANKLIN ST","TAMPA","33602","3727518","2","Food","Routine - Food","Call Back - Extension given, pending","07/29/2026","","","1","1","0","0","Y","0","0","0","0","0","0","0","0","0","0","0","0","0","0","0","0","0","0","0","0","0","1","0","0","0","0","0","0","0","0","0","0","0","0","0","0","0","0","0","0","0","0","0","0","0","0","0","0","0","0","0","0","0","0","0","0","0","0","2187937","13860456"
"D3","39","Hillsborough","2010","3911432","HATTRICKS","107 S FRANKLIN ST","TAMPA","33602","3727518","3","Food","Routine - Food","Call Back - Complied","07/29/2026","","","0","0","0","0","Y","0","0","0","0","0","0","0","0","0","0","0","0","0","0","0","0","0","0","0","0","0","0","0","0","0","0","0","0","0","0","0","0","0","0","0","0","0","0","0","0","0","0","0","0","0","0","0","0","0","0","0","0","0","0","0","0","0","0","2187937","13863654"
"D3","39","Hillsborough","2010","3911441","J. ALEXANDER'S RESTAURANT","913 N DALE MABRY","TAMPA","33607","3716271","1","Food","Routine - Food","Inspection Completed - No Further Action","07/21/2026","","","0","0","0","0","Y","0","0","0","0","0","0","0","0","0","0","0","0","0","0","0","0","0","0","0","0","0","0","0","0","0","0","0","0","0","0","0","0","0","0","0","0","0","0","0","0","0","0","0","0","0","0","0","0","0","0","0","0","0","0","0","0","0","0","2187946","13754764"
"D3","39","Hillsborough","2010","3911456","JAPANESE KITCHEN DOSUNCO","3310 W KENNEDY BLVD","TAMPA","33609","3734896","1","Food","Routine - Food","Inspection Completed - No Further Action","07/23/2026","","","0","0","0","0","Y","0","0","0","0","0","0","0","0","0","0","0","0","0","0","0","0","0","0","0","0","0","0","0","0","0","0","0","0","0","0","0","0","0","0","0","0","0","0","0","0","0","0","0","0","0","0","0","0","0","0","0","0","0","0","0","0","0","0","6000333","13773389"
"D3","39","Hillsborough","2010","3911466","SUBWAY #2493","3402 S DALE MABRY HWY","TAMPA","33629","3705297","1","Food","Routine - Food","Inspection Completed - No Further Action","07/10/2026","","","3","0","1","2","Y","0","0","0","0","0","0","0","0","0","0","0","0","0","0","0","0","0","0","0","0","0","2","0","1","0","0","0","0","0","0","0","0","0","0","0","0","0","0","0","0","0","0","0","0","0","0","0","0","0","0","0","0","0","0","0","0","0","0","2187984","13743778"
"D3","39","Hillsborough","2010","3911495","HOOTERS OF NORTH TAMPA","13606 BRUCE B DOWNS BLVD","TAMPA","33613","3708058","1","Food","Routine - Food","Inspection Completed - No Further Action","07/08/2026","","","0","0","0","0","Y","0","0","0","0","0","0","0","0","0","0","0","0","0","0","0","0","0","0","0","0","0","0","0","0","0","0","0","0","0","0","0","0","0","0","0","0","0","0","0","0","0","0","0","0","0","0","0","0","0","0","0","0","0","0","0","0","0","0","2188038","13746549"
"D3","39","Hillsborough","2010","3911529","STEAK N SHAKE 288","11306 CAUSEWAY BLVD","BRANDON","33511","3717115","1","Food","Routine - Food","Warning Issued","07/24/2026","","","3","2","1","0","Y","0","0","0","0","0","0","0","0","0","0","0","0","0","0","0","0","0","0","0","0","0","1","0","0","0","0","0","0","1","0","0","0","0","0","0","0","0","0","0","0","1","0","0","0","0","0","0","0","0","0","0","0","0","0","0","0","0","0","7889560","13755608"
"D3","39","Hillsborough","2010","3911529","STEAK N SHAKE 288","11306 CAUSEWAY BLVD","BRANDON","33511","3717115","2","Food","Routine - Food","Call Back - Complied","07/24/2026","","","0","0","0","0","Y","0","0","0","0","0","0","0","0","0","0","0","0","0","0","0","0","0","0","0","0","0","0","0","0","0","0","0","0","0","0","0","0","0","0","0","0","0","0","0","0","0","0","0","0","0","0","0","0","0","0","0","0","0","0","0","0","0","0","7889560","13858424"
"D3","39","Hillsborough","2010","3911536","TAQUERIA MI MEXICO","4205 N ARMENIA AVE","TAMPA","33607","3727496","1","Food","Routine - Food","Administrative complaint recommended","07/30/2026","","","8","1","2","5","Y","0","1","0","0","0","0","0","2","0","0","0","0","0","3","0","0","0","0","0","0","0","1","0","0","0","0","0","0","0","0","0","0","0","0","0","1","0","0","0","0","0","0","0","0","0","0","0","0","0","0","0","0","0","0","0","0","0","0","2188119","13765989"
"D3","39","Hillsborough","2010","3911556","CHINA BUFFET","1245 E FOWLER AVE","TAMPA","33612","3698985","3","Food","Complaint Full","Call Back - Complied","07/16/2026","","","0","0","0","0","Y","0","0","0","0","0","0","0","0","0","0","0","0","0","0","0","0","0","0","0","0","0","0","0","0","0","0","0","0","0","0","0","0","0","0","0","0","0","0","0","0","0","0","0","0","0","0","0","0","0","0","0","0","0","0","0","0","0","0","9387330","13708915"
"D3","39","Hillsborough","2010","3911556","CHINA BUFFET","1245 E FOWLER AVE","TAMPA","33612","3756186","1","Food","Complaint Full","Administrative complaint recommended","07/14/2026","","","19","10","5","4","Y","3","1","1","0","0","0","0","4","0","0","0","0","0","1","0","0","0","0","0","0","0","2","0","0","0","0","0","0","0","0","2","0","1","0","1","0","0","0","0","0","2","0","0","0","0","1","0","0","0","0","0","0","1","0","0","0","0","0","9387330","13844827"
"D3","39","Hillsborough","2010","3911556","CHINA BUFFET","1245 E FOWLER AVE","TAMPA","33612","3756186","2","Food","Complaint Full","Call Back - Complied","07/16/2026","","","0","0","0","0","Y","0","0","0","0","0","0","0","0","0","0","0","0","0","0","0","0","0","0","0","0","0","0","0","0","0","0","0","0","0","0","0","0","0","0","0","0","0","0","0","0","0","0","0","0","0","1","0","0","0","0","0","0","0","0","0","0","0","0","9387330","13845362"
"D3","39","Hillsborough","2010","3911680","ORIGINAL IGY'S CAFE","1001 S 22 ST","TAMPA","33605","3753129","1","Food","Routine - Food","Inspection Completed - No Further Action","07/29/2026","","","3","1","1","1","Y","0","0","0","0","0","0","0","1","0","0","0","1","0","0","0","0","0","0","0","0","0","0","0","0","0","0","0","0","0","0","1","0","0","0","0","0","0","0","0","0","0","0","0","0","0","0","0","0","0","0","0","0","0","0","0","0","0","0","9916925","13791631"
"D3","39","Hillsborough","2010","3911733","AGAVE SOCIAL","14803 N DALE MABRY HWY","TAMPA","33618","3719651","1","Food","Routine - Food","Warning Issued","07/23/2026","","","7","3","2","2","Y","1","0","2","0","0","0","0","0","0","0","0","2","0","0","0","0","0","0","0","0","0","0","0","0","0","0","0","0","0","0","2","0","0","0","0","0","0","0","0","0","0","0","0","0","0","0","0","0","0","0","0","0","0","0","0","0","0","0","9047195","13758144"
"D3","39","Hillsborough","2010","3911733","AGAVE SOCIAL","14803 N DALE MABRY HWY","TAMPA","33618","3719651","2","Food","Routine - Food","Call Back - Complied","07/24/2026","","","0","0","0","0","Y","0","0","0","0","0","0","0","0","0","0","0","0","0","0","0","0","0","0","0","0","0","0","0","0","0","0","0","0","0","0","0","0","0","0","0","0","0","0","0","0","0","0","0","0","0","0","0","0","0","0","0","0","0","0","0","0","0","0","9047195","13857310"
"D3","39","Hillsborough","2010","3911736","ICE SPORTS FORUM INC","10222 ELIZABETH PLACE","TAMPA","33619-8049","3723995","1","Food","Routine - Food","Inspection Completed - No Further Action","07/31/2026","","","3","0","0","3","Y","0","0","0","0","0","0","0","0","0","0","0","0","0","0","0","0","0","0","0","0","0","1","1","0","0","0","0","0","0","0","0","0","0","0","0","1","0","0","0","0","0","0","0","0","0","0","0","0","0","0","0","0","0","0","0","0","0","0","7058211","13762488"
"D3","39","Hillsborough","2010","3911745","GOLDEN CORRAL #842","815 PROVIDENCE RD","BRANDON","33511","3755626","1","Food","Complaint Full","Inspection Completed - No Further Action","07/08/2026","","","3","2","0","1","Y","0","0","0","0","0","0","0","3","0","0","0","0","0","0","0","0","0","0","0","0","0","0","0","0","0","0","0","0","0","0","0","0","0","0","0","0","0","0","0","0","0","0","0","0","0","0","0","1","0","0","0","0","0","0","0","0","0","0","3853340","13819743"
"D3","39","Hillsborough","2010","3911754","THE LONGBAR PUB AND GRILL","4701 NORMANDY DR","TAMPA","33615","3712310","1","Food","Routine - Food","Inspection Completed - No Further Action","07/27/2026","","","10","1","1","8","Y","0","0","0","0","0","0","0","1","0","0","0","1","0","0","0","0","0","0","0","0","0","1","1","0","0","0","0","0","0","0","0","0","0","0","0","5","0","0","0","0","1","0","0","0","0","0","0","0","0","0","0","0","0","0","0","0","0","0","9026514","13750803"
"D3","39","Hillsborough","2010","3911763","SARIONE GRILL","7525 W HILLSBOROUGH AVE","TAMPA","33615","3748182","1","Food","Routine - Food","Administrative complaint recommended","07/24/2026","","","19","5","7","7","Y","2","0","0","0","0","0","0","5","0","0","0","1","0","1","0","0","0","0","0","0","0","1","0","0","0","0","0","0","0","0","6","0","0","0","0","0","0","0","0","0","1","0","0","0","0","0","0","0","0","0","1","0","1","0","0","0","0","0","6587772","13786684"
"D3","39","Hillsborough","2010","3911776","KFC","7605 W HILLSBOROUGH AVE","TAMPA","33615","3708613","1","Food","Routine - Food","Inspection Completed - No Further Action","07/24/2026","","","3","1","1","1","Y","0","0","0","0","0","0","0","0","0","0","1","0","0","0","0","0","0","0","0","0","0","0","0","0","0","0","0","0","1","0","0","0","1","0","0","0","0","0","0","0","0","0","0","0","0","0","0","0","0","0","0","0","0","0","0","0","0","0","4383802","13747106"
"D3","39","Hillsborough","2010","3911778","CHICK FIL A AT BRANDON VILLAGE","11325 CAUSEWAY BLVD","BRANDON","33511","3749347","1","Food","Routine - Food","Inspection Completed - No Further Action","07/23/2026","","","0","0","0","0","Y","0","0","0","0","0","0","0","0","0","0","0","0","0","0","0","0","0","0","0","0","0","0","0","0","0","0","0","0","0","0","0","0","0","0","0","0","0","0","0","0","0","0","0","0","0","0","0","0","0","0","0","0","0","0","0","0","0","0","2188318","13787849"
"D3","39","Hillsborough","2010","3911792","TEMPLE TERRACE GOLF&COUNTRY CL","200 N INVERNESS","TEMPLE TERRACE","33617","3701596","1","Food","Routine - Food","Warning Issued","07/31/2026","","","1","1","0","0","Y","0","0","0","0","0","0","0","0","0","0","0","0","0","0","0","0","0","0","0","0","0","1","0","0","0","0","0","0","0","0","0","0","0","0","0","0","0","0","0","0","0","0","0","0","0","0","0","0","0","0","0","0","0","0","0","0","0","0","2188334","13740071"
"D3","39","Hillsborough","2010","3911806","CHICK-FIL-A","17513 BRUCE B DOWNS BLVD","TAMPA","33647","3702824","1","Food","Routine - Food","Inspection Completed - No Further Action","07/14/2026","","","0","0","0","0","Y","0","0","0","0","0","0","0","0","0","0","0","0","0","0","0","0","0","0","0","0","0","0","0","0","0","0","0","0","0","0","0","0","0","0","0","0","0","0","0","0","0","0","0","0","0","0","0","0","0","0","0","0","0","0","0","0","0","0","6037598","13741299"
"D3","39","Hillsborough","2010","3911836","DOMINO'S PIZZA #5004","3801 W GANDY BLVD","TAMPA","33611","3743242","1","Food","Routine - Food","Inspection Completed - No Further Action","07/28/2026","","","0","0","0","0","Y","0","0","0","0","0","0","0","0","0","0","0","0","0","0","0","0","0","0","0","0","0","0","0","0","0","0","0","0","0","0","0","0","0","0","0","0","0","0","0","0","0","0","0","0","0","0","0","0","0","0","0","0","0","0","0","0","0","0","8113204","13781744"
"D3","39","Hillsborough","2010","3911847","TACO BELL #29588","11315 CAUSEWAY BLVD","BRANDON","33511","3710640","1","Food","Routine - Food","Inspection Completed - No Further Action","07/27/2026","","","1","1","0","0","Y","0","0","1","0","0","0","0","0","0","0","0","0","0","0","0","0","0","0","0","0","0","0","0","0","0","0","0","0","0","0","0","0","0","0","0","0","0","0","0","0","0","0","0","0","0","0","0","0","0","0","0","0","0","0","0","0","0","0","5654815","13749133"
"D3","39","Hillsborough","2010","3911964","APPLEBEE'S NEIGHBORHOOD GRILL & BAR","1905 SR 60 E","VALRICO","33594","3755697","1","Food","Food-Licensing Inspection","Warning Issued","07/15/2026","","","3","1","0","2","Y","0","0","0","0","0","0","0","1","0","1","0","0","0","0","0","0","0","0","0","0","0","1","0","0","0","0","0","0","0","0","0","0","0","0","0","0","0","0","0","0","0","0","0","0","0","0","0","0","0","0","0","0","0","0","0","0","0","0","10006647","13820054"
"D3","39","Hillsborough","2010","3911964","APPLEBEE'S NEIGHBORHOOD GRILL & BAR","1905 SR 60 E","VALRICO","33594","3755697","2","Food","Food-Licensing Inspection","Call Back - Complied","07/23/2026","","","0","0","0","0","Y","0","0","0","0","0","0","0","0","0","0","0","0","0","0","0","0","0","0","0","0","0","0","0","0","0","0","0","0","0","0","0","0","0","0","0","0","0","0","0","0","0","0","0","0","0","0","0","0","0","0","0","0","0","0","0","0","0","0","10006647","13848417"
"D3","39","Hillsborough","2010","3911986","BJ'S RESTAURANT & BREWHOUSE 467","8002 CITRUS PARK TOWN CENTER, WESTFIELD SHOPPING TOWN CITRUS PARK","TAMPA","33625","3756200","1","Food","Complaint Full","Inspection Completed - No Further Action","07/21/2026","","","3","0","2","1","Y","0","0","0","0","0","0","0","0","0","0","0","0","0","0","0","0","0","0","0","0","0","1","0","0","0","0","0","0","0","0","1","0","0","0","0","0","0","0","0","0","0","0","0","0","0","0","0","0","0","0","0","0","1","0","0","0","0","0","3484621","13844898"
"D3","39","Hillsborough","2010","3911999","MOMOZ LLC","8009 CITRUS PARK DR","TAMPA","33625","3706828","1","Food","Routine - Food","Warning Issued","07/14/2026","","","8","0","4","4","Y","0","1","0","0","0","0","0","0","0","0","0","0","0","1","0","0","0","0","0","0","0","2","0","0","0","0","0","0","0","0","0","0","0","0","0","2","0","0","0","0","0","0","0","0","0","0","0","0","0","0","1","0","1","0","0","0","0","0","9517428","13745315"
"D3","39","Hillsborough","2010","3912010","BIG G'S PIZZA AND GRILLE","3742 W LAMBRIGHT ST","TAMPA","33614","3755872","1","Food","Food-Licensing Inspection","Warning Issued","07/08/2026","","","8","3","2","3","Y","1","0","1","0","0","0","0","1","0","0","0","1","0","0","0","0","0","0","0","0","0","0","0","0","0","0","0","0","1","0","1","0","0","0","0","0","0","0","0","1","1","0","0","0","0","0","0","0","0","0","0","0","0","0","0","0","0","0","9723919","13841342"
"D3","39","Hillsborough","2010","3912010","BIG G'S PIZZA AND GRILLE","3742 W LAMBRIGHT ST","TAMPA","33614","3755872","2","Food","Food-Licensing Inspection","Call Back - Admin. complaint recommended","07/09/2026","","","3","3","0","0","Y","1","0","1","0","0","0","0","0","0","0","0","0","0","0","0","0","0","0","0","0","0","0","0","0","0","0","0","0","1","0","0","0","0","0","0","0","0","0","0","0","0","0","0","0","0","0","0","0","0","0","0","0","0","0","0","0","0","0","9723919","13841773"
"D3","39","Hillsborough","2010","3912010","BIG G'S PIZZA AND GRILLE","3742 W LAMBRIGHT ST","TAMPA","33614","3755872","3","Food","Food-Licensing Inspection","Call Back - Complied","07/10/2026","","","0","0","0","0","Y","0","0","0","0","0","0","0","0","0","0","0","0","0","0","0","0","0","0","0","0","0","0","0","0","0","0","0","0","0","0","0","0","0","0","0","0","0","0","0","0","0","0","0","0","0","0","0","0","0","0","0","0","0","0","0","0","0","0","9723919","13841891"
"D3","39","Hillsborough","2010","3912059","HONG KONG CHINESE FOOD","11760 MARTIN LUTHER KING BLVD","SEFFNER","33584","3727726","1","Food","Routine - Food","Inspection Completed - No Further Action","07/15/2026","","","4","0","0","4","Y","0","0","0","0","0","0","0","1","0","0","0","1","0","1","0","0","0","0","0","0","0","0","1","0","0","0","0","0","0","0","0","0","0","0","0","0","0","0","0","0","0","0","0","0","0","0","0","0","0","0","0","0","0","0","0","0","0","0","3551916","13766219"
"D3","39","Hillsborough","2010","3912073","LIANG'S BISTRO","17515 BRUCE B DOWNS BLVD","TAMPA","33647","3734067","1","Food","Routine - Food","Inspection Completed - No Further Action","07/09/2026","","","1","0","0","1","Y","0","0","0","0","0","0","0","0","0","0","0","0","0","1","0","0","0","0","0","0","0","0","0","0","0","0","0","0","0","0","0","0","0","0","0","0","0","0","0","0","0","0","0","0","0","0","0","0","0","0","0","0","0","0","0","0","0","0","2607928","13772560"
"D3","39","Hillsborough","2010","3912110","HILTON GARDEN INN TAMPA YBOR","1700 E 9 AVE","TAMPA","33605","3713622","1","Food","Routine - Food","Inspection Completed - No Further Action","07/14/2026","","","6","1","0","5","Y","0","0","0","0","0","0","0","2","0","0","0","0","0","1","0","1","0","0","0","0","0","1","0","0","0","0","0","0","0","0","0","0","0","0","0","0","0","0","0","1","0","0","0","0","0","0","0","0","0","0","0","0","0","0","0","0","0","0","9696490","13752115"
"D3","39","Hillsborough","2010","3912127","OBRIENS IRISH PUB OF PLANT CITY","1701 S ALEXANDER ST STE 112 113","PLANT CITY","33566","3727024","1","Food","Routine - Food","Inspection Completed - No Further Action","07/08/2026","","","5","2","0","3","Y","1","0","1","0","0","0","0","0","0","0","0","2","0","0","0","0","0","0","0","0","0","0","0","0","0","0","0","0","0","0","0","0","0","0","1","0","0","0","0","0","0","0","0","0","0","0","0","0","0","0","0","0","0","0","0","0","0","0","5617925","13765517"
"D3","39","Hillsborough","2010","3912133","TACO BELL #6141","17402 DONA MICHELLE DR","TAMPA","33647","3726507","1","Food","Routine - Food","Inspection Completed - No Further Action","07/28/2026","","","1","0","0","1","Y","0","0","0","0","0","0","0","0","0","0","0","0","0","1","0","0","0","0","0","0","0","0","0","0","0","0","0","0","0","0","0","0","0","0","0","0","0","0","0","0","0","0","0","0","0","0","0","0","0","0","0","0","0","0","0","0","0","0","7291055","13765000"
"D3","39","Hillsborough","2010","3912139","GOURMET PIZZA COMPANY","610 S ARMENIA AVE","TAMPA","33609","3726565","1","Food","Routine - Food","Inspection Completed - No Further Action","07/20/2026","","","0","0","0","0","Y","0","0","0","0","0","0","0","0","0","0","0","0","0","0","0","0","0","0","0","0","0","0","0","0","0","0","0","0","0","0","0","0","0","0","0","0","0","0","0","0","0","0","0","0","0","0","0","0","0","0","0","0","0","0","0","0","0","0","8960925","13765058"
"D3","39","Hillsborough","2010","3912144","CHIPOTLE MEXICAN GRILL #1626","829 EAST BLOOMINGDALE AVE","BRANDON","33511","3721469","1","Food","Routine - Food","Warning Issued","07/17/2026","","","1","0","1","0","Y","0","0","0","0","0","0","0","0","0","0","0","0","0","0","0","0","0","0","0","0","0","0","0","0","0","0","0","0","0","0","0","0","0","0","0","0","0","0","0","0","0","0","0","0","0","0","0","0","0","0","0","0","1","0","0","0","0","0","4400393","13759962"
"D3","39","Hillsborough","2010","3912144","CHIPOTLE MEXICAN GRILL #1626","829 EAST BLOOMINGDALE AVE","BRANDON","33511","3721469","2","Food","Routine - Food","Call Back - Complied","07/17/2026","","","0","0","0","0","Y","0","0","0","0","0","0","0","0","0","0","0","0","0","0","0","0","0","0","0","0","0","0","0","0","0","0","0","0","0","0","0","0","0","0","0","0","0","0","0","0","0","0","0","0","0","0","0","0","0","0","0","0","0","0","0","0","0","0","4400393","13851263"
"D3","39","Hillsborough","2010","3912168","DOMINO'S PIZZA #3841","17804  DALE MABRY HWY","LUTZ","33558","3730651","1","Food","Routine - Food","Inspection Completed - No Further Action","07/22/2026","","","0","0","0","0","Y","0","0","0","0","0","0","0","0","0","0","0","0","0","0","0","0","0","0","0","0","0","0","0","0","0","0","0","0","0","0","0","0","0","0","0","0","0","0","0","0","0","0","0","0","0","0","0","0","0","0","0","0","0","0","0","0","0","0","8113161","13769144"
"D3","39","Hillsborough","2010","3912176","KFC","4302 N ARMENIA AVE","TAMPA","33607","3728106","1","Food","Routine - Food","Inspection Completed - No Further Action","07/30/2026","","","2","1","1","0","Y","0","0","0","0","0","0","0","0","0","0","0","0","0","0","0","0","0","0","0","0","0","1","0","0","0","0","0","0","1","0","0","0","0","0","0","0","0","0","0","0","0","0","0","0","0","0","0","0","0","0","0","0","0","0","0","0","0","0","4383804","13766599"
"D3","39","Hillsborough","2010","3912188","DOUBLE BOGEY'S TAVERN & GRILLE","19502  HERITAGE HARBOR PKWY","LUTZ","33558","3691410","2","Food","Routine - Food","Call Back - Complied","07/20/2026","","","0","0","0","0","Y","0","0","0","0","0","0","0","0","0","0","0","0","0","0","0","0","0","0","0","0","0","0","0","0","0","0","0","0","0","0","0","0","0","0","0","0","0","0","0","0","0","0","0","0","0","0","0","0","0","0","0","0","0","0","0","0","0","0","9603379","13699047"
"D3","39","Hillsborough","2010","3912190","CICIS PIZZA #339","5771 E FOWLER AVE","TEMPLE TERRACE","33617","3759214","1","Food","Complaint Full","Inspection Completed - No Further Action","07/20/2026","","","0","0","0","0","Y","0","0","0","0","0","0","0","0","0","0","0","0","0","0","0","0","0","0","0","0","0","0","0","0","0","0","0","0","0","0","0","0","0","0","0","0","0","0","0","0","0","0","0","0","0","0","0","0","0","0","0","0","0","0","0","0","0","0","5455621","13852624"
"D3","39","Hillsborough","2010","3912210","LONGHORN STEAKHOUSE #5124","8212 CITRUS PARK DR","TAMPA","33625","3749686","1","Food","Routine - Food","Inspection Completed - No Further Action","07/28/2026","","","1","0","1","0","Y","0","0","0","0","0","0","0","0","0","0","0","0","0","0","0","0","0","0","0","0","0","0","0","0","0","0","0","0","0","0","0","0","0","0","0","0","0","0","0","0","0","0","0","0","0","0","0","0","0","0","0","0","1","0","0","0","0","0","2188902","13788188"
"D3","39","Hillsborough","2010","3912268","THINH AN KITCHEN & TOFU","8104 W WATERS AVE","TAMPA","33615","3699005","1","Food","Complaint Full","Warning Issued","07/15/2026","","","16","5","6","5","Y","1","1","3","0","0","0","0","3","0","0","0","3","0","1","0","0","0","0","0","0","0","1","0","0","0","0","0","0","0","0","2","0","0","0","0","0","0","0","0","0","0","0","0","0","0","0","0","0","0","0","0","0","1","0","0","0","0","0","8355646","13705693"
"D3","39","Hillsborough","2010","3912285","PITAS REPUBLIC","8412 W HILLSBOROUGH AVE","TAMPA","33615","3735327","1","Food","Routine - Food","Inspection Completed - No Further Action","07/27/2026","","","5","2","1","2","Y","0","0","0","0","0","0","0","2","0","0","0","0","0","0","0","0","0","0","0","0","0","0","0","0","0","0","0","0","0","0","2","0","0","0","0","0","0","0","0","0","1","0","0","0","0","0","0","0","0","0","0","0","0","0","0","0","0","0","6742553","13773820"
"D3","39","Hillsborough","2010","3912299","KING CORONA CIGARS","1523 E 7 AVE","TAMPA","33605","3596663","2","Food","Routine - Food","Call Back - Complied","07/29/2026","","","3","0","2","1","Y","0","0","0","0","0","0","0","0","0","0","0","0","0","0","0","0","0","0","0","0","0","1","0","0","0","0","0","0","0","0","2","0","0","0","0","0","0","0","0","0","0","0","0","0","0","0","0","0","0","0","0","0","0","0","0","0","0","0","8952545","13701864"
"D3","39","Hillsborough","2010","3912354","HONG KONG RESTAURANT","7026 W WATERS AVE","TAMPA","33634","3745110","1","Food","Routine - Food","Administrative complaint recommended","07/31/2026","","","15","5","2","8","Y","0","0","1","0","0","0","0","6","0","0","0","3","1","3","0","0","0","0","0","0","0","1","0","0","0","0","0","0","0","0","0","0","0","0","0","0","0","0","0","0","0","0","0","0","0","0","0","0","0","0","0","0","0","0","0","0","0","0","9254046","13783612"
"D3","39","Hillsborough","2010","3912425","LA CASONA RESTAURANT","5709 N ARMENIA AVE","TAMPA","33603","3749769","1","Food","Routine - Food","Warning Issued","07/22/2026","","","10","8","1","1","Y","2","0","1","0","0","1","0","1","0","0","0","1","0","0","0","0","0","0","0","0","0","2","0","0","0","0","0","0","0","0","1","0","0","0","0","0","0","0","0","0","1","0","0","0","0","0","0","0","0","0","0","0","0","0","0","0","0","0","7838690","13788271"
"D3","39","Hillsborough","2010","3912425","LA CASONA RESTAURANT","5709 N ARMENIA AVE","TAMPA","33603","3749769","2","Food","Routine - Food","Call Back - Complied","07/29/2026","","","2","2","0","0","Y","1","0","1","0","0","0","0","0","0","0","0","0","0","0","0","0","0","0","0","0","0","0","0","0","0","0","0","0","0","0","0","0","0","0","0","0","0","0","0","0","0","0","0","0","0","0","0","0","0","0","0","0","0","0","0","0","0","0","7838690","13855995"
"D3","39","Hillsborough","2010","3912456","KFC","2212 E FOWLER AVE","TAMPA","33612","3728107","1","Food","Routine - Food","Inspection Completed - No Further Action","07/23/2026","","","1","0","0","1","Y","0","0","0","0","0","0","0","0","0","0","0","0","0","0","0","0","0","0","0","0","0","0","0","0","0","0","0","0","0","0","0","0","0","0","0","1","0","0","0","0","0","0","0","0","0","0","0","0","0","0","0","0","0","0","0","0","0","0","4384003","13766600"
"D3","39","Hillsborough","2010","3912479","TACO BELL #3063","10611 GIBSONTON RD","RIVERVIEW","33569","3739847","1","Food","Routine - Food","Inspection Completed - No Further Action","07/14/2026","","","2","0","1","1","Y","0","0","0","0","0","0","0","0","0","0","0","0","0","0","0","0","0","0","0","0","0","2","0","0","0","0","0","0","0","0","0","0","0","0","0","0","0","0","0","0","0","0","0","0","0","1","0","0","0","0","0","0","0","0","0","0","0","0","9824120","13778349"
"D3","39","Hillsborough","2010","3912484","PIZZA HUT 4639","10619 GIBSONTON DR","RIVERVIEW","33569","3718223","1","Food","Routine - Food","Inspection Completed - No Further Action","07/17/2026","","","4","0","0","4","Y","0","0","0","0","0","0","0","1","0","0","0","0","0","0","0","0","0","0","0","0","0","0","1","1","0","0","0","0","0","0","0","0","0","0","0","1","0","0","0","0","0","0","0","0","0","0","0","0","0","0","0","0","0","0","0","0","0","0","7950940","13756716"
"D3","39","Hillsborough","2010","3912495","HAMPTON INN TAMPA-VETERANS EXPWY AIRPORT NORTH","5628 W WATERS AVE","TAMPA","33634","3705888","1","Food","Routine - Food","Inspection Completed - No Further Action","07/09/2026","","","1","0","1","0","Y","0","0","0","0","0","0","0","0","0","0","0","1","0","0","0","0","0","0","0","0","0","0","0","0","0","0","0","0","0","0","0","0","0","0","0","0","0","0","0","0","0","0","0","0","0","0","0","0","0","0","0","0","0","0","0","0","0","0","8933190","13744371"
"D3","39","Hillsborough","2010","3912499","PANERA BREAD #3339","11860 BRUCE B DOWNS","TAMPA","33612","3740401","1","Food","Routine - Food","Inspection Completed - No Further Action","07/16/2026","","","2","0","0","2","Y","0","0","0","0","0","0","0","0","0","0","0","0","0","0","0","0","0","0","0","0","1","0","0","0","0","0","0","0","1","0","0","0","0","0","0","0","0","0","0","0","0","0","0","0","0","0","0","0","0","0","0","0","0","0","0","0","0","0","2189386","13778903"
"D3","39","Hillsborough","2010","3912501","EINSTEIN BROS BAGELS 1212","660 W BRANDON BLVD","BRANDON","33511","3756102","1","Food","Complaint Full","Inspection Completed - No Further Action","07/15/2026","","","3","0","1","2","Y","0","0","0","0","0","0","0","0","0","0","0","0","0","0","0","0","0","0","0","0","1","0","0","0","0","0","0","0","0","0","1","0","0","0","0","0","0","0","0","1","0","0","0","0","0","0","0","0","0","0","0","0","0","0","0","0","0","0","2189390","13843845"
"D3","39","Hillsborough","2010","3912511","JADE GARDEN","2626  W HILLSBOROUGH AVE","TAMPA","33614","3745578","1","Food","Routine - Food","Inspection Completed - No Further Action","07/30/2026","","","13","3","2","8","Y","0","1","0","0","0","0","0","1","0","1","0","0","0","1","0","0","0","0","0","0","1","1","1","0","1","0","1","0","1","0","0","1","0","0","0","0","0","0","0","0","0","1","0","0","0","0","0","0","0","1","0","0","0","0","0","0","0","0","8434373","13784080"
"D3","39","Hillsborough","2010","3912513","THE OLIVE GARDEN ITALIAN RESTAURANT","8306 CITRUS PARK DR","TAMPA","33625","3736890","1","Food","Routine - Food","Inspection Completed - No Further Action","07/28/2026","","","0","0","0","0","Y","0","0","0","0","0","0","0","0","0","0","0","0","0","0","0","0","0","0","0","0","0","0","0","0","0","0","0","0","0","0","0","0","0","0","0","0","0","0","0","0","0","0","0","0","0","0","0","0","0","0","0","0","0","0","0","0","0","0","3885281","13775383"
"D3","39","Hillsborough","2010","3912514","BOLAY","402 S DALE MABRY HWY","TAMPA","33609","3711635","1","Food","Routine - Food","Inspection Completed - No Further Action","07/01/2026","","","3","0","0","3","Y","0","1","0","0","0","0","0","0","0","0","0","0","0","0","0","0","0","0","0","0","0","1","0","0","0","0","0","0","0","0","0","0","1","0","0","0","0","0","0","0","0","0","0","0","0","0","0","0","0","0","0","0","0","0","0","0","0","0","8384879","13750128"
"D3","39","Hillsborough","2010","3912524","BILMAR STATION #2","8501 W HILLSBOROUGH AVE","TAMPA","33615","3743264","1","Food","Routine - Food","Warning Issued","07/27/2026","","","6","3","0","3","Y","0","0","0","0","0","0","0","3","0","0","0","1","0","1","0","0","0","0","0","0","0","1","0","0","0","0","0","0","0","0","0","0","0","0","0","0","0","0","0","0","0","0","0","0","0","0","0","0","0","0","0","0","0","0","0","0","0","0","2189432","13781766"
"D3","39","Hillsborough","2010","3912536","TAKE 5 CAFE","3111 W MARTIN LUTHER KING","TAMPA","33607","3678354","2","Food","Routine - Food","Call Back - Admin. complaint recommended","07/09/2026","","","2","0","2","0","Y","0","0","0","0","0","0","0","0","0","0","0","0","0","0","0","0","0","0","0","0","0","1","0","0","0","0","0","0","0","0","0","0","0","0","0","0","0","0","0","0","0","0","0","0","0","0","0","0","0","0","0","0","1","0","0","0","0","0","5825477","13690958"
"D3","39","Hillsborough","2010","3912562","JASON'S DELI","2702 E FOWLER AVE","TAMPA","33612","3717690","1","Food","Routine - Food","Inspection Completed - No Further Action","07/22/2026","","","4","0","1","3","Y","0","1","0","0","0","0","0","0","0","0","0","0","0","0","0","1","0","0","0","0","0","2","0","0","0","0","0","0","0","0","0","0","0","0","0","0","0","0","0","0","0","0","0","0","0","0","0","0","0","0","0","0","0","0","0","0","0","0","7237350","13756183"
"D3","39","Hillsborough","2010","3912579","PALM AVE SANDWICH SHOP","2002 N NEBRASKA AVE","TAMPA","33602","3735433","1","Food","Routine - Food","Warning Issued","07/23/2026","","","6","4","0","2","Y","1","0","2","0","0","1","0","0","0","0","0","0","0","0","0","0","0","0","0","0","0","1","0","0","0","0","0","0","0","0","0","0","0","0","0","0","0","0","0","1","0","0","0","0","0","0","0","0","0","0","0","0","0","0","0","0","0","0","2189541","13773926"
"D3","39","Hillsborough","2010","3912579","PALM AVE SANDWICH SHOP","2002 N NEBRASKA AVE","TAMPA","33602","3735433","2","Food","Routine - Food","Call Back - Complied","07/24/2026","","","1","0","0","1","Y","0","0","0","0","0","0","0","0","0","0","0","0","0","0","0","0","0","0","0","0","0","0","0","0","0","0","0","0","0","0","0","0","0","0","0","0","0","0","0","1","0","0","0","0","0","0","0","0","0","0","0","0","0","0","0","0","0","0","2189541","13857066"
"D3","39","Hillsborough","2010","3912586","CHILI'S #687","17643 BRUCE B DOWNS","TAMPA","33647","3759221","1","Food","Complaint Full","Inspection Completed - No Further Action","07/21/2026","","","1","0","0","1","Y","0","0","0","0","0","0","0","0","0","0","0","0","0","0","0","0","0","0","0","0","0","0","0","0","0","0","0","0","0","0","0","0","0","0","0","1","0","0","0","0","0","0","0","0","0","0","0","0","0","0","0","0","0","0","0","0","0","0","2189555","13852693"
"D3","39","Hillsborough","2010","3912601","GUANABO COFFEE SHOP","3300 W COLUMBUS DR","TAMPA","33607","3735642","1","Food","Routine - Food","Inspection Completed - No Further Action","07/28/2026","","","6","1","1","4","Y","0","1","0","0","0","0","0","1","0","0","0","0","0","1","0","0","0","0","0","0","1","0","0","0","0","0","0","0","1","0","0","0","0","0","0","1","0","0","0","0","0","0","0","0","0","0","0","0","0","0","0","0","0","0","0","0","0","0","6944808","13774135"
"D3","39","Hillsborough","2010","3912604","MANGO JOE'S","10001 N MCKINLEY DR","TAMPA","33612","3748636","1","Food","Routine - Food","Inspection Completed - No Further Action","07/16/2026","","","4","1","1","2","Y","0","0","0","0","0","0","0","0","0","0","0","1","0","1","0","0","0","0","0","0","0","1","0","0","0","0","0","0","0","0","0","0","0","0","1","0","0","0","0","0","0","0","0","0","0","0","0","0","0","0","0","0","0","0","0","0","0","0","2189591","13787138"
"D3","39","Hillsborough","2010","3912605","ROSTO","5621 E FOWLER AVE","TAMPA","33617","3726929","1","Food","Routine - Food","Inspection Completed - No Further Action","07/29/2026","","","6","0","1","5","Y","0","1","0","0","0","0","0","1","0","0","0","0","0","0","0","0","0","0","0","0","0","1","1","0","0","0","0","0","0","0","1","0","0","0","0","0","0","0","0","1","0","0","0","0","0","0","0","0","0","0","0","0","0","0","0","0","0","0","9769881","13765422"
"D3","39","Hillsborough","2010","3912610","SLIDER & FLIGHT","3973  VAN DYKE RD","LUTZ","33558","3692830","2","Food","Routine - Food","Call Back - Complied","07/22/2026","","","2","0","1","1","Y","0","0","0","0","0","0","0","0","0","0","0","0","0","0","0","0","0","0","0","0","0","0","0","0","0","0","0","0","0","0","0","0","0","0","0","1","0","0","0","0","0","0","0","0","0","0","0","0","0","0","0","0","1","0","0","0","0","0","9769121","13700094"
"D3","39","Hillsborough","2010","3912618","SUBWAY 30220","19410 BRUCE B DOWNS BLVD","TAMPA","33647","3697854","2","Food","Complaint Full","Call Back - Complied","07/21/2026","","","0","0","0","0","Y","0","0","0","0","0","0","0","0","0","0","0","0","0","0","0","0","0","0","0","0","0","0","0","0","0","0","0","0","0","0","0","0","0","0","0","0","0","0","0","0","0","0","0","0","0","0","0","0","0","0","0","0","0","0","0","0","0","0","8564605","13698069"
"D3","39","Hillsborough","2010","3912625","MAGGIANO'S LITTLE ITALY #171","203 WESTSHORE PLAZA","TAMPA","33609","3725121","1","Food","Routine - Food","Inspection Completed - No Further Action","07/30/2026","","","3","0","1","2","Y","0","0","0","0","0","0","0","0","0","0","0","0","0","0","0","1","0","0","0","0","0","1","0","1","0","0","0","0","0","0","0","0","0","0","0","0","0","0","0","0","0","0","0","0","0","0","0","0","0","0","0","0","0","0","0","0","0","0","2189620","13763614"
"D3","39","Hillsborough","2010","3912633","CHINA WOK","11212 E MARTIN LUTHER KING JR BLVD","SEFFNER","33584","3752340","1","Food","Routine - Food","Inspection Completed - No Further Action","07/15/2026","","","3","2","1","0","Y","0","0","1","0","0","0","0","0","0","0","0","0","0","2","0","0","0","0","0","0","0","0","0","0","0","0","0","0","0","0","0","0","0","0","0","0","0","0","0","0","0","0","0","0","1","0","0","0","0","0","0","0","0","0","0","0","0","0","9712165","13790842"
"D3","39","Hillsborough","2010","3912668","MR & MRS CRAB JUICY SEAFOOD","15412 N DALE MABRY HWY","TAMPA","33618","3710505","1","Food","Routine - Food","Warning Issued","07/29/2026","","","10","2","4","4","Y","0","2","2","0","0","0","0","2","0","0","0","0","0","0","0","0","0","0","0","0","1","0","0","0","1","0","0","0","0","0","1","0","0","0","0","0","0","0","0","0","0","0","0","0","0","0","0","0","0","0","0","0","1","0","0","0","0","0","7701440","13748998"
"D3","39","Hillsborough","2010","3912668","MR & MRS CRAB JUICY SEAFOOD","15412 N DALE MABRY HWY","TAMPA","33618","3710505","2","Food","Routine - Food","Call Back - Complied","07/30/2026","","","1","0","1","0","Y","0","0","0","0","0","0","0","0","0","0","0","0","0","0","0","0","0","0","0","0","0","0","0","0","0","0","0","0","0","0","0","0","0","0","0","0","0","0","0","0","0","0","0","0","0","0","0","0","0","0","0","0","1","0","0","0","0","0","7701440","13863922"
"D3","39","Hillsborough","2010","3912671","DUNKIN DONUTS/BASKIN ROBBINS","18003 HIGHWOODS PRESERVE PKWY","TAMPA","33647","3742364","1","Food","Routine - Food","Emergency order recommended","07/21/2026","","","3","2","0","1","Y","1","0","0","0","0","0","0","0","0","0","0","0","0","1","0","0","0","0","0","0","0","0","0","0","0","0","0","0","0","0","0","0","0","0","1","0","0","0","0","0","0","0","0","0","0","0","0","0","0","0","0","0","0","0","0","0","0","0","7376950","13780866"
"D3","39","Hillsborough","2010","3912671","DUNKIN DONUTS/BASKIN ROBBINS","18003 HIGHWOODS PRESERVE PKWY","TAMPA","33647","3742364","2","Food","Routine - Food","Emergency Order Callback Complied","07/22/2026","","","0","0","0","0","Y","0","0","0","0","0","0","0","0","0","0","0","0","0","0","0","0","0","0","0","0","0","0","0","0","0","0","0","0","0","0","0","0","0","0","0","0","0","0","0","0","0","0","0","0","0","0","0","0","0","0","0","0","0","0","0","0","0","0","7376950","13853660"
"D3","39","Hillsborough","2010","3912698","CHARLEY'S GRILLED SUBS","2223 N  WEST SHORE BLVD F C 201","TAMPA","33607","3730782","1","Food","Routine - Food","Inspection Completed - No Further Action","07/24/2026","","","7","1","2","4","Y","0","1","0","0","0","0","0","1","0","0","0","1","0","0","0","0","0","0","0","0","0","1","0","0","0","0","0","0","1","0","1","0","0","0","0","0","0","0","0","0","0","1","0","0","0","0","0","0","0","0","0","0","0","0","0","0","0","0","8302633","13769275"
"D3","39","Hillsborough","2010","3912710","O'BRIENS IRISH PUB ","701 W LUMSDEN RD","BRANDON","33511","3761023","1","Food","Complaint Full","Inspection Completed - No Further Action","07/27/2026","","","4","1","1","2","Y","0","0","0","0","0","0","0","0","0","0","0","0","0","0","0","0","0","0","0","0","0","1","1","0","0","0","0","0","0","0","0","0","0","0","0","0","0","0","0","0","0","0","0","0","0","0","0","0","0","1","0","0","1","0","0","0","0","0","7151945","13858464"
"D3","39","Hillsborough","2010","3912713","CHEESECAKE FACTORY (THE)","2223 N WESTSHORE BLVD","TAMPA","33607","3701601","1","Food","Routine - Food","Inspection Completed - No Further Action","07/24/2026","","","6","1","2","3","Y","0","1","0","0","0","0","0","0","0","0","0","0","0","1","0","0","0","0","0","0","1","2","0","0","0","0","0","0","0","0","1","0","0","0","0","0","0","0","0","0","0","0","0","0","0","0","0","0","0","0","0","0","0","0","0","0","0","0","2189739","13740076"
"D3","39","Hillsborough","2010","3912715","SOUTH TAMPA SANDWICH SHOP AND RESTAURANT LLC","6241 S DALE MABRY HWY","TAMPA","33611","3718814","1","Food","Routine - Food","Inspection Completed - No Further Action","07/01/2026","","","3","0","2","1","Y","0","0","0","0","0","1","0","0","0","0","0","0","0","0","0","0","0","0","0","0","0","0","0","0","0","0","0","0","0","0","1","0","0","0","0","0","0","0","0","0","0","0","0","0","0","0","0","0","0","0","0","0","1","0","0","0","0","0","8693193","13757307"
"D3","39","Hillsborough","2010","3912716","BURGER KING #996","2506 W MARTIN LUTHER KING BLVD","TAMPA","33607","3755748","1","Food","Complaint Full","Inspection Completed - No Further Action","07/09/2026","","","1","0","1","0","Y","0","0","0","0","0","0","0","0","0","0","0","0","0","0","0","0","0","0","0","0","0","1","0","0","0","0","0","0","0","0","0","0","0","0","0","0","0","0","0","0","0","0","0","0","0","0","0","0","0","0","0","0","0","0","0","0","0","0","5423697","13821064"
"D3","39","Hillsborough","2010","3912717","CHINA TASTE","3967 VAN DYKE RD #301","LUTZ","33558","3741044","1","Food","Routine - Food","Inspection Completed - No Further Action","07/22/2026","","","6","1","2","3","Y","0","0","0","0","0","0","0","2","0","0","0","1","0","0","0","0","0","0","0","0","0","1","1","0","0","0","0","0","0","0","1","0","0","0","0","0","0","0","0","0","0","0","0","0","0","0","0","0","0","0","0","0","0","0","0","0","0","0","5237844","13779546"
"D3","39","Hillsborough","2010","3912740","NUEVA CANTINA","10033 E ADAMO DR","TAMPA","33619","3761481","1","Food","Complaint Full","Warning Issued","07/28/2026","","","6","3","0","3","Y","0","0","2","0","0","0","0","0","0","1","0","1","0","1","0","0","0","0","0","0","0","0","0","0","1","0","0","0","0","0","0","0","0","0","0","0","0","0","0","0","0","0","0","0","0","0","0","0","0","0","0","0","0","0","0","0","0","0","9655059","13860427"
"D3","39","Hillsborough","2010","3912741","MANILA EATS","1601 S 22  ST","TAMPA","33605","3744527","1","Food","Routine - Food","Inspection Completed - No Further Action","07/29/2026","","","3","0","2","1","Y","0","1","0","0","0","0","0","0","0","0","0","0","0","0","0","0","0","0","0","0","0","2","0","0","0","0","0","0","0","0","0","0","0","0","0","0","0","0","0","0","0","0","0","0","0","0","0","0","0","0","0","0","0","0","0","0","0","0","8921581","13783029"
"D3","39","Hillsborough","2010","3912742","BONEFISH GRILL","3665 HENDERSON BLVD","TAMPA","33609","3715196","1","Food","Routine - Food","Inspection Completed - No Further Action","07/29/2026","","","4","0","0","4","Y","0","0","0","0","0","0","0","0","0","1","0","0","0","1","0","0","0","0","0","0","0","0","0","0","0","0","0","0","1","0","0","0","0","0","0","1","0","0","0","0","0","0","0","0","0","0","0","0","0","0","0","0","0","0","0","0","0","0","5551122","13753689"
"D3","39","Hillsborough","2010","3912743","APPLEBEE'S NEIGHBORHOOD GRILL & BAR","1204 TOWNSGATE CT","PLANT CITY","33567","3755693","1","Food","Food-Licensing Inspection","Warning Issued","07/09/2026","","","6","1","0","5","Y","0","0","1","0","0","0","0","0","0","0","0","0","0","1","0","0","0","0","0","0","0","0","1","0","0","0","0","0","1","0","0","0","0","0","1","1","0","0","0","0","0","0","0","0","0","0","0","0","0","0","0","0","0","0","0","0","0","0","10006605","13820050"
"D3","39","Hillsborough","2010","3912743","APPLEBEE'S NEIGHBORHOOD GRILL & BAR","1204 TOWNSGATE CT","PLANT CITY","33567","3755693","2","Food","Food-Licensing Inspection","Call Back - Complied","07/14/2026","","","1","0","0","1","Y","0","0","0","0","0","0","0","0","0","0","0","0","0","1","0","0","0","0","0","0","0","0","0","0","0","0","0","0","0","0","0","0","0","0","0","0","0","0","0","0","0","0","0","0","0","0","0","0","0","0","0","0","0","0","0","0","0","0","10006605","13842157"
"D3","39","Hillsborough","2010","3912752","OUTBACK STEAKHOUSE","1203 TOWNSGATE CT","PLANT CITY","33563","3708398","1","Food","Routine - Food","Warning Issued","07/14/2026","","","5","2","0","3","Y","0","0","1","0","0","0","0","1","0","0","0","0","0","1","0","0","0","0","0","0","0","0","0","0","0","0","0","0","1","0","0","0","0","0","0","1","0","0","0","0","0","0","0","0","0","0","0","0","0","0","0","0","0","0","0","0","0","0","4047228","13746891"
"D3","39","Hillsborough","2010","3912752","OUTBACK STEAKHOUSE","1203 TOWNSGATE CT","PLANT CITY","33563","3708398","2","Food","Routine - Food","Call Back - Complied","07/16/2026","","","1","0","0","1","Y","0","0","0","0","0","0","0","0","0","0","0","0","0","0","0","0","0","0","0","0","0","0","0","0","0","0","0","0","0","0","0","0","0","0","0","1","0","0","0","0","0","0","0","0","0","0","0","0","0","0","0","0","0","0","0","0","0","0","4047228","13845339"
"D3","39","Hillsborough","2010","3912777","BEEF O BRADY'S","8810 N HIMES AVE","TAMPA","33614","3724539","1","Food","Routine - Food","Warning Issued","07/28/2026","","","9","2","1","6","Y","1","0","1","0","0","0","0","1","0","0","0","1","0","0","0","0","0","0","0","0","0","1","0","0","0","0","0","0","0","0","2","0","0","0","1","0","0","0","0","1","0","0","0","0","0","0","0","0","0","0","0","0","0","0","0","0","0","0","2189813","13763032"
"D3","39","Hillsborough","2010","3912777","BEEF O BRADY'S","8810 N HIMES AVE","TAMPA","33614","3724539","2","Food","Routine - Food","Call Back - Complied","07/29/2026","","","1","0","0","1","Y","0","0","0","0","0","0","0","0","0","0","0","0","0","0","0","0","0","0","0","0","0","1","0","0","0","0","0","0","0","0","0","0","0","0","0","0","0","0","0","0","0","0","0","0","0","0","0","0","0","0","0","0","0","0","0","0","0","0","2189813","13862431"
"D3","39","Hillsborough","2010","3912789","PANERA BREAD #3344","13256 N DALE MABRY","TAMPA","33618","3706356","1","Food","Routine - Food","Inspection Completed - No Further Action","07/17/2026","","","3","0","1","2","Y","0","0","0","0","0","0","0","0","0","0","0","0","0","0","0","0","0","0","0","0","0","1","1","0","1","0","0","0","0","0","0","0","0","0","0","0","0","0","0","0","0","0","0","0","0","0","0","0","0","0","0","0","0","0","0","0","0","0","2189825","13744841"
"D3","39","Hillsborough","2010","3912796","FRANCI'S CAFE","4901 W LINEBAUGH AVE #7","TAMPA","33624","3721928","1","Food","Routine - Food","Inspection Completed - No Further Action","07/28/2026","","","15","5","1","9","Y","0","1","1","0","0","1","0","2","0","0","0","0","0","1","0","0","0","0","0","0","0","0","0","0","1","0","0","0","2","0","1","0","1","0","0","2","0","0","0","0","2","0","0","0","0","0","0","0","0","0","0","0","0","0","0","0","0","0","6297367","13760421"
"D3","39","Hillsborough","2010","3912804","FORDS GARAGE","11105 CAUSEWAY BLVD","BRANDON","33511","3720064","1","Food","Routine - Food","Inspection Completed - No Further Action","07/09/2026","","","5","0","1","4","Y","0","0","0","0","0","1","0","1","0","0","0","0","0","0","0","0","0","0","0","0","0","0","1","1","0","0","0","0","0","0","0","0","0","0","0","0","0","0","0","0","1","0","0","0","0","0","0","0","0","0","0","0","0","0","0","0","0","0","6122138","13758557"
"D3","39","Hillsborough","2010","3912814","THAI RUBY RESTAURANT","15319 AMBERLY DR","TAMPA","33647","3702249","1","Food","Routine - Food","Inspection Completed - No Further Action","07/28/2026","","","2","0","0","2","Y","0","0","0","0","0","0","0","1","0","0","0","0","0","0","0","0","0","0","0","0","0","0","0","0","0","0","0","0","0","0","0","0","0","0","0","1","0","0","0","0","0","0","0","0","0","0","0","0","0","0","0","0","0","0","0","0","0","0","5311203","13740724"
"D3","39","Hillsborough","2010","3912835","AMC THEATRES WESTSHORE PLAZA 14","210 WESTSHORE PLAZA","TAMPA","33609","3728038","1","Food","Routine - Food","Inspection Completed - No Further Action","07/22/2026","","","1","1","0","0","Y","0","0","1","0","0","0","0","0","0","0","0","0","0","0","0","0","0","0","0","0","0","0","0","0","0","0","0","0","0","0","0","0","0","0","0","0","0","0","0","0","0","0","0","0","0","0","0","0","0","0","0","0","0","0","0","0","0","0","4404439","13766531"
"D3","39","Hillsborough","2010","3912842","AMC THEATRES VETERANS EXPRESSWAY 24","9302 ANDERSON RD","TAMPA","33634","3702125","1","Food","Routine - Food","Inspection Completed - No Further Action","07/15/2026","","","3","1","0","2","Y","0","0","0","0","0","0","0","1","0","0","0","0","0","0","0","0","0","0","0","0","0","1","0","0","0","0","0","0","1","0","0","0","0","0","0","0","0","0","0","0","0","0","0","0","0","0","0","0","0","0","0","0","0","0","0","0","0","0","4404434","13740600"
"D3","39","Hillsborough","2010","3912853","ROCCO'S TACOS AND TEQUILA BAR","2223 N WESTSHORE BLVD STE B203","TAMPA","33607","3755979","1","Food","Complaint Full","Warning Issued","07/09/2026","","","11","2","4","5","Y","0","0","1","0","0","0","0","0","0","2","0","2","0","0","0","1","0","0","0","0","2","1","0","0","0","0","0","0","0","0","2","0","0","0","0","0","0","0","0","0","0","0","0","0","0","0","0","0","0","0","0","0","0","0","0","0","0","0","6840057","13842066"
"D3","39","Hillsborough","2010","3912853","ROCCO'S TACOS AND TEQUILA BAR","2223 N WESTSHORE BLVD STE B203","TAMPA","33607","3755979","2","Food","Complaint Full","Call Back - Complied","07/13/2026","","","3","0","1","2","Y","0","0","0","0","0","0","0","0","0","1","0","1","0","0","0","1","0","0","0","0","0","0","0","0","0","0","0","0","0","0","0","0","0","0","0","0","0","0","0","0","0","0","0","0","0","0","0","0","0","0","0","0","0","0","0","0","0","0","6840057","13842197"
"D3","39","Hillsborough","2010","3912867","SUBWAY #23969","3971 VAN DYKE RD","LUTZ","33558","3703527","1","Food","Routine - Food","Inspection Completed - No Further Action","07/17/2026","","","3","0","1","2","Y","0","0","0","0","0","0","0","0","0","0","0","1","0","0","0","0","0","0","0","0","0","1","0","0","0","0","0","0","0","0","0","0","0","0","0","0","0","0","0","0","0","0","0","0","0","0","0","0","0","1","0","0","0","0","0","0","0","0","7252262","13742002"
"D3","39","Hillsborough","2010","3912888","CHICKEN SALAD CHICK","4050 W KENNEDY BLVD","TAMPA","33609","3735889","1","Food","Routine - Food","Inspection Completed - No Further Action","07/23/2026","","","1","0","0","1","Y","0","0","0","0","0","0","0","0","0","0","0","0","0","0","0","0","0","0","0","0","0","0","0","0","0","0","0","0","0","0","0","0","1","0","0","0","0","0","0","0","0","0","0","0","0","0","0","0","0","0","0","0","0","0","0","0","0","0","7239585","13774382"
"D3","39","Hillsborough","2010","3912920","CHILI'S BAR & GRILL","8402 CITRUS PARK DR","TAMPA","33625","3733917","1","Food","Routine - Food","Inspection Completed - No Further Action","07/28/2026","","","2","0","2","0","Y","0","0","0","0","0","0","0","0","0","0","0","0","0","0","0","0","0","0","0","0","0","1","0","0","0","0","0","0","0","0","0","0","0","0","0","0","0","0","0","0","0","0","0","0","0","0","0","0","0","0","0","0","1","0","0","0","0","0","2189974","13772410"
"D3","39","Hillsborough","2010","3912927","HOLIDAY INN EXPRESS","9402 CORP LAKE DR","TAMPA","33634","3708330","1","Food","Routine - Food","Inspection Completed - No Further Action","07/17/2026","","","2","1","0","1","Y","0","0","0","0","0","0","0","0","0","0","0","0","0","0","0","0","0","0","0","0","0","1","1","0","0","0","0","0","0","0","0","0","0","0","0","0","0","0","0","0","0","0","0","0","0","0","0","0","0","0","0","0","0","0","0","0","0","0","3813544","13746823"
"D3","39","Hillsborough","2010","3912930","BEEF O' BRADY'S","2559 SR 60 E","VALRICO","33594","3709503","1","Food","Routine - Food","Inspection Completed - No Further Action","07/28/2026","","","9","1","2","6","Y","0","0","0","0","0","0","0","0","0","2","0","2","0","0","0","1","0","0","0","0","0","0","1","1","1","0","0","0","0","0","0","0","0","0","0","0","0","0","0","0","1","0","0","0","0","0","0","0","0","0","0","0","0","0","0","0","0","0","4090064","13747996"
"D3","39","Hillsborough","2010","3912938","SI-AM THAIMERICAN RESTAURANT","713 N FRANKLIN ST","TAMPA","33602","3741369","1","Food","Routine - Food","Inspection Completed - No Further Action","07/30/2026","","","1","1","0","0","Y","0","0","0","0","0","0","0","1","0","0","0","0","0","0","0","0","0","0","0","0","0","0","0","0","0","0","0","0","0","0","0","0","0","0","0","0","0","0","0","0","0","0","0","0","0","0","0","0","0","0","0","0","0","0","0","0","0","0","6053283","13779871"
"D3","39","Hillsborough","2010","3912939","BOB EVANS RESTAURANT 580","11720 TAMPA GATEWAY BLVD","SEFFNER","33584","3718660","1","Food","Routine - Food","Inspection Completed - No Further Action","07/23/2026","","","5","1","1","3","Y","1","0","0","0","0","0","0","0","0","1","0","0","0","0","0","0","0","0","0","0","0","0","0","0","0","0","0","0","1","0","1","0","0","0","0","1","0","0","0","0","0","0","0","0","0","0","0","0","0","0","0","0","0","0","0","0","0","0","6848589","13757153"
"D3","39","Hillsborough","2010","3912947","KFC","8201 FLORIDA AVE","TAMPA","33604","3740943","1","Food","Routine - Food","Inspection Completed - No Further Action","07/08/2026","","","8","0","4","4","Y","0","0","0","0","0","0","0","1","0","0","1","0","0","0","0","0","0","0","0","0","0","1","1","0","0","0","1","0","0","0","1","0","0","0","0","0","0","0","0","0","0","1","0","0","0","1","0","0","0","0","1","0","0","0","0","0","0","0","4383852","13779445"
"D3","39","Hillsborough","2010","3912958","SAMARIA CAFE","502 N TAMPA ST","TAMPA","33602","3743938","1","Food","Routine - Food","Inspection Completed - No Further Action","07/28/2026","","","10","4","2","4","Y","1","1","2","0","0","0","0","2","0","0","0","0","0","1","0","0","0","0","0","0","1","0","0","0","0","0","0","0","1","0","1","0","0","0","0","0","0","0","0","0","0","0","0","0","0","0","0","0","0","0","0","0","0","0","0","0","0","0","7471679","13782440"
"D3","39","Hillsborough","2010","3912959","LEON’S LOBSTAH SHACK","5314 INTERBAY BLVD","TAMPA","33611","3744892","1","Food","Routine - Food","Inspection Completed - No Further Action","07/16/2026","","","3","0","3","0","Y","0","0","0","0","0","0","0","0","0","0","0","0","0","0","0","0","0","0","0","0","0","1","0","0","0","0","0","0","0","0","0","0","0","0","0","0","0","0","0","0","0","0","0","0","0","0","0","0","0","0","0","0","2","0","0","0","0","0","9149654","13783394"
"D3","39","Hillsborough","2010","3912962","CRACKER BARREL #498","3125 COVE BEND DR","TAMPA","33613","3750562","1","Food","Routine - Food","Inspection Completed - No Further Action","07/21/2026","","","1","0","0","1","Y","0","0","0","0","0","0","0","0","0","0","0","0","0","1","0","0","0","0","0","0","0","0","0","0","0","0","0","0","0","0","0","0","0","0","0","0","0","0","0","0","0","0","0","0","0","0","0","0","0","0","0","0","0","0","0","0","0","0","2190014","13789064"
"D3","39","Hillsborough","2010","3912988","WENDY'S 8888","3601 W HILLSBOROUGH AVE","TAMPA","33614","3726477","1","Food","Routine - Food","Inspection Completed - No Further Action","07/07/2026","","","4","0","0","4","Y","0","0","0","0","0","0","0","0","0","1","0","0","0","0","0","0","0","0","0","0","0","0","0","0","0","0","0","0","0","0","1","0","2","0","0","0","0","0","0","0","0","0","0","0","0","0","0","0","0","0","0","0","0","0","0","0","0","0","9239174","13764970"
"D3","39","Hillsborough","2010","3912991","CAVA","2338 W BRANDON BLVD","BRANDON","33511","3720150","1","Food","Routine - Food","Inspection Completed - No Further Action","07/20/2026","","","1","1","0","0","Y","0","0","0","0","0","0","0","0","0","0","0","0","0","0","0","0","0","0","0","0","0","1","0","0","0","0","0","0","0","0","0","0","0","0","0","0","0","0","0","0","0","0","0","0","0","0","0","0","0","0","0","0","0","0","0","0","0","0","8756165","13758643"
"D3","39","Hillsborough","2010","3913006","TIJUANA FLATS BURRITO CO","2782 FOWLER AVE STE B","TAMPA","33612","3753837","1","Food","Routine - Food","Administrative complaint recommended","07/22/2026","","","7","1","1","5","Y","0","1","0","0","0","0","0","1","0","0","0","1","0","1","0","0","0","0","0","0","0","1","0","0","0","0","0","0","1","0","0","0","0","0","0","0","0","0","0","0","0","0","0","0","0","0","0","0","0","1","0","0","0","0","0","0","0","0","3838729","13792339"
"D3","39","Hillsborough","2010","3913011","BONEFISH GRILL","1015 PROVIDENCE RD","BRANDON","33511","3709034","1","Food","Routine - Food","Inspection Completed - No Further Action","07/28/2026","","","2","0","0","2","Y","0","0","0","0","0","0","0","1","0","0","0","0","0","0","0","0","0","0","0","0","0","0","0","1","0","0","0","0","0","0","0","0","0","0","0","0","0","0","0","0","0","0","0","0","0","0","0","0","0","0","0","0","0","0","0","0","0","0","5551099","13747527"
"D3","39","Hillsborough","2010","3913013","WESTWOOD DELI & CATERING","1408 N WESTSHORE BLVD STE-112","TAMPA","33607","3708714","1","Food","Routine - Food","Inspection Completed - No Further Action","07/16/2026","","","2","0","1","1","Y","0","0","0","0","0","0","0","0","0","0","0","0","1","0","0","0","0","0","0","0","0","1","0","0","0","0","0","0","0","0","0","0","0","0","0","0","0","0","0","0","0","0","0","0","0","0","0","0","0","0","0","0","0","0","0","0","0","0","5364524","13747207"
"D3","39","Hillsborough","2010","3913031","UNCLE JOE'S NEW YORK DINER","1010 US HWY 41 N","RUSKIN","33570","3755649","1","Food","Complaint Full","Administrative complaint recommended","07/14/2026","","","16","2","6","8","Y","0","1","1","0","2","0","0","2","0","1","0","0","0","1","0","0","0","0","0","0","0","1","1","0","0","0","0","0","0","0","1","0","0","0","0","3","0","0","0","0","1","0","0","0","0","0","0","0","0","0","0","0","1","0","0","0","0","0","9539581","13819889"
"D3","39","Hillsborough","2010","3913031","UNCLE JOE'S NEW YORK DINER","1010 US HWY 41 N","RUSKIN","33570","3755649","2","Food","Complaint Full","Call Back - Complied","07/15/2026","","","6","0","1","5","Y","0","0","0","0","0","0","0","0","0","1","0","0","0","1","0","0","0","0","0","0","0","1","1","0","0","0","0","0","0","0","0","0","0","0","0","2","0","0","0","0","0","0","0","0","0","0","0","0","0","0","0","0","0","0","0","0","0","0","9539581","13845323"
"D3","39","Hillsborough","2010","3915409","JOHNSON BARBEQUE PLANT CITY","1407 MARTIN LUTHER KING JR BLVD","PLANT CITY","33563","3726853","1","Food","Routine - Food","Inspection Completed - No Further Action","07/15/2026","","","4","0","0","4","Y","0","0","0","0","0","0","0","0","0","0","0","0","0","2","0","0","0","0","0","0","0","0","0","0","0","0","0","0","0","0","0","0","0","0","0","2","0","0","0","0","0","0","0","0","0","0","0","0","0","0","0","0","0","0","0","0","0","0","2340471","13765346"
"D3","39","Hillsborough","2010","3915433","STEAK N SHAKE","2567 E SR 60","VALRICO","33594","3733016","1","Food","Routine - Food","Inspection Completed - No Further Action","07/16/2026","","","2","0","0","2","Y","0","0","0","0","0","0","0","0","0","0","0","0","0","0","0","0","0","0","0","0","0","0","1","0","0","0","0","0","0","0","0","0","0","0","0","0","0","0","0","0","0","0","0","0","0","0","0","0","0","1","0","0","0","0","0","0","0","0","9653191","13771509"
"D3","39","Hillsborough","2010","3915436","PF CHANG'S BISTRO","219 WESTSHORE PLAZA","TAMPA","33609","3723696","1","Food","Routine - Food","Inspection Completed - No Further Action","07/23/2026","","","2","0","0","2","Y","0","0","0","0","0","0","0","0","0","0","0","0","0","0","0","0","0","0","0","0","0","0","0","1","0","0","0","0","0","0","0","0","0","0","0","1","0","0","0","0","0","0","0","0","0","0","0","0","0","0","0","0","0","0","0","0","0","0","2426488","13762189"
"D3","39","Hillsborough","2010","3915450","WESTSHORE PIZZA","1279  KINGSWAY RD","BRANDON ","33510","3752384","1","Food","Routine - Food","Inspection Completed - No Further Action","07/24/2026","","","8","0","1","7","Y","0","0","0","0","0","0","0","1","0","0","0","1","0","2","0","0","0","0","0","0","0","1","1","0","0","0","0","0","0","0","0","0","0","0","0","2","0","0","0","0","0","0","0","0","0","0","0","0","0","0","0","0","0","0","0","0","0","0","9653142","13790886"
"D3","39","Hillsborough","2010","3915451","HAMADA KABAB","11124 N 30  ST","TAMPA","33612","3670261","2","Food","Routine - Food","Call Back - Complied","07/09/2026","","","3","0","2","1","Y","0","1","0","0","0","0","0","0","0","0","0","0","0","0","0","0","0","0","0","0","0","1","0","0","0","0","0","0","0","0","1","0","0","0","0","0","0","0","0","0","0","0","0","0","0","0","0","0","0","0","0","0","0","0","0","0","0","0","8325852","13689073"
"D3","39","Hillsborough","2010","3915455","SPAIN RESTAURANT","513 TAMPA STREET","TAMPA","33602","3746863","1","Food","Routine - Food","Warning Issued","07/27/2026","","","3","1","1","1","Y","0","0","1","0","0","1","0","0","0","0","0","0","0","0","0","0","0","0","0","0","0","0","0","0","0","0","0","0","0","0","0","0","0","0","0","0","0","0","0","0","0","0","0","0","0","0","0","0","0","0","0","0","1","0","0","0","0","0","2421134","13785365"
"D3","39","Hillsborough","2010","3915479","SUBWAY 18611","3208 LITHIA PINCREST RD","VALRICO","33594","3704422","1","Food","Routine - Food","Warning Issued","07/17/2026","","","1","0","1","0","Y","0","0","0","0","0","0","0","0","0","0","1","0","0","0","0","0","0","0","0","0","0","0","0","0","0","0","0","0","0","0","0","0","0","0","0","0","0","0","0","0","0","0","0","0","0","0","0","0","0","0","0","0","0","0","0","0","0","0","7966109","13742899"
"D3","39","Hillsborough","2010","3915483","RENZO'S","14445 N DALE MABRY HWY","TAMPA","33618","3674465","3","Food","Routine - Food","Call Back - Admin. complaint recommended","07/09/2026","","","1","0","1","0","Y","0","0","0","0","0","0","0","0","0","0","0","0","0","0","0","0","0","0","0","0","0","0","0","0","0","0","0","0","0","0","0","0","0","0","0","0","0","0","0","0","0","0","0","0","0","0","0","0","0","0","0","0","1","0","0","0","0","0","5729600","13689210"
"D3","39","Hillsborough","2010","3915499","QDOBA MEXICAN EATS","17509 PRESERVE WALK LN","TAMPA","33647","3720515","1","Food","Routine - Food","Inspection Completed - No Further Action","07/23/2026","","","1","0","0","1","Y","0","1","0","0","0","0","0","0","0","0","0","0","0","0","0","0","0","0","0","0","0","0","0","0","0","0","0","0","0","0","0","0","0","0","0","0","0","0","0","0","0","0","0","0","0","0","0","0","0","0","0","0","0","0","0","0","0","0","8843788","13759008"
"D3","39","Hillsborough","2010","3915509","CHILI'S GRILL & BAR","3422 LITHIA-PINECREST RD","VALRICO","33596","3721113","1","Food","Routine - Food","Inspection Completed - No Further Action","07/16/2026","","","0","0","0","0","Y","0","0","0","0","0","0","0","0","0","0","0","0","0","0","0","0","0","0","0","0","0","0","0","0","0","0","0","0","0","0","0","0","0","0","0","0","0","0","0","0","0","0","0","0","0","0","0","0","0","0","0","0","0","0","0","0","0","0","2466723","13759606"
"D3","39","Hillsborough","2010","3915517","PACHS PLACE RESTAURANT LLC","601 S DALE MABRY HWY","TAMPA","33609","3716078","1","Food","Routine - Food","Inspection Completed - No Further Action","07/15/2026","","","3","1","0","2","Y","0","1","0","0","0","0","0","0","0","0","0","0","0","1","0","1","0","0","0","0","0","0","0","0","0","0","0","0","0","0","0","0","0","0","0","0","0","0","0","0","0","0","0","0","0","0","0","0","0","0","0","0","0","0","0","0","0","0","6948426","13754571"
"D3","39","Hillsborough","2010","3915525","GOLDEN BOWL","3447 LITHIA PINECREST RD  B104","VALRICO","33596","3684340","2","Food","Routine - Food","Call Back - Complied","07/21/2026","","","0","0","0","0","Y","0","0","0","0","0","0","0","0","0","0","0","0","0","0","0","0","0","0","0","0","0","0","0","0","0","0","0","0","0","0","0","0","0","0","0","0","0","0","0","0","0","0","0","0","0","0","0","0","0","0","0","0","0","0","0","0","0","0","8764823","13698115"
"D3","39","Hillsborough","2010","3915548","VILLAGE INN RESTAURANT","11019 CAUSEWAY BLVD","BRANDON","33511","3719418","1","Food","Routine - Food","Inspection Completed - No Further Action","07/16/2026","","","2","0","0","2","Y","0","0","0","0","0","0","0","0","0","0","0","0","0","0","0","0","0","0","0","0","0","0","1","0","0","0","0","0","0","0","0","0","0","0","0","1","0","0","0","0","0","0","0","0","0","0","0","0","0","0","0","0","0","0","0","0","0","0","9199899","13757911"
"D3","39","Hillsborough","2010","3915589","RETRO HOUSE","934 E HENDERSON AVE STE B","TAMPA","33605","3719021","1","Food","Routine - Food","Inspection Completed - No Further Action","07/14/2026","","","9","1","1","7","Y","0","0","0","0","0","0","0","2","0","0","0","1","0","1","0","1","0","0","0","0","0","0","1","0","0","0","0","0","0","0","0","0","0","0","0","0","0","0","0","1","2","0","0","0","0","0","0","0","0","0","0","0","0","0","0","0","0","0","9230114","13757514"
"D3","39","Hillsborough","2010","3915591","WINGSTOP 135","2776 E  FOWLER AVE","TAMPA","33612","3705702","1","Food","Routine - Food","Inspection Completed - No Further Action","07/17/2026","","","1","0","0","1","Y","0","0","0","0","0","0","0","0","0","0","0","0","0","0","0","0","0","0","0","0","1","0","0","0","0","0","0","0","0","0","0","0","0","0","0","0","0","0","0","0","0","0","0","0","0","0","0","0","0","0","0","0","0","0","0","0","0","0","8858502","13744185"
"D3","39","Hillsborough","2010","3915602","MITA'S COCINA MODERNA","301 W PLATT ST STE C","TAMPA","33606","3698720","1","Food","Food-Licensing Inspection","Inspection Completed - No Further Action","07/10/2026","","","0","0","0","0","Y","0","0","0","0","0","0","0","0","0","0","0","0","0","0","0","0","0","0","0","0","0","0","0","0","0","0","0","0","0","0","0","0","0","0","0","0","0","0","0","0","0","0","0","0","0","0","0","0","0","0","0","0","0","0","0","0","0","0","9972960","13703111"
"D3","39","Hillsborough","2010","3915605","CRACKER BARREL #534","1880 SR 60 E","VALRICO","33594","3728026","1","Food","Routine - Food","Warning Issued","07/22/2026","","","2","0","1","1","Y","0","0","0","0","0","0","0","0","0","0","0","0","0","0","0","0","0","0","0","0","0","1","0","1","0","0","0","0","0","0","0","0","0","0","0","0","0","0","0","0","0","0","0","0","0","0","0","0","0","0","0","0","0","0","0","0","0","0","2522287","13766519"
"D3","39","Hillsborough","2010","3915605","CRACKER BARREL #534","1880 SR 60 E","VALRICO","33594","3728026","2","Food","Routine - Food","Call Back - Complied","07/23/2026","","","0","0","0","0","Y","0","0","0","0","0","0","0","0","0","0","0","0","0","0","0","0","0","0","0","0","0","0","0","0","0","0","0","0","0","0","0","0","0","0","0","0","0","0","0","0","0","0","0","0","0","0","0","0","0","0","0","0","0","0","0","0","0","0","2522287","13855573"
"D3","39","Hillsborough","2010","3915614","SUS HI EATSTATION","2309 E FOWLER AVE","TAMPA","33612","3704166","1","Food","Routine - Food","Inspection Completed - No Further Action","07/23/2026","","","4","1","0","3","Y","0","1","1","0","0","0","0","0","0","0","0","0","0","0","0","0","0","0","0","0","1","0","0","0","0","0","0","0","0","0","0","0","0","0","0","1","0","0","0","0","0","0","0","0","0","0","0","0","0","0","0","0","0","0","0","0","0","0","7425324","13742643"
"D3","39","Hillsborough","2010","3915615","BEST NY PIZZA","14741 N DALE MABRY HWY","TAMPA","33618","3746905","1","Food","Routine - Food","Inspection Completed - No Further Action","07/24/2026","","","7","2","0","5","Y","0","0","0","0","0","0","0","1","0","0","0","0","0","1","0","0","0","0","0","0","0","1","1","0","0","0","0","0","0","0","0","0","1","0","0","0","0","0","0","0","1","0","0","0","0","0","0","0","0","0","1","0","0","0","0","0","0","0","3014876","13785407"
"D3","39","Hillsborough","2010","3915616","CHURCH'S CHICKEN","2219 E FLETCHER AVE","TAMPA","33612","3702011","1","Food","Routine - Food","Inspection Completed - No Further Action","07/17/2026","","","3","1","0","2","Y","0","0","0","0","0","0","0","1","0","0","0","0","0","0","0","0","0","0","0","0","0","0","0","0","0","0","0","0","0","0","0","0","0","0","1","0","0","0","0","0","0","1","0","0","0","0","0","0","0","0","0","0","0","0","0","0","0","0","4021758","13740486"
"D3","39","Hillsborough","2010","3915620","COLD STONE CREAMERY #20656","3426 LITHIA PINECREST RD","VALRICO","33596","3755630","1","Food","Complaint Full","Warning Issued","07/08/2026","","","4","1","1","2","Y","0","0","0","0","0","0","0","1","0","0","0","1","0","0","0","0","0","0","0","0","0","1","0","0","0","0","0","0","0","0","0","0","0","0","0","0","0","0","0","0","0","0","0","0","0","0","0","0","0","0","0","0","1","0","0","0","0","0","6373250","13819781"
"D3","39","Hillsborough","2010","3915621","SUBWAY #25604","1311 KINGSWAY RD","BRANDON","33510","3728206","1","Food","Routine - Food","Administrative complaint recommended","07/21/2026","","","6","0","2","4","Y","0","0","0","0","1","0","0","0","0","0","0","0","0","0","0","0","0","0","0","0","0","3","0","0","0","0","0","0","0","0","0","0","0","0","0","1","0","0","0","0","0","0","0","0","0","0","0","0","0","0","0","0","1","0","0","0","0","0","5248353","13766699"
"D3","39","Hillsborough","2010","3915622","POLLO CAMPERO","1707 E FOWLER AVE","TAMPA","33612","3754666","1","Food","Routine - Food","Administrative complaint recommended","07/30/2026","","","2","2","0","0","Y","0","0","0","0","0","0","0","0","0","0","0","0","0","0","0","0","0","0","0","0","0","1","0","0","0","0","0","0","0","0","0","0","0","0","0","0","0","0","0","0","0","0","0","0","0","0","0","0","0","1","0","0","0","0","0","0","0","0","9167322","13793168"
"D3","39","Hillsborough","2010","3915627","JF KICKS RESTAURANT & PATIO BAR","3345 LITHIA PINECREST RD","VALRICO","33596","3759572","1","Food","Complaint Full","Warning Issued","07/21/2026","","","7","1","1","5","Y","1","0","0","0","0","0","0","0","0","0","0","0","0","0","0","0","0","0","0","0","0","0","1","1","0","0","0","0","1","0","2","0","0","0","0","1","0","0","0","0","0","0","0","0","0","0","0","0","0","0","0","0","0","0","0","0","0","0","7294298","13853428"
"D3","39","Hillsborough","2010","3915635","TALKIN' TACOS","1819 E FOWLER AVE","TAMPA","33612","3706495","1","Food","Routine - Food","Inspection Completed - No Further Action","07/22/2026","","","1","0","0","1","Y","0","0","0","0","0","0","0","0","0","0","0","0","0","0","0","0","0","0","0","0","1","0","0","0","0","0","0","0","0","0","0","0","0","0","0","0","0","0","0","0","0","0","0","0","0","0","0","0","0","0","0","0","0","0","0","0","0","0","9235009","13744980"
"D3","39","Hillsborough","2010","3915645","PANERA BREAD #4154","3490 LITHIA PINECREST RD","VALRICO","33594","3699834","1","Food","Complaint Partial","Inspection Completed - No Further Action","07/07/2026","","","0","0","0","0","Y","0","0","0","0","0","0","0","0","0","0","0","0","0","0","0","0","0","0","0","0","0","0","0","0","0","0","0","0","0","0","0","0","0","0","0","0","0","0","0","0","0","0","0","0","0","0","0","0","0","0","0","0","0","0","0","0","0","0","2564594","13713247"
"D3","39","Hillsborough","2010","3915649","SPARK BY HILTON","10110 HORACE AVE","TAMPA","33619","3640707","2","Food","Routine - Food","Call Back - Complied","07/09/2026","","","0","0","0","0","Y","0","0","0","0","0","0","0","0","0","0","0","0","0","0","0","0","0","0","0","0","0","0","0","0","0","0","0","0","0","0","0","0","0","0","0","0","0","0","0","0","0","0","0","0","0","0","0","0","0","0","0","0","0","0","0","0","0","0","6708682","13684236"
"D3","39","Hillsborough","2010","3915658","BUFFALO WILD WINGS GRILL & BAR","2055 BADLANDS DR","BRANDON","33511","3716537","1","Food","Routine - Food","Warning Issued","07/01/2026","","","3","0","2","1","Y","0","0","0","0","0","0","0","0","0","0","0","0","0","0","0","0","0","0","0","0","0","1","0","1","0","0","0","0","0","0","0","0","0","0","0","0","0","0","0","0","0","0","0","0","0","0","0","0","0","0","0","0","1","0","0","0","0","0","7583510","13755030"
"D3","39","Hillsborough","2010","3915658","BUFFALO WILD WINGS GRILL & BAR","2055 BADLANDS DR","BRANDON","33511","3716537","2","Food","Routine - Food","Call Back - Complied","07/09/2026","","","0","0","0","0","Y","0","0","0","0","0","0","0","0","0","0","0","0","0","0","0","0","0","0","0","0","0","0","0","0","0","0","0","0","0","0","0","0","0","0","0","0","0","0","0","0","0","0","0","0","0","0","0","0","0","0","0","0","0","0","0","0","0","0","7583510","13819903"
"D3","39","Hillsborough","2010","3915664","BOB EVANS RESTAURANT 469","12272 MORRIS BRIDGE RD","TEMPLE TERRACE","33637-1024","3755905","1","Food","Complaint Full","Inspection Completed - No Further Action","07/10/2026","","","3","0","0","3","Y","0","0","0","0","0","0","0","0","0","0","0","0","0","1","0","0","0","0","0","0","0","0","1","0","0","0","0","0","0","0","0","0","0","0","0","1","0","0","0","0","0","0","0","0","0","0","0","0","0","0","0","0","0","0","0","0","0","0","6847554","13841535"
"D3","39","Hillsborough","2010","3915688","THE GALLEY CAFE","107 MANNS HARBOR DRIVE","APOLLO BEACH","33572","3755902","1","Food","Complaint Full","Warning Issued","07/14/2026","","","4","0","2","2","Y","0","0","0","0","0","0","0","0","0","0","0","0","1","0","0","0","0","0","0","0","0","1","0","0","1","0","0","0","0","0","0","0","0","0","0","0","0","0","0","0","0","0","0","0","0","0","0","0","0","0","0","0","1","0","0","0","0","0","3555710","13841517"
"D3","39","Hillsborough","2010","3915694","BAR LOUIE #490","2223 N WESTSHORE BLVD SUITE B-202","TAMPA","33607","3739616","1","Food","Routine - Food","Inspection Completed - No Further Action","07/31/2026","","","7","1","2","4","Y","0","0","0","0","0","0","0","0","0","1","0","0","0","0","0","0","0","0","0","0","0","1","0","0","0","0","0","0","1","0","0","0","0","0","0","1","0","0","0","0","0","0","0","0","0","0","0","0","0","1","0","0","2","0","0","0","0","0","9817872","13778118"
"D3","39","Hillsborough","2010","3915701","CRYSTAL BAY CAFE","800 E TWIGGS ST, 2ND FLOOR","TAMPA","33602","3739473","1","Food","Routine - Food","Inspection Completed - No Further Action","07/23/2026","","","2","1","1","0","Y","0","0","1","0","0","0","0","0","0","0","0","0","0","0","0","0","0","0","0","0","0","0","0","0","0","0","0","0","0","0","0","0","0","0","0","0","0","0","0","0","0","0","0","0","0","0","0","0","0","0","0","0","1","0","0","0","0","0","9704189","13777975"
"D3","39","Hillsborough","2010","3915708","APPLEBEE'S NEIGHBORHOOD GRILL & BAR","4006 W HILLSBOROUGH AVE","TAMPA","33614","3700908","1","Food","Food-Licensing Inspection","Administrative determination recommended","07/14/2026","","","11","1","0","10","Y","0","0","0","0","0","0","0","0","0","0","0","0","0","2","0","1","0","0","0","0","0","0","1","1","0","0","0","0","0","0","0","0","0","0","3","2","0","0","0","0","0","0","0","0","0","0","0","0","0","0","1","0","0","0","0","0","0","0","10006351","13721083"
"D3","39","Hillsborough","2010","3915708","APPLEBEE'S NEIGHBORHOOD GRILL & BAR","4006 W HILLSBOROUGH AVE","TAMPA","33614","3700908","2","Food","Food-Licensing Inspection","Emergency Order Callback Not Complied","07/14/2026","","","9","0","0","9","Y","0","0","0","0","0","0","0","0","0","0","0","0","0","2","0","1","0","0","0","0","0","0","1","1","0","0","0","0","0","0","0","0","0","0","1","2","0","0","0","0","0","0","0","0","0","0","0","0","0","0","1","0","0","0","0","0","0","0","10006351","13845158"
"D3","39","Hillsborough","2010","3915708","APPLEBEE'S NEIGHBORHOOD GRILL & BAR","4006 W HILLSBOROUGH AVE","TAMPA","33614","3700908","3","Food","Food-Licensing Inspection","Emergency Order Callback Complied","07/15/2026","","","2","0","0","2","Y","0","0","0","0","0","0","0","0","0","0","0","0","0","1","0","0","0","0","0","0","0","0","0","0","0","0","0","0","0","0","0","0","0","0","0","1","0","0","0","0","0","0","0","0","0","0","0","0","0","0","0","0","0","0","0","0","0","0","10006351","13845311"
"D3","39","Hillsborough","2010","3915726","MUNCHIES PIZZA & WINGS","11208 E DR MLK JR BLVD","SEFFNER","33584","3733099","1","Food","Routine - Food","Inspection Completed - No Further Action","07/15/2026","","","8","0","0","8","Y","0","0","0","0","0","0","0","0","0","1","0","1","0","1","0","0","0","0","0","0","0","0","1","0","0","0","0","0","0","0","0","0","0","0","0","4","0","0","0","0","0","0","0","0","0","0","0","0","0","0","0","0","0","0","0","0","0","0","9681679","13771592"
"D3","39","Hillsborough","2010","3915760","CAFE ARTEMISA","6807 N MANHATTAN AVE","TAMPA","33614","3709363","1","Food","Routine - Food","Inspection Completed - No Further Action","07/27/2026","","","15","6","1","8","Y","0","1","2","0","1","0","0","1","0","2","0","1","0","1","0","1","0","0","0","0","0","1","1","0","0","0","0","0","0","0","0","0","1","0","0","0","0","0","0","1","1","0","0","0","0","0","0","0","0","0","0","0","0","0","0","0","0","0","5908666","13747856"
"D3","39","Hillsborough","2010","3915774","DUFFYS SPORTS GRILL","1580 N DALE MABRY HWY","TAMPA","33607","3722030","1","Food","Routine - Food","Inspection Completed - No Further Action","07/23/2026","","","2","1","1","0","Y","0","0","1","0","0","0","0","0","0","0","0","0","0","0","0","0","0","0","0","0","0","0","0","0","0","0","0","0","0","0","0","0","0","0","0","0","0","0","0","0","1","0","0","0","0","0","0","0","0","0","0","0","0","0","0","0","0","0","6396744","13760523"
"D3","39","Hillsborough","2010","3915790","CHILI'S GRILLE & BAR","3001 JAMES REDMAN PKWY","PLANT CITY","33566","3718536","1","Food","Routine - Food","Inspection Completed - No Further Action","07/23/2026","","","5","1","2","2","Y","0","0","1","0","0","0","0","0","0","0","0","0","0","0","0","0","0","0","0","0","0","1","1","0","0","0","0","0","0","0","0","0","0","0","0","1","0","0","0","0","1","0","0","0","0","0","0","0","0","0","0","0","0","0","0","0","0","0","2832220","13757029"
"D3","39","Hillsborough","2010","3915803","TIJUANA FLATS BURRITO CO","11007 CAUSEWAY BLVD","BRANDON","33511","3753569","1","Food","Routine - Food","Administrative complaint recommended","07/27/2026","","","10","3","0","7","Y","0","0","1","0","0","0","0","1","0","0","0","1","1","2","0","0","0","0","0","0","1","0","0","0","1","0","0","0","0","0","0","0","0","0","0","0","0","0","0","0","1","0","0","0","0","0","0","0","0","1","0","0","0","0","0","0","0","0","3823057","13792071"
"D3","39","Hillsborough","2010","3915807","NORTH 30TH SPORTS PUB & GRILLE","11402 N 30 ST","TAMPA","33612","3728940","1","Food","Routine - Food","Warning Issued","07/29/2026","","","7","1","3","3","Y","0","1","1","0","0","0","0","0","0","0","1","0","0","0","0","0","0","0","0","0","0","2","0","0","0","0","0","0","0","0","0","0","0","0","0","0","0","0","0","0","0","1","0","0","0","0","0","0","0","0","0","0","1","0","0","0","0","0","6576930","13767433"
"D3","39","Hillsborough","2010","3915815","DOMINO'S PIZZA #3252","1534 BLOOMINGDALE AVE","VALRICO","33596","3749986","1","Food","Routine - Food","Inspection Completed - No Further Action","07/17/2026","","","0","0","0","0","Y","0","0","0","0","0","0","0","0","0","0","0","0","0","0","0","0","0","0","0","0","0","0","0","0","0","0","0","0","0","0","0","0","0","0","0","0","0","0","0","0","0","0","0","0","0","0","0","0","0","0","0","0","0","0","0","0","0","0","8130222","13788488"
"D3","39","Hillsborough","2010","3915817","LONGHORN STEAKHOUSE #5240","2110 E FOWLER AVE","TAMPA","33612","3741442","1","Food","Routine - Food","Inspection Completed - No Further Action","07/23/2026","","","0","0","0","0","Y","0","0","0","0","0","0","0","0","0","0","0","0","0","0","0","0","0","0","0","0","0","0","0","0","0","0","0","0","0","0","0","0","0","0","0","0","0","0","0","0","0","0","0","0","0","0","0","0","0","0","0","0","0","0","0","0","0","0","2842758","13779944"
"D3","39","Hillsborough","2010","3915825","KRYSTAL TMPF09","2625  W HILLSBOROUGH AVE","TAMPA","33614","3745713","1","Food","Routine - Food","Inspection Completed - No Further Action","07/30/2026","","","8","2","1","5","Y","0","0","1","0","0","0","0","0","0","1","0","0","0","1","0","0","0","0","0","0","0","0","1","0","0","0","0","0","1","0","1","0","0","0","0","2","0","0","0","0","0","0","0","0","0","0","0","0","0","0","0","0","0","0","0","0","0","0","9272334","13784215"
"D3","39","Hillsborough","2010","3915842","BOX OF CUBANS","3240 LITHIA PINECREST RD STE 101","VALRICO","33596","3726956","1","Food","Routine - Food","Inspection Completed - No Further Action","07/20/2026","","","2","0","1","1","Y","0","0","0","0","0","0","0","0","0","0","0","0","0","0","0","0","0","0","0","0","0","0","1","0","0","0","0","0","0","0","0","0","0","0","0","0","0","0","0","0","1","0","0","0","0","0","0","0","0","0","0","0","0","0","0","0","0","0","9839207","13765449"
"D3","39","Hillsborough","2010","3915853","THE BRUNCHERY","4389 LYNX PAW TRL","VALRICO","33596","3711974","1","Food","Routine - Food","Inspection Completed - No Further Action","07/29/2026","","","5","1","2","2","Y","0","0","0","0","0","0","0","2","0","0","0","0","0","0","0","0","0","0","0","0","0","0","0","0","0","0","0","0","0","0","1","0","0","0","0","0","0","0","0","1","0","0","0","0","0","0","0","0","0","0","0","0","1","0","0","0","0","0","7256578","13750467"
"D3","39","Hillsborough","2010","3915859","CHICK-FIL-A","3019 COVE BEND DR","TAMPA","33613","3708406","1","Food","Routine - Food","Warning Issued","07/08/2026","","","3","2","0","1","Y","1","0","1","0","0","0","0","0","0","0","0","0","0","0","0","0","0","0","0","0","0","0","0","0","0","0","0","0","0","0","0","0","0","0","0","1","0","0","0","0","0","0","0","0","0","0","0","0","0","0","0","0","0","0","0","0","0","0","2944322","13746899"
"D3","39","Hillsborough","2010","3915859","CHICK-FIL-A","3019 COVE BEND DR","TAMPA","33613","3708406","2","Food","Routine - Food","Call Back - Complied","07/10/2026","","","0","0","0","0","Y","0","0","0","0","0","0","0","0","0","0","0","0","0","0","0","0","0","0","0","0","0","0","0","0","0","0","0","0","0","0","0","0","0","0","0","0","0","0","0","0","0","0","0","0","0","0","0","0","0","0","0","0","0","0","0","0","0","0","2944322","13841417"
"D3","39","Hillsborough","2010","3915900","NY TIMES SQUARE PIZZERIA","226 E BEARSS AVE","TAMPA","33613","3734387","1","Food","Routine - Food","Inspection Completed - No Further Action","07/10/2026","","","1","0","0","1","Y","0","0","0","0","0","0","0","0","0","0","0","0","0","0","0","0","0","0","0","0","0","0","1","0","0","0","0","0","0","0","0","0","0","0","0","0","0","0","0","0","0","0","0","0","0","0","0","0","0","0","0","0","0","0","0","0","0","0","4223977","13772880"
"D3","39","Hillsborough","2010","3915902","TACO BELL","2442 JAMES REDMAN PKWY","PLANT CITY","33566","3699431","1","Food","Complaint Full","Inspection Completed - No Further Action","07/08/2026","","","1","0","1","0","Y","0","0","0","0","0","0","0","0","0","0","0","0","0","0","0","0","0","0","0","0","0","0","0","0","0","0","0","0","0","0","0","0","0","0","0","0","0","0","0","0","0","0","0","0","0","0","0","0","0","0","0","0","1","0","0","0","0","0","5654828","13709574"
"D3","39","Hillsborough","2010","3915906","NEW YORK DINER ","2126 JELANE DR ","VALRICO","33594","3750544","1","Food","Routine - Food","Inspection Completed - No Further Action","07/21/2026","","","5","0","1","4","Y","0","0","0","0","0","0","0","0","0","0","0","0","0","1","0","0","0","0","0","0","0","0","1","1","0","0","0","0","0","0","0","0","0","0","0","1","0","0","0","0","0","0","0","0","0","0","0","0","0","0","0","0","1","0","0","0","0","0","8689264","13789046"
"D3","39","Hillsborough","2010","3915918","BAYSHORE MEDITERRANEAN GRILL","6102 S MACDILL AVE UNIT C","TAMPA","33611","3728981","1","Food","Routine - Food","Inspection Completed - No Further Action","07/28/2026","","","3","1","2","0","Y","0","0","0","0","0","0","0","1","0","0","0","0","0","0","0","0","0","0","0","0","0","0","0","0","0","0","0","0","0","0","0","0","0","0","0","0","0","0","0","0","1","0","0","0","0","0","0","0","0","0","0","0","1","0","0","0","0","0","6695248","13767474"
"D3","39","Hillsborough","2010","3915948","MELLOW MUSHROOM","10959 CAUSEWAY BLVD","BRANDON","33511","3752348","1","Food","Routine - Food","Inspection Completed - No Further Action","07/27/2026","","","6","1","2","3","Y","0","0","0","0","0","0","0","0","0","0","0","0","1","0","0","0","0","0","0","0","1","1","0","1","0","0","0","0","0","0","1","0","0","0","1","0","0","0","0","0","0","0","0","0","0","0","0","0","0","0","0","0","0","0","0","0","0","0","9333254","13790850"
"D3","39","Hillsborough","2010","3915951","MR EMPANADA","3953 W KENNEDY BLVD","TAMPA","33609","3747414","1","Food","Routine - Food","Inspection Completed - No Further Action","07/27/2026","","","2","0","1","1","Y","0","0","0","0","0","0","0","0","0","0","0","0","0","0","0","0","0","0","0","0","0","0","0","0","0","0","0","0","0","0","0","0","0","0","0","0","0","0","0","1","1","0","0","0","0","0","0","0","0","0","0","0","0","0","0","0","0","0","5428103","13785916"
"D3","39","Hillsborough","2010","3915971","LITTLE GREEK","1155 S DALE MABRY HWY #3","TAMPA","33629","3753666","1","Food","Routine - Food","Administrative complaint recommended","07/27/2026","","","3","2","0","1","Y","0","0","0","0","0","0","0","1","0","0","0","0","0","0","0","0","0","0","0","0","0","0","0","0","0","0","0","0","0","0","0","0","0","0","0","0","0","0","0","0","0","0","0","0","0","0","0","0","0","2","0","0","0","0","0","0","0","0","5877845","13792168"
"D3","39","Hillsborough","2010","3915972","LONGSHOTS","6022 WINTHROP TOWN CENTRE AVE","RIVERVIEW","33578","3695587","1","Food","Food-Licensing Inspection","Inspection Completed - No Further Action","07/30/2026","","","8","1","3","4","Y","0","0","0","0","0","0","0","0","0","0","0","0","0","1","0","1","0","0","0","0","0","0","0","0","0","0","0","0","1","0","1","0","0","0","0","1","0","0","0","0","1","1","0","0","0","0","0","0","0","0","1","0","0","0","0","0","0","0","9929521","13671696"
"D3","39","Hillsborough","2010","3916021","PIZZA HUT #4651","11748 MARTIN LUTHER KING JR BLVD","SEFFNER","33584","3726545","1","Food","Routine - Food","Inspection Completed - No Further Action","07/21/2026","","","2","0","0","2","Y","0","0","0","0","0","0","0","0","0","0","0","0","0","1","0","0","0","0","0","0","0","0","1","0","0","0","0","0","0","0","0","0","0","0","0","0","0","0","0","0","0","0","0","0","0","0","0","0","0","0","0","0","0","0","0","0","0","0","7951292","13765038"
"D3","39","Hillsborough","2010","3916025","KEKE'S BREAKFAST CAFÉ","1203 S DALE MABRY HWY","TAMPA","33629","3722352","1","Food","Routine - Food","Inspection Completed - No Further Action","07/21/2026","","","4","0","1","3","Y","0","0","0","0","0","0","0","0","0","0","0","0","0","0","0","0","0","0","0","0","0","2","0","0","0","0","0","0","0","0","0","0","2","0","0","0","0","0","0","0","0","0","0","0","0","0","0","0","0","0","0","0","0","0","0","0","0","0","6874565","13760845"
"D3","39","Hillsborough","2010","3916029","OLDE TOWN PIZZERIA","115 W BLOOMINGDALE AVE","BRANDON","33511","3721065","1","Food","Routine - Food","Inspection Completed - No Further Action","07/15/2026","","","6","1","0","5","Y","0","0","0","0","0","0","0","2","0","1","0","2","0","1","0","0","0","0","0","0","0","0","0","0","0","0","0","0","0","0","0","0","0","0","0","0","0","0","0","0","0","0","0","0","0","0","0","0","0","0","0","0","0","0","0","0","0","0","3232127","13759558"
"D3","39","Hillsborough","2010","3916053","HOKKAIDO RAMEN HOUSE","11417 N DALE MABRY HWY","TAMPA","33618","3755678","1","Food","Food-Licensing Inspection","Inspection Completed - No Further Action","07/21/2026","","","2","0","0","2","Y","0","0","0","0","0","0","0","0","0","0","0","0","0","0","0","0","0","0","0","0","0","0","0","0","0","0","0","0","0","0","0","1","0","0","0","0","0","0","0","0","0","0","0","0","0","0","0","0","0","0","1","0","0","0","0","0","0","0","10005223","13820024"
"D3","39","Hillsborough","2010","3916066","CHIPOTLE MEXICAN GRILL #828","2576 E FOWLER AVE","TAMPA","33612","3714743","1","Food","Routine - Food","Inspection Completed - No Further Action","07/24/2026","","","1","0","0","1","Y","0","0","0","0","0","0","0","0","0","0","0","1","0","0","0","0","0","0","0","0","0","0","0","0","0","0","0","0","0","0","0","0","0","0","0","0","0","0","0","0","0","0","0","0","0","0","0","0","0","0","0","0","0","0","0","0","0","0","3753276","13753236"
"D3","39","Hillsborough","2010","3916067","CHIPOTLE MEXICAN GRILL #813","12827 N DALE MABRY HWY","CARROLLWOOD","33618","3709900","1","Food","Routine - Food","Inspection Completed - No Further Action","07/01/2026","","","2","0","1","1","Y","0","0","0","0","0","0","0","0","0","0","0","0","0","0","0","1","0","0","0","0","0","0","0","0","0","0","0","0","0","0","1","0","0","0","0","0","0","0","0","0","0","0","0","0","0","0","0","0","0","0","0","0","0","0","0","0","0","0","3295141","13748393"
"D3","39","Hillsborough","2010","3916072","MR EMPANADA","7541 W. HILLSBOROUGH AVE","TAMPA","33615","3750458","1","Food","Routine - Food","Inspection Completed - No Further Action","07/24/2026","","","4","0","2","2","Y","0","0","0","0","0","0","0","1","0","0","0","0","0","0","0","0","0","0","0","0","0","1","0","0","0","0","1","0","0","0","1","0","0","0","0","0","0","0","0","0","0","0","0","0","0","0","0","0","0","0","0","0","0","0","0","0","0","0","8563375","13788960"
"D3","39","Hillsborough","2010","3916084","NICK'S PIZZARIA & WINGS","1707 JAMES L REDMAN PARKWAY, SUITE D","PLANT CITY","33563","3665214","2","Food","Routine - Food","Call Back - Admin. complaint recommended","07/16/2026","","","4","0","1","3","Y","0","0","0","0","0","0","0","0","0","0","0","0","0","1","0","0","0","0","0","0","0","0","0","0","0","0","0","0","0","0","0","0","0","0","0","2","0","0","0","0","0","0","0","0","0","0","0","0","0","0","0","0","1","0","0","0","0","0","9074346","13694900"
"D3","39","Hillsborough","2010","3916084","NICK'S PIZZARIA & WINGS","1707 JAMES L REDMAN PARKWAY, SUITE D","PLANT CITY","33563","3700820","1","Food","Complaint Full","Inspection Completed - No Further Action","07/08/2026","","","9","1","1","7","Y","0","0","0","0","0","0","0","0","0","0","0","0","0","1","0","0","0","0","0","0","0","0","1","0","0","0","0","0","0","0","0","0","0","0","1","3","0","0","0","0","1","0","0","0","0","0","0","0","0","1","0","0","1","0","0","0","0","0","9074346","13720839"
"D3","39","Hillsborough","2010","3916092","EGGTOWN LITHIA","10433 SOUTH COUNTY RD 39","LITHIA","33547","3698650","1","Food","Food-Licensing Inspection","Inspection Completed - No Further Action","07/10/2026","","","3","0","0","3","Y","0","0","0","0","0","0","0","1","0","1","0","0","0","0","0","0","0","0","0","0","0","0","0","1","0","0","0","0","0","0","0","0","0","0","0","0","0","0","0","0","0","0","0","0","0","0","0","0","0","0","0","0","0","0","0","0","0","0","9970195","13702018"
"D3","39","Hillsborough","2010","3916100","POLLO TROPICAL RESTAURANT #84","3285 W HILLSBOROUGH AVE","TAMPA","33614","3710512","1","Food","Routine - Food","Inspection Completed - No Further Action","07/23/2026","","","7","1","1","5","Y","0","0","0","0","1","0","0","0","0","0","0","0","0","1","0","0","0","0","0","0","0","1","0","1","0","0","0","0","0","0","0","1","0","0","1","0","0","0","0","0","0","1","0","0","0","0","0","0","0","0","0","0","0","0","0","0","0","0","3362800","13749005"
"D3","39","Hillsborough","2010","3916101","APPLEBEE'S NEIGHBORHOOD GRILL & BAR","10243 BIG BEND RD","RIVERVIEW","33569","3701172","1","Food","Food-Licensing Inspection","Inspection Completed - No Further Action","07/30/2026","","","5","1","1","3","Y","0","0","0","0","0","0","0","0","0","0","0","0","0","0","0","0","0","0","0","0","0","2","0","0","0","0","0","0","1","0","1","0","0","0","0","1","0","0","0","0","0","0","0","0","0","0","0","0","0","0","0","0","0","0","0","0","0","0","10010991","13722992"
"D3","39","Hillsborough","2010","3916108","POLLO TROPICAL #88","6276 W  WATERS AVE","TAMPA","33634-1145","3717224","1","Food","Routine - Food","Inspection Completed - No Further Action","07/31/2026","","","0","0","0","0","Y","0","0","0","0","0","0","0","0","0","0","0","0","0","0","0","0","0","0","0","0","0","0","0","0","0","0","0","0","0","0","0","0","0","0","0","0","0","0","0","0","0","0","0","0","0","0","0","0","0","0","0","0","0","0","0","0","0","0","3374220","13755717"
"D3","39","Hillsborough","2010","3916124","COUNTRY INN & SUITES","4750 N DALE MABRY HWY","TAMPA","33614","3760556","1","Food","Complaint Full","Warning Issued","07/28/2026","","","8","4","2","2","Y","1","0","1","0","0","0","0","0","0","0","0","0","0","0","0","1","0","0","0","0","0","2","0","0","0","0","0","0","0","0","1","0","0","0","1","0","0","0","0","0","0","0","0","0","0","0","0","0","0","1","0","0","0","0","0","0","0","0","3386085","13857367"
"D3","39","Hillsborough","2010","3916124","COUNTRY INN & SUITES","4750 N DALE MABRY HWY","TAMPA","33614","3760556","2","Food","Complaint Full","Call Back - Complied","07/29/2026","","","2","0","2","0","Y","0","0","0","0","0","0","0","0","0","0","0","0","0","0","0","1","0","0","0","0","0","1","0","0","0","0","0","0","0","0","0","0","0","0","0","0","0","0","0","0","0","0","0","0","0","0","0","0","0","0","0","0","0","0","0","0","0","0","3386085","13862208"
"D3","39","Hillsborough","2010","3916130","CHATEAU CELLARS","2009 N 22 ST","TAMPA","33605","3721043","1","Food","Routine - Food","Inspection Completed - No Further Action","07/31/2026","","","2","0","2","0","Y","0","0","0","0","0","0","0","0","0","0","0","0","0","0","0","0","0","0","0","0","0","1","0","0","0","0","0","0","0","0","1","0","0","0","0","0","0","0","0","0","0","0","0","0","0","0","0","0","0","0","0","0","0","0","0","0","0","0","3395646","13759536"
"D3","39","Hillsborough","2010","3916140","CHILIS GRILL AND BAR","1281 E BRANDON BLVD","BRANDON","33511","3739526","1","Food","Routine - Food","Warning Issued","07/20/2026","","","2","2","0","0","Y","0","0","1","0","0","0","0","0","0","0","0","0","0","0","0","0","0","0","0","0","0","0","0","0","0","0","0","0","0","0","0","0","0","0","1","0","0","0","0","0","0","0","0","0","0","0","0","0","0","0","0","0","0","0","0","0","0","0","3409457","13778028"
"D3","39","Hillsborough","2010","3916140","CHILIS GRILL AND BAR","1281 E BRANDON BLVD","BRANDON","33511","3739526","2","Food","Routine - Food","Call Back - Complied","07/21/2026","","","0","0","0","0","Y","0","0","0","0","0","0","0","0","0","0","0","0","0","0","0","0","0","0","0","0","0","0","0","0","0","0","0","0","0","0","0","0","0","0","0","0","0","0","0","0","0","0","0","0","0","0","0","0","0","0","0","0","0","0","0","0","0","0","3409457","13852781"
"D3","39","Hillsborough","2010","3916142","CARRABBA'S ITALIAN GRILL","1205 TOWNSGATE","PLANT CITY","33563","3701314","1","Food","Complaint Full","Inspection Completed - No Further Action","07/08/2026","","","5","0","0","5","Y","0","0","0","0","0","0","0","0","0","0","0","0","1","1","0","0","0","0","0","0","1","0","0","0","0","0","0","0","0","0","1","0","0","0","1","0","0","0","0","0","0","0","0","0","0","0","0","0","0","0","0","0","0","0","0","0","0","0","4047006","13724473"
"D3","39","Hillsborough","2010","3916144","IHOP 36-197","805 S COLLINS ST","PLANT CITY","33563","3759188","1","Food","Complaint Full","Warning Issued","07/21/2026","","","6","3","0","3","Y","0","0","1","0","0","0","0","0","0","0","0","1","0","0","0","0","0","0","0","0","0","1","1","0","0","0","0","0","0","0","0","0","0","0","0","2","0","0","0","0","0","0","0","0","0","0","0","0","0","0","0","0","0","0","0","0","0","0","8682678","13852435"
"D3","39","Hillsborough","2010","3916144","IHOP 36-197","805 S COLLINS ST","PLANT CITY","33563","3759188","2","Food","Complaint Full","Call Back - Complied","07/30/2026","","","3","0","0","3","Y","0","0","0","0","0","0","0","0","0","0","0","0","0","0","0","0","0","0","0","0","0","0","1","0","0","0","0","0","0","0","0","0","0","0","0","2","0","0","0","0","0","0","0","0","0","0","0","0","0","0","0","0","0","0","0","0","0","0","8682678","13853414"
"D3","39","Hillsborough","2010","3916145","PANDA EXPRESS RESTAURANT #1210","1251 E BRANDON BLVD","BRANDON","33511","3745841","1","Food","Routine - Food","Inspection Completed - No Further Action","07/28/2026","","","1","0","1","0","Y","0","0","0","0","0","0","0","0","0","0","0","0","0","0","0","0","0","0","0","0","0","1","0","0","0","0","0","0","0","0","0","0","0","0","0","0","0","0","0","0","0","0","0","0","0","0","0","0","0","0","0","0","0","0","0","0","0","0","3425752","13784343"
"D3","39","Hillsborough","2010","3916151","KIMS CUBAN SANDWICH SHOP","11911A E MLK BLVD","SEFFNER","33584","3731720","1","Food","Routine - Food","Inspection Completed - No Further Action","07/28/2026","","","3","2","0","1","Y","0","0","0","0","0","0","0","1","0","0","0","0","0","1","0","0","0","0","0","0","0","0","0","0","0","0","0","0","0","0","0","0","0","0","1","0","0","0","0","0","0","0","0","0","0","0","0","0","0","0","0","0","0","0","0","0","0","0","6818311","13770213"
"D3","39","Hillsborough","2010","3916179","CALUSA PIZZA AND CRAFT","17695 N DALE MABRY HWY","LUTZ","33548","3701372","2","Food","Complaint Partial","Call Back - Complied","07/24/2026","","","0","0","0","0","Y","0","0","0","0","0","0","0","0","0","0","0","0","0","0","0","0","0","0","0","0","0","0","0","0","0","0","0","0","0","0","0","0","0","0","0","0","0","0","0","0","0","0","0","0","0","0","0","0","0","0","0","0","0","0","0","0","0","0","7934103","13857040"
"D3","39","Hillsborough","2010","3916182","FIVE GUYS BURGERS & FRIES","3841 W KENNEDY BLVD","TAMPA","33609","3734675","1","Food","Routine - Food","Inspection Completed - No Further Action","07/30/2026","","","0","0","0","0","Y","0","0","0","0","0","0","0","0","0","0","0","0","0","0","0","0","0","0","0","0","0","0","0","0","0","0","0","0","0","0","0","0","0","0","0","0","0","0","0","0","0","0","0","0","0","0","0","0","0","0","0","0","0","0","0","0","0","0","5494345","13773168"
"D3","39","Hillsborough","2010","3916194","SALEM'S FRESH EATS","2302 E FLETCHER AVE","TAMPA","33612","3701839","1","Food","Routine - Food","Inspection Completed - No Further Action","07/29/2026","","","2","0","1","1","Y","0","0","0","0","0","0","0","0","0","0","0","0","0","0","0","0","0","0","0","0","0","0","0","0","0","0","0","0","1","0","1","0","0","0","0","0","0","0","0","0","0","0","0","0","0","0","0","0","0","0","0","0","0","0","0","0","0","0","3473948","13740314"
"D3","39","Hillsborough","2010","3916250","MALIO'S PRIME STEAKHOUSE","400 N ASHLEY DR STE 410","TAMPA","33602","3709940","1","Food","Routine - Food","Warning Issued","07/07/2026","","","11","4","3","4","Y","2","0","1","0","0","0","0","1","0","0","0","2","0","0","0","0","0","0","0","0","0","1","0","0","0","0","0","0","1","0","1","0","0","0","0","0","0","0","0","0","1","0","0","0","0","0","0","0","0","0","0","0","1","0","0","0","0","0","3554048","13748433"
"D3","39","Hillsborough","2010","3916250","MALIO'S PRIME STEAKHOUSE","400 N ASHLEY DR STE 410","TAMPA","33602","3709940","2","Food","Routine - Food","Call Back - Complied","07/09/2026","","","3","1","0","2","Y","0","0","1","0","0","0","0","0","0","0","0","0","0","0","0","0","0","0","0","0","0","1","0","0","0","0","0","0","1","0","0","0","0","0","0","0","0","0","0","0","0","0","0","0","0","0","0","0","0","0","0","0","0","0","0","0","0","0","3554048","13821347"
"D3","39","Hillsborough","2010","3916301","BONCHON","2320 E FLETCHER AVE","TAMPA","33612","3706117","1","Food","Routine - Food","Inspection Completed - No Further Action","07/28/2026","","","2","1","0","1","Y","0","1","0","0","0","0","0","1","0","0","0","0","0","0","0","0","0","0","0","0","0","0","0","0","0","0","0","0","0","0","0","0","0","0","0","0","0","0","0","0","0","0","0","0","0","0","0","0","0","0","0","0","0","0","0","0","0","0","9209195","13744600"
"D3","39","Hillsborough","2010","3916307","DIO MODERN  MEDITERRANEAN","519 FRANKLIN ST","TAMPA","33602","3711042","1","Food","Routine - Food","Warning Issued","07/29/2026","","","14","2","5","7","Y","1","0","1","0","0","1","0","1","0","0","0","1","0","1","0","1","0","0","0","0","0","0","0","0","0","0","0","0","0","0","4","0","0","0","0","0","0","0","0","1","0","0","0","0","0","0","0","0","0","0","0","0","2","0","0","0","0","0","3634675","13749535"
"D3","39","Hillsborough","2010","3916309","THE ROLLING CRAB SEAFOOD AND WINGS","1707 JAMES L REDMAN PKWY STE G","PLANT CITY","33563","3730589","1","Food","Routine - Food","Inspection Completed - No Further Action","07/22/2026","","","2","0","0","2","Y","0","0","0","0","0","0","0","0","0","1","0","0","0","1","0","0","0","0","0","0","0","0","0","0","0","0","0","0","0","0","0","0","0","0","0","0","0","0","0","0","0","0","0","0","0","0","0","0","0","0","0","0","0","0","0","0","0","0","8243982","13769082"
"D3","39","Hillsborough","2010","3916312","NEW CHINA / GENERAL ONE","775 W DR MARTIN LUTHER KING JR BLV","SEFFNER","33584","3709030","1","Food","Routine - Food","Warning Issued","07/15/2026","","","7","2","2","3","Y","0","0","1","0","1","0","0","0","0","0","0","0","0","1","0","0","0","0","0","0","0","0","1","0","1","0","0","0","1","0","0","0","0","0","0","0","0","0","0","0","1","0","0","0","0","0","0","0","0","0","0","0","0","0","0","0","0","0","6039222","13747523"
"D3","39","Hillsborough","2010","3916312","NEW CHINA / GENERAL ONE","775 W DR MARTIN LUTHER KING JR BLV","SEFFNER","33584","3709030","2","Food","Routine - Food","Call Back - Complied","07/16/2026","","","3","0","1","2","Y","0","0","0","0","0","0","0","0","0","0","0","0","0","0","0","0","0","0","0","0","0","0","1","0","0","0","0","0","1","0","0","0","0","0","0","0","0","0","0","0","1","0","0","0","0","0","0","0","0","0","0","0","0","0","0","0","0","0","6039222","13848440"
"D3","39","Hillsborough","2010","3916323","TWISTEE TREAT USA LLC","2212 BLOOMINGDALE AVE","VALRICO","33596","3752310","1","Food","Routine - Food","Inspection Completed - No Further Action","07/28/2026","","","3","1","2","0","Y","0","0","1","0","0","0","0","0","0","0","0","0","0","0","0","0","0","0","0","0","0","1","0","0","0","0","0","0","0","0","1","0","0","0","0","0","0","0","0","0","0","0","0","0","0","0","0","0","0","0","0","0","0","0","0","0","0","0","9647851","13790812"
"D3","39","Hillsborough","2010","3916340","CAFE HEY","1540 N FRANKLIN ST","TAMPA","33602","3709617","1","Food","Routine - Food","Inspection Completed - No Further Action","07/28/2026","","","3","1","1","1","Y","0","0","1","0","0","0","0","0","0","1","0","0","0","0","0","0","0","0","0","0","0","0","0","0","0","0","0","0","0","0","0","0","0","0","0","0","0","0","0","0","0","0","0","0","0","0","0","0","0","0","0","0","1","0","0","0","0","0","3671360","13748110"
"D3","39","Hillsborough","2010","3916342","GWAZI PAVILION","3000 E BUSCH BLVD","TAMPA","33612","3740611","1","Food","Routine - Food","Inspection Completed - No Further Action","07/16/2026","","","1","0","0","1","Y","0","0","0","0","0","0","0","0","0","0","0","0","0","0","0","0","0","0","0","0","0","0","0","0","0","0","0","0","0","0","0","0","0","0","0","0","0","0","0","0","0","1","0","0","0","0","0","0","0","0","0","0","0","0","0","0","0","0","3671379","13779113"
"D3","39","Hillsborough","2010","3916361","BUBBAQUES","957 E BRANDON BLVD","BRANDON","33511","3701981","1","Food","Routine - Food","Inspection Completed - No Further Action","07/24/2026","","","3","0","2","1","Y","0","0","0","0","0","0","0","0","0","0","0","1","0","0","0","0","0","0","0","0","0","0","0","0","0","0","0","0","0","0","1","0","0","0","0","0","0","0","0","0","1","0","0","0","0","0","0","0","0","0","0","0","0","0","0","0","0","0","4004328","13740456"
"D3","39","Hillsborough","2010","3916364","ARBYS 8240","3370 SR 60 E","VALRICO","33594","3727190","1","Food","Routine - Food","Inspection Completed - No Further Action","07/27/2026","","","3","0","3","0","Y","0","0","0","0","0","0","0","0","0","0","1","0","0","0","0","0","0","0","0","0","0","0","0","0","0","0","0","0","0","0","0","0","0","0","0","0","0","0","0","0","0","0","0","0","0","0","0","0","0","0","0","0","2","0","0","0","0","0","9820447","13765683"
"D3","39","Hillsborough","2010","3916374","MARCO'S PIZZA","20305 BRUCE B DOWNS","TAMPA","33647","3620619","2","Food","Routine - Food","Call Back - Admin. complaint recommended","07/07/2026","","","2","0","1","1","Y","0","0","0","0","0","0","0","0","0","0","0","0","0","0","0","0","0","0","0","0","0","0","0","0","0","0","0","0","0","0","0","0","0","0","0","0","0","0","0","0","0","0","0","0","0","0","0","0","0","0","1","0","1","0","0","0","0","0","3710222","13688233"
"D3","39","Hillsborough","2010","3916398","MARCOS PIZZA 8012","4711 W GANDY BLVD STE 1","TAMPA","33611","3756111","1","Food","Complaint Full","Administrative complaint recommended","07/14/2026","","","1","1","0","0","Y","0","0","0","0","0","0","0","0","0","0","0","0","0","0","0","0","0","0","0","0","0","0","0","0","0","0","0","0","0","0","0","0","0","0","1","0","0","0","0","0","0","0","0","0","0","0","0","0","0","0","0","0","0","0","0","0","0","0","9474313","13844063"
"D3","39","Hillsborough","2010","3916398","MARCOS PIZZA 8012","4711 W GANDY BLVD STE 1","TAMPA","33611","3756111","2","Food","Complaint Full","Call Back - Complied","07/15/2026","","","0","0","0","0","Y","0","0","0","0","0","0","0","0","0","0","0","0","0","0","0","0","0","0","0","0","0","0","0","0","0","0","0","0","0","0","0","0","0","0","0","0","0","0","0","0","0","0","0","0","0","0","0","0","0","0","0","0","0","0","0","0","0","0","9474313","13845182"
"D3","39","Hillsborough","2010","3916406","GREAT WALL CHINESE RESTAURANT","603 US HWY 41 N","RUSKIN","33570","3728039","1","Food","Routine - Food","Inspection Completed - No Further Action","07/15/2026","","","9","0","1","8","Y","0","1","0","0","0","0","0","1","0","0","0","0","0","1","0","0","0","0","0","0","2","1","0","0","1","0","0","0","0","0","0","0","0","0","0","1","0","0","0","1","0","0","0","0","0","0","0","0","0","0","0","0","0","0","0","0","0","0","4404441","13766532"
"D3","39","Hillsborough","2010","3916433","FAIRFIELD INN AND  SUITES TAMPA FAIRGROUNDS","6720 LAKEVIEW CENTER DR","TAMPA","33619","3624098","2","Food","Routine - Food","Call Back - Complied","07/20/2026","","","1","0","1","0","Y","0","0","0","0","0","0","0","0","0","0","0","0","0","0","0","0","0","0","0","0","0","0","0","0","0","0","0","0","0","0","1","0","0","0","0","0","0","0","0","0","0","0","0","0","0","0","0","0","0","0","0","0","0","0","0","0","0","0","8755982","13693914"
"D3","39","Hillsborough","2010","3916461","RESTAURANTE LA NUEVA MILAGROSA","3210 N ARMENIA AVE","TAMPA","33607","3719347","1","Food","Routine - Food","Inspection Completed - No Further Action","07/28/2026","","","3","1","1","1","Y","0","1","1","0","0","0","0","0","0","0","0","0","0","1","0","0","0","0","0","0","0","0","0","0","0","0","0","0","0","0","0","0","0","0","0","0","0","0","0","0","0","0","0","0","0","0","0","0","0","0","0","0","0","0","0","0","0","0","7749800","13757840"
"D3","39","Hillsborough","2010","3916484","CHICKEN SALAD CHICK","2304 JAMES L REDMAN PKWY","PLANT CITY","33563","3739311","1","Food","Routine - Food","Inspection Completed - No Further Action","07/27/2026","","","1","1","0","0","Y","0","0","0","0","0","0","0","0","0","0","0","0","0","1","0","0","0","0","0","0","0","0","0","0","0","0","0","0","0","0","0","0","0","0","0","0","0","0","0","0","0","0","0","0","0","0","0","0","0","0","0","0","0","0","0","0","0","0","9616671","13777813"
"D3","39","Hillsborough","2010","3916492","WESTIN TAMPA BAY AQUA","7627 COURTNEY CAMPBELL CAUSEWAY","TAMPA","33607","3677488","3","Food","Routine - Food","Call Back - Complied","07/09/2026","","","2","0","1","1","Y","0","0","0","0","0","0","0","0","0","0","0","0","0","0","0","0","0","0","0","0","0","0","0","0","0","0","0","0","0","0","0","1","0","0","0","0","0","0","0","0","0","0","0","0","0","0","0","0","0","0","1","0","0","0","0","0","0","0","8836352","13690189"
"D3","39","Hillsborough","2010","3916500","MOE'S SOUTHWEST GRILL #581","2453 N DALE MABRY HIGHWAY","TAMPA","33607","3704034","1","Food","Routine - Food","Inspection Completed - No Further Action","07/28/2026","","","1","0","0","1","Y","0","0","0","0","0","0","0","0","0","0","0","0","0","0","0","0","0","0","0","0","0","1","0","0","0","0","0","0","0","0","0","0","0","0","0","0","0","0","0","0","0","0","0","0","0","0","0","0","0","0","0","0","0","0","0","0","0","0","7635886","13742510"
"D3","39","Hillsborough","2010","3916534","COMFORT SUITES","5421 W WATERS AVE","TAMPA","33634","3609162","2","Food","Routine - Food","Call Back - Complied","07/07/2026","","","0","0","0","0","Y","0","0","0","0","0","0","0","0","0","0","0","0","0","0","0","0","0","0","0","0","0","0","0","0","0","0","0","0","0","0","0","0","0","0","0","0","0","0","0","0","0","0","0","0","0","0","0","0","0","0","0","0","0","0","0","0","0","0","3907353","13685225"
"D3","39","Hillsborough","2010","3916534","COMFORT SUITES","5421 W WATERS AVE","TAMPA","33634","3721206","1","Food","Routine - Food","Inspection Completed - No Further Action","07/07/2026","","","0","0","0","0","Y","0","0","0","0","0","0","0","0","0","0","0","0","0","0","0","0","0","0","0","0","0","0","0","0","0","0","0","0","0","0","0","0","0","0","0","0","0","0","0","0","0","0","0","0","0","0","0","0","0","0","0","0","0","0","0","0","0","0","3907353","13759699"
"D3","39","Hillsborough","2010","3916535","CHIPOTLE MEXICAN GRILL","2223 N WESTSHORE BLVD","TAMPA","33607","3710443","1","Food","Routine - Food","Warning Issued","07/24/2026","","","5","1","0","4","Y","0","0","0","0","0","0","0","0","0","0","0","1","0","0","0","0","0","0","0","0","1","1","0","0","0","0","0","0","0","0","0","0","0","0","1","1","0","0","0","0","0","0","0","0","0","0","0","0","0","0","0","0","0","0","0","0","0","0","5639981","13748936"
"D3","39","Hillsborough","2010","3916535","CHIPOTLE MEXICAN GRILL","2223 N WESTSHORE BLVD","TAMPA","33607","3710443","2","Food","Routine - Food","Call Back - Admin. complaint recommended","07/28/2026","","","1","1","0","0","Y","0","0","0","0","0","0","0","0","0","0","0","0","0","0","0","0","0","0","0","0","0","0","0","0","0","0","0","0","0","0","0","0","0","0","1","0","0","0","0","0","0","0","0","0","0","0","0","0","0","0","0","0","0","0","0","0","0","0","5639981","13858568"
"D3","39","Hillsborough","2010","3916535","CHIPOTLE MEXICAN GRILL","2223 N WESTSHORE BLVD","TAMPA","33607","3710443","3","Food","Routine - Food","Call Back - Admin. complaint recommended","07/30/2026","","","1","1","0","0","Y","0","0","0","0","0","0","0","0","0","0","0","0","0","0","0","0","0","0","0","0","0","0","0","0","0","0","0","0","0","0","0","0","0","0","1","0","0","0","0","0","0","0","0","0","0","0","0","0","0","0","0","0","0","0","0","0","0","0","5639981","13862567"
"D3","39","Hillsborough","2010","3916540","SARKU JAPAN","8021 CITRUS PARK TOWN CTR DR #2010","TAMPA","33625","3690176","2","Food","Routine - Food","Call Back - Complied","07/14/2026","","","2","0","1","1","Y","0","0","0","0","0","0","0","0","0","0","0","0","0","1","0","0","0","0","0","0","0","1","0","0","0","0","0","0","0","0","0","0","0","0","0","0","0","0","0","0","0","0","0","0","0","0","0","0","0","0","0","0","0","0","0","0","0","0","3916428","13691027"
"D3","39","Hillsborough","2010","3916540","SARKU JAPAN","8021 CITRUS PARK TOWN CTR DR #2010","TAMPA","33625","3705202","1","Food","Routine - Food","Inspection Completed - No Further Action","07/14/2026","","","5","3","2","0","Y","0","0","2","0","0","0","0","0","0","0","0","0","0","0","0","0","0","0","0","0","0","2","0","0","0","0","0","0","0","0","1","0","0","0","0","0","0","0","0","0","0","0","0","0","1","0","0","0","0","0","0","0","0","0","0","0","0","0","3916428","13743682"
"D3","39","Hillsborough","2010","3916553","BOBBY'S SANDWICH SHOP","2903 N ARMENIA","TAMPA","33607","3734314","1","Food","Routine - Food","Inspection Completed - No Further Action","07/30/2026","","","9","3","3","3","Y","0","1","1","0","0","0","0","2","0","1","0","1","0","0","0","0","0","0","0","0","0","1","0","0","0","0","1","0","1","0","0","0","0","0","0","0","0","0","0","0","0","0","0","0","0","0","0","0","0","0","0","0","0","0","0","0","0","0","3936486","13772807"
"D3","39","Hillsborough","2010","3916577","MARCOS PIZZA 8031","2909 JAMES L REDMAN PKWY, STE 105","PLANT CITY","33566","3719269","1","Food","Routine - Food","Inspection Completed - No Further Action","07/27/2026","","","4","0","0","4","Y","0","0","0","0","0","0","0","0","0","0","0","0","0","2","0","0","0","0","0","0","0","0","1","0","0","0","0","0","0","0","0","0","0","0","0","0","0","0","0","0","0","0","0","0","0","0","0","0","0","0","1","0","0","0","0","0","0","0","9269195","13757762"
"D3","39","Hillsborough","2010","3916579","FRESH KITCHEN","4616 W KENNEDY BLVD","TAMPA","33609","3736371","1","Food","Routine - Food","Inspection Completed - No Further Action","07/20/2026","","","1","0","0","1","Y","0","0","0","0","0","0","0","0","0","1","0","0","0","0","0","0","0","0","0","0","0","0","0","0","0","0","0","0","0","0","0","0","0","0","0","0","0","0","0","0","0","0","0","0","0","0","0","0","0","0","0","0","0","0","0","0","0","0","6957358","13774864"
"D3","39","Hillsborough","2010","3916624","KONA GRILL","4134 W BOY SCOUT BLVD B1","TAMPA","33607","3736022","1","Food","Routine - Food","Inspection Completed - No Further Action","07/27/2026","","","8","3","3","2","Y","0","0","2","0","0","0","0","0","0","0","0","0","0","0","0","1","0","0","0","0","1","1","0","0","0","0","0","0","1","0","1","0","0","0","0","1","0","0","0","0","0","0","0","0","0","0","0","0","0","0","0","0","0","0","0","0","0","0","7546831","13774515"
"D3","39","Hillsborough","2010","3916633","QDOBA MEXICAN GRILL #624","3801 W GANDY BLVD STE A","TAMPA","33611","3721233","1","Food","Routine - Food","Inspection Completed - No Further Action","07/15/2026","","","2","0","1","1","Y","0","0","0","0","0","0","0","0","0","0","0","0","0","0","0","0","0","0","0","0","0","1","0","0","0","0","0","0","0","0","0","0","0","0","0","1","0","0","0","0","0","0","0","0","0","0","0","0","0","0","0","0","0","0","0","0","0","0","4024645","13759726"
"D3","39","Hillsborough","2010","3916638","EL CAFETAL BAKERY AND RESTAURANT CORP","4304 S DALE MABRY HWY STE 1","TAMPA","33611","3723966","1","Food","Routine - Food","Inspection Completed - No Further Action","07/22/2026","","","2","0","0","2","Y","0","0","0","0","0","0","0","0","0","0","0","0","0","0","0","0","0","0","0","0","0","0","1","1","0","0","0","0","0","0","0","0","0","0","0","0","0","0","0","0","0","0","0","0","0","0","0","0","0","0","0","0","0","0","0","0","0","0","8248435","13762459"
"D3","39","Hillsborough","2010","3916646","KELP SUSHI JOINT","6507 W WATERS AVE","TAMPA","33634","3701332","2","Food","Complaint Full","Call Back - Complied","07/01/2026","","","0","0","0","0","Y","0","0","0","0","0","0","0","0","0","0","0","0","0","0","0","0","0","0","0","0","0","0","0","0","0","0","0","0","0","0","0","0","0","0","0","0","0","0","0","0","0","0","0","0","0","0","0","0","0","0","0","0","0","0","0","0","0","0","4017732","13819895"
"D3","39","Hillsborough","2010","3916664","HAAGEN DAZS NESTLE TOLL HOUSE","8035 CITRUS PARK TOWN CTR","TAMPA","33625","3637452","2","Food","Routine - Food","Call Back - Complied","07/14/2026","","","1","0","0","1","Y","0","0","0","0","0","0","0","0","0","0","0","0","0","0","0","0","0","0","0","0","0","0","0","0","0","0","0","0","0","0","0","0","0","0","0","1","0","0","0","0","0","0","0","0","0","0","0","0","0","0","0","0","0","0","0","0","0","0","4343703","13690987"
"D3","39","Hillsborough","2010","3916664","HAAGEN DAZS NESTLE TOLL HOUSE","8035 CITRUS PARK TOWN CTR","TAMPA","33625","3726125","1","Food","Routine - Food","Inspection Completed - No Further Action","07/14/2026","","","3","0","0","3","Y","0","0","0","0","0","0","0","1","0","0","0","1","0","0","0","0","0","0","0","0","0","0","0","0","0","0","0","0","0","0","0","0","0","0","0","1","0","0","0","0","0","0","0","0","0","0","0","0","0","0","0","0","0","0","0","0","0","0","4343703","13764618"
"D3","39","Hillsborough","2010","3916697","URBAN CANTINA","200 E MADISON ST","TAMPA","33602","3754221","1","Food","Routine - Food","Inspection Completed - No Further Action","07/09/2026","","","18","5","6","7","Y","0","1","1","0","0","0","0","2","0","1","0","2","0","1","0","1","0","0","0","0","1","3","0","0","0","0","0","0","0","0","4","0","0","0","0","0","0","0","0","1","0","0","0","0","0","0","0","0","0","0","0","0","0","0","0","0","0","0","4078999","13792723"
"D3","39","Hillsborough","2010","3916733","LAS PALMAS LATIN GRILL","6431 E COUNTY LINE RD STE 104","TAMPA","33647","3689370","2","Food","Routine - Food","Call Back - Complied","07/21/2026","","","0","0","0","0","Y","0","0","0","0","0","0","0","0","0","0","0","0","0","0","0","0","0","0","0","0","0","0","0","0","0","0","0","0","0","0","0","0","0","0","0","0","0","0","0","0","0","0","0","0","0","0","0","0","0","0","0","0","0","0","0","0","0","0","7245070","13698886"
"D3","39","Hillsborough","2010","3916747","RED ROBIN AMERICAS GOURMET BURGERS & BREWS","7982 CITRUS PARK TOWN CENTER","TAMPA","33625","3728674","1","Food","Routine - Food","Warning Issued","07/21/2026","","","4","0","3","1","Y","0","1","0","0","0","0","0","0","0","0","0","0","0","0","0","0","0","0","0","0","0","1","0","0","0","0","0","0","0","0","1","0","0","0","0","0","0","0","0","0","0","0","0","0","0","0","0","0","0","0","0","0","1","0","0","0","0","0","4159695","13767167"
"D3","39","Hillsborough","2010","3916778","BELLA CUCINA","1507 SUN CITY CENTER BLVD","SUN CITY CENTER","33573","3601372","2","Food","Routine - Food","Call Back - Complied","07/01/2026","","","5","0","1","4","Y","0","0","0","0","0","0","0","0","0","0","0","0","0","2","0","0","0","0","0","0","0","1","1","0","0","0","0","0","0","0","0","0","0","0","0","1","0","0","0","0","0","0","0","0","0","0","0","0","0","0","0","0","0","0","0","0","0","0","4191329","13683787"
"D3","39","Hillsborough","2010","3916781","KISO SUSHI","11780 E DR MARTIN LUTHER KING JR BLV","SEFFNER","33584","3750933","1","Food","Routine - Food","Warning Issued","07/16/2026","","","6","1","1","4","Y","0","0","1","0","0","0","0","0","0","0","0","0","0","0","0","0","0","0","0","0","0","0","2","0","0","0","0","0","0","0","2","0","0","0","0","1","0","0","0","0","0","0","0","0","0","0","0","0","0","0","0","0","0","0","0","0","0","0","6955564","13789435"
"D3","39","Hillsborough","2010","3916781","KISO SUSHI","11780 E DR MARTIN LUTHER KING JR BLV","SEFFNER","33584","3750933","2","Food","Routine - Food","Call Back - Complied","07/21/2026","","","0","0","0","0","Y","0","0","0","0","0","0","0","0","0","0","0","0","0","0","0","0","0","0","0","0","0","0","0","0","0","0","0","0","0","0","0","0","0","0","0","0","0","0","0","0","0","0","0","0","0","0","0","0","0","0","0","0","0","0","0","0","0","0","6955564","13849829"
"D3","39","Hillsborough","2010","3916837","FIRST WATCH RESTAURANTS #104","3712 HENDERSON BLVD","TAMPA","33609","3742951","1","Food","Routine - Food","Warning Issued","07/27/2026","","","3","1","1","1","Y","0","0","0","0","0","0","0","0","0","0","0","0","0","1","0","0","0","0","0","0","0","2","0","0","0","0","0","0","0","0","0","0","0","0","0","0","0","0","0","0","0","0","0","0","0","0","0","0","0","0","0","0","0","0","0","0","0","0","4241903","13781453"
"D3","39","Hillsborough","2010","3916837","FIRST WATCH RESTAURANTS #104","3712 HENDERSON BLVD","TAMPA","33609","3742951","2","Food","Routine - Food","Call Back - Complied","07/28/2026","","","0","0","0","0","Y","0","0","0","0","0","0","0","0","0","0","0","0","0","0","0","0","0","0","0","0","0","0","0","0","0","0","0","0","0","0","0","0","0","0","0","0","0","0","0","0","0","0","0","0","0","0","0","0","0","0","0","0","0","0","0","0","0","0","4241903","13860269"
"D3","39","Hillsborough","2010","3916867","EL SABOR LATINO RESTAURANT","1515 E FLETCHER AVE B & C","TAMPA","33612","3742466","1","Food","Routine - Food","Inspection Completed - No Further Action","07/29/2026","","","4","0","2","2","Y","0","1","0","0","0","0","0","0","0","0","0","0","0","0","0","0","0","0","0","0","0","1","0","1","0","0","0","0","0","0","0","0","0","0","0","0","0","0","0","0","1","0","0","0","0","0","0","0","0","0","0","0","0","0","0","0","0","0","7536880","13780968"
"D3","39","Hillsborough","2010","3916875","TAMPA PIZZA COMPANY","777 N ASHLEY DR STE C","TAMPA","33602","3736099","1","Food","Routine - Food","Inspection Completed - No Further Action","07/21/2026","","","5","2","0","3","Y","0","0","1","0","0","0","0","1","0","0","0","1","0","1","0","0","0","0","0","0","0","0","0","0","0","0","0","0","0","0","0","0","0","0","0","0","0","0","0","1","0","0","0","0","0","0","0","0","0","0","0","0","0","0","0","0","0","0","7594000","13774592"
"D3","39","Hillsborough","2010","3916899","GREENLANE","4495 W GANDY BLVD","TAMPA","33611","3750667","1","Food","Routine - Food","Inspection Completed - No Further Action","07/16/2026","","","0","0","0","0","Y","0","0","0","0","0","0","0","0","0","0","0","0","0","0","0","0","0","0","0","0","0","0","0","0","0","0","0","0","0","0","0","0","0","0","0","0","0","0","0","0","0","0","0","0","0","0","0","0","0","0","0","0","0","0","0","0","0","0","8752954","13789169"
"D3","39","Hillsborough","2010","3916924","CHINA HOUSE","4050 W HILLSBOROUGH AVE","TAMPA","33614","3746514","1","Food","Routine - Food","Inspection Completed - No Further Action","07/14/2026","","","12","3","1","8","Y","0","0","0","0","0","1","0","3","0","1","0","1","0","2","0","0","0","0","0","0","1","0","0","0","0","0","0","0","0","0","1","0","0","0","0","0","0","0","0","1","1","0","0","0","0","0","0","0","0","0","0","0","0","0","0","0","0","0","9508298","13785016"
"D3","39","Hillsborough","2010","3916956","THE LANDING BAR AND GRILL","4351 LYNX PAW TRAIL","VALRICO","33596","3705041","1","Food","Routine - Food","Warning Issued","07/10/2026","","","2","1","0","1","Y","0","0","1","0","0","0","0","0","0","0","0","0","0","0","0","0","0","0","0","0","1","0","0","0","0","0","0","0","0","0","0","0","0","0","0","0","0","0","0","0","0","0","0","0","0","0","0","0","0","0","0","0","0","0","0","0","0","0","8388982","13743520"
"D3","39","Hillsborough","2010","3916956","THE LANDING BAR AND GRILL","4351 LYNX PAW TRAIL","VALRICO","33596","3705041","2","Food","Routine - Food","Call Back - Complied","07/15/2026","","","0","0","0","0","Y","0","0","0","0","0","0","0","0","0","0","0","0","0","0","0","0","0","0","0","0","0","0","0","0","0","0","0","0","0","0","0","0","0","0","0","0","0","0","0","0","0","0","0","0","0","0","0","0","0","0","0","0","0","0","0","0","0","0","8388982","13843284"
"D3","39","Hillsborough","2010","3917090","PAPA JOHNS PIZZA #4163","512 E HILLSBOROUGH AVE","TAMPA","33604","3730874","1","Food","Routine - Food","Inspection Completed - No Further Action","07/09/2026","","","4","0","0","4","Y","0","0","0","0","0","0","0","1","0","0","0","0","1","0","0","0","0","0","0","0","0","0","0","0","0","0","0","0","0","0","0","1","0","0","0","0","0","0","0","0","0","1","0","0","0","0","0","0","0","0","0","0","0","0","0","0","0","0","5295470","13769367"
"D3","39","Hillsborough","2010","3917120","TACO BELL","3803 W MINNEHAHA ST","TAMPA","33614","3736262","1","Food","Routine - Food","Inspection Completed - No Further Action","07/29/2026","","","7","0","3","4","Y","0","1","0","0","0","0","0","0","0","0","0","0","0","1","0","0","0","0","0","0","0","2","1","0","0","0","0","0","0","0","0","0","2","0","0","0","0","0","0","0","0","0","0","0","0","0","0","0","0","0","0","0","0","0","0","0","0","0","5654796","13774755"
"D3","39","Hillsborough","2010","3917127","THE AIROSPHERE","622 WARE BLVD","TAMPA","33619","3723114","1","Food","Routine - Food","Warning Issued","07/23/2026","","","8","0","4","4","Y","0","0","0","0","0","0","0","0","0","0","0","0","0","0","0","0","0","0","0","0","0","1","1","0","0","0","0","0","1","0","1","0","0","0","0","1","0","0","0","0","0","0","0","0","0","0","0","0","0","0","1","0","2","0","0","0","0","0","7572426","13761607"
"D3","39","Hillsborough","2010","3917130","CEPAS TAPAS","5330 EHRLICH ROAD STE 103","TAMPA","33624","3682154","2","Food","Routine - Food","Call Back - Admin. complaint recommended","07/21/2026","","","1","0","1","0","Y","0","0","0","0","0","0","0","0","0","0","0","0","0","0","0","0","0","0","0","0","0","0","0","0","0","0","0","0","0","0","0","0","0","0","0","0","0","0","0","0","0","0","0","0","0","0","0","0","0","0","0","0","1","0","0","0","0","0","5289767","13696935"
"D3","39","Hillsborough","2010","3917136","HOTEL FLOR THE DAN RESTAURANT","905 N FLORIDA  AVE","TAMPA","33602","3760520","1","Food","Complaint Full","Warning Issued","07/24/2026","","","4","2","1","1","Y","0","0","1","0","0","0","0","0","0","0","0","0","0","0","0","0","0","0","0","0","1","1","0","0","0","0","0","0","0","0","1","0","0","0","0","0","0","0","0","0","0","0","0","0","0","0","0","0","0","0","0","0","0","0","0","0","0","0","8929378","13857012"
"D3","39","Hillsborough","2010","3917136","HOTEL FLOR THE DAN RESTAURANT","905 N FLORIDA  AVE","TAMPA","33602","3760520","2","Food","Complaint Full","Call Back - Extension given, pending","07/27/2026","","","1","1","0","0","Y","0","0","0","0","0","0","0","0","0","0","0","0","0","0","0","0","0","0","0","0","0","1","0","0","0","0","0","0","0","0","0","0","0","0","0","0","0","0","0","0","0","0","0","0","0","0","0","0","0","0","0","0","0","0","0","0","0","0","8929378","13858444"
"D3","39","Hillsborough","2010","3917143","HUNGRY HOWIES #197","6104 N US HIGHWAY 41","APOLLO BEACH","33572","3715901","1","Food","Routine - Food","Inspection Completed - No Further Action","07/30/2026","","","1","0","0","1","Y","0","0","0","0","0","0","0","0","0","0","0","0","0","0","0","0","0","0","0","0","0","0","0","0","0","0","0","0","0","0","0","0","0","0","0","0","0","0","0","0","0","1","0","0","0","0","0","0","0","0","0","0","0","0","0","0","0","0","5370331","13754394"
"D3","39","Hillsborough","2010","3917149","RACHELS PLACE","10061 W HILLSBOROUGH AVE","TAMPA","33615","3637338","2","Food","Routine - Food","Call Back - Admin. complaint recommended","07/14/2026","","","2","0","1","1","Y","0","0","0","0","0","0","0","0","0","0","0","0","0","0","0","0","0","0","0","0","0","1","0","0","0","0","0","0","0","0","0","0","0","0","0","0","0","0","0","0","0","0","0","0","0","0","0","0","0","0","0","0","1","0","0","0","0","0","7444439","13693381"
"D3","39","Hillsborough","2010","3917160","ORLANYLIZ FOOD SERVICES LLC","10422  N DALE MABRY HWY","TAMPA","33618","3714294","1","Food","Routine - Food","Inspection Completed - No Further Action","07/22/2026","","","16","1","3","12","Y","0","1","0","0","0","0","0","1","0","0","1","1","0","2","0","1","0","0","0","0","1","1","0","0","0","0","0","0","0","0","2","0","1","0","0","1","0","0","0","1","0","1","0","0","0","0","0","0","0","0","1","0","0","0","0","0","0","0","9979283","13752787"
"D3","39","Hillsborough","2010","3917176","YOGURTOLOGY","3017 W GANDY BLVD","TAMPA","33611","3724564","1","Food","Routine - Food","Inspection Completed - No Further Action","07/16/2026","","","2","0","1","1","Y","0","0","0","0","0","0","0","0","0","0","0","0","0","0","0","0","0","0","0","0","0","0","0","0","0","0","0","0","0","0","1","0","0","0","0","1","0","0","0","0","0","0","0","0","0","0","0","0","0","0","0","0","0","0","0","0","0","0","5362344","13763057"
"D3","39","Hillsborough","2010","3917187","CASA MEXICANA BAR & GRILL INC","3642-B W GANDY BLVD","TAMPA","33611","3730248","1","Food","Routine - Food","Inspection Completed - No Further Action","07/15/2026","","","5","1","3","1","Y","0","0","0","0","0","0","0","1","0","0","0","0","0","0","0","0","0","0","0","0","0","1","0","0","0","0","0","0","0","0","1","0","0","0","0","0","0","0","0","0","0","0","0","0","0","0","0","0","0","0","1","0","1","0","0","0","0","0","6610446","13768741"
"D3","39","Hillsborough","2010","3917218","SUNSET LOTUS","514 N FRANKLIN ST STE 105","TAMPA","33602","3739682","1","Food","Routine - Food","Warning Issued","07/21/2026","","","8","4","2","2","Y","0","0","1","0","0","0","0","3","0","1","0","0","0","1","0","0","0","0","0","0","0","0","0","0","0","0","0","0","0","0","1","0","0","0","0","0","0","0","0","0","0","0","0","0","0","0","0","0","0","0","0","0","1","0","0","0","0","0","9766591","13778184"
"D3","39","Hillsborough","2010","3917218","SUNSET LOTUS","514 N FRANKLIN ST STE 105","TAMPA","33602","3739682","2","Food","Routine - Food","Call Back - Extension given, pending","07/23/2026","","","3","0","1","2","Y","0","0","0","0","0","0","0","1","0","1","0","0","0","0","0","0","0","0","0","0","0","0","0","0","0","0","0","0","0","0","0","0","0","0","0","0","0","0","0","0","0","0","0","0","0","0","0","0","0","0","0","0","1","0","0","0","0","0","9766591","13853874"
"D3","39","Hillsborough","2010","3917225","FORTUNE KITCHEN USF","2592  E BEARSS AVE","TAMPA","33613","3707596","1","Food","Routine - Food","Inspection Completed - No Further Action","07/30/2026","","","3","2","0","1","Y","0","0","0","0","0","0","0","1","0","0","0","0","0","2","0","0","0","0","0","0","0","0","0","0","0","0","0","0","0","0","0","0","0","0","0","0","0","0","0","0","0","0","0","0","0","0","0","0","0","0","0","0","0","0","0","0","0","0","9841171","13746085"
"D3","39","Hillsborough","2010","3917226","GRIMALDI'S PIZZERIA","253 WESTSHORE PLAZA STE B1","TAMPA","33609","3708793","1","Food","Routine - Food","Inspection Completed - No Further Action","07/22/2026","","","1","0","0","1","Y","0","0","0","0","0","0","0","0","0","0","0","0","0","0","0","0","0","0","0","0","0","0","0","1","0","0","0","0","0","0","0","0","0","0","0","0","0","0","0","0","0","0","0","0","0","0","0","0","0","0","0","0","0","0","0","0","0","0","5485554","13747286"
"D3","39","Hillsborough","2010","3917236","AJISAI SUSHI","2101 E FOWLER AVE","TAMPA","33612","3725218","1","Food","Routine - Food","Warning Issued","07/29/2026","","","19","5","4","10","Y","1","2","1","0","0","0","0","4","0","2","0","1","0","3","0","0","0","0","0","0","1","1","0","0","0","0","1","0","0","0","0","0","0","0","1","0","0","0","0","0","1","0","0","0","0","0","0","0","0","0","0","0","0","0","0","0","0","0","8615929","13763711"
"D3","39","Hillsborough","2010","3917252","EL TIPICO CRIOLLO RESTAURANT","4721 NORMANDY DR","TAMPA","33615","3710959","1","Food","Routine - Food","Administrative complaint recommended","07/27/2026","","","6","0","3","3","Y","0","0","0","0","0","0","0","2","0","0","0","1","0","0","0","0","0","0","0","0","0","1","0","0","0","0","0","0","0","0","1","0","0","0","0","0","0","0","0","0","0","0","0","0","0","0","0","0","0","0","1","0","0","0","0","0","0","0","7212096","13749452"
"D3","39","Hillsborough","2010","3917256","FIRST WATCH RESTAURANT #126","11305 CAUSEWAY BLVD","BRANDON","33511","3743001","1","Food","Routine - Food","Inspection Completed - No Further Action","07/27/2026","","","0","0","0","0","Y","0","0","0","0","0","0","0","0","0","0","0","0","0","0","0","0","0","0","0","0","0","0","0","0","0","0","0","0","0","0","0","0","0","0","0","0","0","0","0","0","0","0","0","0","0","0","0","0","0","0","0","0","0","0","0","0","0","0","5533727","13781503"
"D3","39","Hillsborough","2010","3917257","TAMPA BURGERS AND PIRATES","777 N ASHLEY DR STE D1","TAMPA","33602","3738739","1","Food","Routine - Food","Inspection Completed - No Further Action","07/27/2026","","","4","1","1","2","Y","0","0","1","0","0","0","0","0","0","0","0","0","0","1","0","0","0","0","0","0","0","1","0","0","0","0","0","0","0","0","1","0","0","0","0","0","0","0","0","0","0","0","0","0","0","0","0","0","0","0","0","0","0","0","0","0","0","0","9311098","13777240"
"D3","39","Hillsborough","2010","3917263","SANROKUKU LLC","220 W BRANDON BLVD UNIT 104","BRANDON","33511","3700111","1","Food","Food-Licensing Inspection","Inspection Completed - No Further Action","07/16/2026","","","0","0","0","0","Y","0","0","0","0","0","0","0","0","0","0","0","0","0","0","0","0","0","0","0","0","0","0","0","0","0","0","0","0","0","0","0","0","0","0","0","0","0","0","0","0","0","0","0","0","0","0","0","0","0","0","0","0","0","0","0","0","0","0","9976311","13714590"
"D3","39","Hillsborough","2010","3917291","FIRST WATCH #1042","2326 W BRANDON BLVD","BRANDON","33511","3705635","1","Food","Routine - Food","Inspection Completed - No Further Action","07/17/2026","","","0","0","0","0","Y","0","0","0","0","0","0","0","0","0","0","0","0","0","0","0","0","0","0","0","0","0","0","0","0","0","0","0","0","0","0","0","0","0","0","0","0","0","0","0","0","0","0","0","0","0","0","0","0","0","0","0","0","0","0","0","0","0","0","8770664","13744117"
"D3","39","Hillsborough","2010","3917299","LA CABANA RESTAURANT","5302 N ARMENIA AVE","TAMPA","33603","3758374","1","Food","Complaint Full","Inspection Completed - No Further Action","07/20/2026","","","8","2","1","5","Y","0","1","0","0","0","0","0","0","0","1","0","1","0","1","0","0","0","0","0","0","0","0","0","0","0","0","0","0","0","0","1","1","0","0","0","0","0","0","0","1","0","0","0","0","0","0","0","0","0","1","0","0","0","0","0","0","0","0","5609569","13849892"
"D3","39","Hillsborough","2010","3917316","SOFRESH #001","2774 E FOWLER","TAMPA","33612","3750739","1","Food","Routine - Food","Inspection Completed - No Further Action","07/17/2026","","","5","0","3","2","Y","0","1","0","0","0","0","0","0","0","0","0","0","0","1","0","1","0","0","0","0","0","1","0","0","0","0","0","0","1","0","0","0","0","0","0","0","0","0","0","0","0","0","0","0","0","0","0","0","0","0","0","0","0","0","0","0","0","0","8805929","13789241"
"D3","39","Hillsborough","2010","3917338","CHARANN'S TAVERN","6748 MEMORIAL HWY","TAMPA","33615","3703803","1","Food","Routine - Food","Inspection Completed - No Further Action","07/16/2026","","","7","2","3","2","Y","0","1","0","0","0","0","0","1","0","0","0","0","0","1","0","0","0","0","0","0","0","1","0","0","0","0","0","0","0","0","0","0","0","0","0","1","0","0","0","0","1","0","0","0","0","0","0","0","0","0","0","0","1","0","0","0","0","0","7538240","13742278"
"D3","39","Hillsborough","2010","3917367","OE MARKET PLACE","125 S HYDE PARK AVE","TAMPA","33606","3663934","2","Food","Routine - Food","Call Back - Admin. complaint recommended","07/30/2026","","","1","0","1","0","Y","0","0","1","0","0","0","0","0","0","0","0","0","0","0","0","0","0","0","0","0","0","0","0","0","0","0","0","0","0","0","0","0","0","0","0","0","0","0","0","0","0","0","0","0","0","0","0","0","0","0","0","0","0","0","0","0","0","0","5707352","13704515"
"D3","39","Hillsborough","2010","3917384","DOMINO'S 8632","947 E BRANDON BLVD","BRANDON","33511","3703472","1","Food","Routine - Food","Inspection Completed - No Further Action","07/24/2026","","","1","0","1","0","Y","0","0","0","0","0","0","0","0","0","0","0","0","0","0","0","0","0","0","0","0","0","0","0","0","0","0","0","0","0","0","1","0","0","0","0","0","0","0","0","0","0","0","0","0","0","0","0","0","0","0","0","0","0","0","0","0","0","0","7291432","13741947"
"D3","39","Hillsborough","2010","3917392","PANERA BREAD BAKERY","6001 W WATERS AVE","TAMPA","33634","3734929","1","Food","Routine - Food","Inspection Completed - No Further Action","07/31/2026","","","3","0","1","2","Y","0","0","0","0","0","0","0","1","0","0","0","0","0","1","0","0","0","0","0","0","0","1","0","0","0","0","0","0","0","0","0","0","0","0","0","0","0","0","0","0","0","0","0","0","0","0","0","0","0","0","0","0","0","0","0","0","0","0","5780144","13773422"
"D3","39","Hillsborough","2010","3917415","MR EMPANADA","4029 W SOUTH AVE","TAMPA","33614","3741320","1","Food","Routine - Food","Inspection Completed - No Further Action","07/24/2026","","","4","1","1","2","Y","0","1","0","0","0","0","0","0","0","0","0","0","0","0","0","0","0","0","0","0","0","1","0","0","0","0","0","0","0","0","0","1","0","0","1","0","0","0","0","0","0","0","0","0","0","0","0","0","0","0","0","0","0","0","0","0","0","0","5693972","13779822"
"D3","39","Hillsborough","2010","3917432","RENE'S MEXICAN KITCHEN AT 17TH","2802 N 16 ST","TAMPA","33605","3751251","1","Food","Routine - Food","Inspection Completed - No Further Action","07/27/2026","","","7","1","1","5","Y","0","0","0","0","0","1","0","0","0","0","0","0","0","0","0","1","0","0","0","0","0","1","0","0","0","0","0","0","0","0","0","0","0","0","1","2","0","0","0","0","1","0","0","0","0","0","0","0","0","0","0","0","0","0","0","0","0","0","8879659","13789753"
"D3","39","Hillsborough","2010","3917441","TWISTED TALES PRETZELS","3605 E BOUGAINVILLA AVE","TAMPA","33612","3715302","1","Food","Routine - Food","Warning Issued","07/16/2026","","","1","1","0","0","Y","0","0","1","0","0","0","0","0","0","0","0","0","0","0","0","0","0","0","0","0","0","0","0","0","0","0","0","0","0","0","0","0","0","0","0","0","0","0","0","0","0","0","0","0","0","0","0","0","0","0","0","0","0","0","0","0","0","0","5835092","13753795"
"D3","39","Hillsborough","2010","3917441","TWISTED TALES PRETZELS","3605 E BOUGAINVILLA AVE","TAMPA","33612","3715302","2","Food","Routine - Food","Call Back - Complied","07/21/2026","","","0","0","0","0","Y","0","0","0","0","0","0","0","0","0","0","0","0","0","0","0","0","0","0","0","0","0","0","0","0","0","0","0","0","0","0","0","0","0","0","0","0","0","0","0","0","0","0","0","0","0","0","0","0","0","0","0","0","0","0","0","0","0","0","5835092","13849909"
"D3","39","Hillsborough","2010","3917442","FROZEN TREATS","3605 E BOUGAINVILLA AVE","TAMPA","33612","3734803","1","Food","Routine - Food","Inspection Completed - No Further Action","07/16/2026","","","1","0","1","0","Y","0","0","0","0","0","0","0","0","0","0","0","0","0","0","0","1","0","0","0","0","0","0","0","0","0","0","0","0","0","0","0","0","0","0","0","0","0","0","0","0","0","0","0","0","0","0","0","0","0","0","0","0","0","0","0","0","0","0","5835125","13773296"
"D3","39","Hillsborough","2010","3917443","TOT TOPIA","3605 E BOUGAINVILLA AVE","TAMPA","33612","3728420","1","Food","Routine - Food","Inspection Completed - No Further Action","07/16/2026","","","1","0","0","1","Y","0","0","0","0","0","0","0","0","0","0","0","0","0","0","0","0","0","0","0","0","0","1","0","0","0","0","0","0","0","0","0","0","0","0","0","0","0","0","0","0","0","0","0","0","0","0","0","0","0","0","0","0","0","0","0","0","0","0","5835141","13766913"
"D3","39","Hillsborough","2010","3917457","CHIPOTLE MEXICAN GRILL","3696 WEST GANDY BOULEVARD","TAMPA","33611","3717218","1","Food","Routine - Food","Inspection Completed - No Further Action","07/27/2026","","","1","0","0","1","Y","0","0","0","0","0","0","0","0","0","0","0","0","0","0","0","0","0","0","0","0","0","0","0","0","0","0","0","0","0","0","0","0","1","0","0","0","0","0","0","0","0","0","0","0","0","0","0","0","0","0","0","0","0","0","0","0","0","0","5866699","13755711"
"D3","39","Hillsborough","2010","3917467","KUCHI SUSHI AND HIBACHI","9206 ANDERSON RD","TAMPA","33634","3722255","1","Food","Routine - Food","Administrative complaint recommended","07/22/2026","","","17","7","4","6","Y","0","1","3","0","0","0","0","3","0","0","0","1","0","1","0","0","0","0","0","0","0","3","0","0","0","0","0","0","1","0","2","0","0","0","0","0","0","0","0","0","1","0","0","0","0","0","0","0","0","0","0","0","1","0","0","0","0","0","6742843","13760748"
"D3","39","Hillsborough","2010","3917467","KUCHI SUSHI AND HIBACHI","9206 ANDERSON RD","TAMPA","33634","3722255","2","Food","Routine - Food","Call Back - Complied","07/23/2026","","","2","0","1","1","Y","0","0","0","0","0","0","0","0","0","0","0","0","0","0","0","0","0","0","0","0","0","2","0","0","0","0","0","0","0","0","0","0","0","0","0","0","0","0","0","0","0","0","0","0","0","0","0","0","0","0","0","0","0","0","0","0","0","0","6742843","13855989"
"D3","39","Hillsborough","2010","3917474","MALONEYS LOCAL IRISH PUB","1120 E KENNEDY BLVD","TAMPA","33602","3748949","1","Food","Routine - Food","Inspection Completed - No Further Action","07/08/2026","","","9","2","3","4","Y","0","0","1","0","0","0","0","1","0","0","0","1","0","0","0","0","0","0","0","0","1","2","0","0","0","0","0","0","0","0","2","0","0","0","0","0","0","0","0","0","0","0","0","0","0","0","0","0","0","0","0","0","0","1","0","0","0","0","5869172","13787451"
"D3","39","Hillsborough","2010","3917483","SAUCY BY KFC","5706 W WATERS AVE","TAMPA","33634","3726753","1","Food","Routine - Food","Warning Issued","07/09/2026","","","3","2","1","0","Y","0","0","1","0","0","0","0","0","0","0","0","0","0","0","0","0","0","0","0","0","0","0","0","0","0","0","0","0","1","0","0","0","0","0","0","0","0","0","0","0","0","0","0","0","0","0","0","0","0","0","0","0","1","0","0","0","0","0","9772753","13765246"
"D3","39","Hillsborough","2010","3917488","CHICK FIL A AT GANDY BLVD","3678 WEST GANDY BOULEVARD","TAMPA","33611","3721830","1","Food","Routine - Food","Inspection Completed - No Further Action","07/21/2026","","","1","0","0","1","Y","0","0","0","0","0","0","0","0","0","0","0","0","0","0","0","0","0","0","0","0","0","0","1","0","0","0","0","0","0","0","0","0","0","0","0","0","0","0","0","0","0","0","0","0","0","0","0","0","0","0","0","0","0","0","0","0","0","0","5914845","13760323"
"D3","39","Hillsborough","2010","3917489","SUSHI NINJA TAMPA LLC","3018 W KENNEDY BLVD","TAMPA","33609","3734902","1","Food","Routine - Food","Inspection Completed - No Further Action","07/28/2026","","","6","1","1","4","Y","0","0","0","0","0","0","0","2","0","0","0","0","0","0","0","0","0","0","0","0","2","1","0","0","0","0","0","0","0","0","0","0","0","0","0","0","0","0","0","1","0","0","0","0","0","0","0","0","0","0","0","0","0","0","0","0","0","0","5776325","13773395"
"D3","39","Hillsborough","2010","3917491","MR. B'S CAFE","3401 N NEBRASKA AVE","TAMPA","33603","3633578","3","Food","Routine - Food","Call Back - Admin. complaint recommended","07/29/2026","","","1","0","1","0","Y","0","0","0","0","0","0","0","0","0","0","0","0","0","0","0","0","0","0","0","0","0","0","0","0","0","0","0","0","0","0","0","0","0","0","0","0","0","0","0","0","0","0","0","0","0","0","0","0","0","0","1","0","0","0","0","0","0","0","6787908","13711026"
"D3","39","Hillsborough","2010","3917496","THE ANCHOR BAR","514 N FRANKLIN ST, UNIT 104","TAMPA","33602","3749879","1","Food","Routine - Food","Inspection Completed - No Further Action","07/28/2026","","","7","4","0","3","Y","2","0","0","0","0","0","0","2","0","0","0","0","0","2","0","0","0","0","0","0","0","0","0","0","0","0","0","0","0","0","0","0","0","0","0","0","0","0","0","1","0","0","0","0","0","0","0","0","0","0","0","0","0","0","0","0","0","0","5645822","13788381"
"D3","39","Hillsborough","2010","3917519","JERSEY MIKE'S SUBS","3684 W GANDY BLVD #206","TAMPA","33611","3748007","1","Food","Routine - Food","Inspection Completed - No Further Action","07/27/2026","","","2","0","0","2","Y","0","0","0","0","0","0","0","0","0","1","0","0","0","1","0","0","0","0","0","0","0","0","0","0","0","0","0","0","0","0","0","0","0","0","0","0","0","0","0","0","0","0","0","0","0","0","0","0","0","0","0","0","0","0","0","0","0","0","6274630","13786509"
"D3","39","Hillsborough","2010","3917550","THE FLORIDIAN","4534 W KENNEDY BOULEVARD","TAMPA","33609","3699499","1","Food","Complaint Full","Administrative complaint recommended","07/08/2026","","","10","2","3","5","Y","0","0","0","0","0","0","0","0","0","0","0","1","0","0","0","0","0","0","0","0","0","1","2","0","0","0","0","0","0","0","0","0","0","0","0","2","0","0","0","1","0","0","0","0","0","0","0","0","0","1","0","0","2","0","0","0","0","0","6017170","13709931"
"D3","39","Hillsborough","2010","3917556","WAFFLE HOUSE #2158","4459 W HILLSBOROUGH AVE","TAMPA","33614","3702768","1","Food","Routine - Food","Inspection Completed - No Further Action","07/22/2026","","","6","2","1","3","Y","1","0","1","0","0","0","0","0","0","0","0","0","0","0","0","0","0","0","0","0","0","2","0","0","0","0","0","0","0","0","0","0","1","0","0","1","0","0","0","0","0","0","0","0","0","0","0","0","0","0","0","0","0","0","0","0","0","0","6043572","13741243"
"D3","39","Hillsborough","2010","3917566","COOK'S CORP","2902 W GANDY BLVD","TAMPA","33611","3747693","1","Food","Routine - Food","Inspection Completed - No Further Action","07/09/2026","","","0","0","0","0","Y","0","0","0","0","0","0","0","0","0","0","0","0","0","0","0","0","0","0","0","0","0","0","0","0","0","0","0","0","0","0","0","0","0","0","0","0","0","0","0","0","0","0","0","0","0","0","0","0","0","0","0","0","0","0","0","0","0","0","5992249","13786195"
"D3","39","Hillsborough","2010","3917582","EMPANADAS & AREPAS FACTORY","5602 N ARMENIA AVE","TAMPA","33603","3748299","1","Food","Routine - Food","Inspection Completed - No Further Action","07/09/2026","","","3","1","0","2","Y","0","0","0","0","0","0","0","2","0","0","0","0","0","0","0","0","0","0","0","0","0","0","0","0","0","0","0","0","0","0","0","0","0","0","0","1","0","0","0","0","0","0","0","0","0","0","0","0","0","0","0","0","0","0","0","0","0","0","7041315","13786801"
"D3","39","Hillsborough","2010","3917583","LAVILLA MEXICAN GRILL","4377 LYNX PAW TRAIL","VALRICO","33596","3737653","1","Food","Routine - Food","Warning Issued","07/17/2026","","","2","1","1","0","Y","0","0","0","0","0","0","0","1","0","0","0","0","0","0","0","0","0","0","0","0","0","0","0","0","0","0","0","0","0","0","0","0","0","0","0","0","0","0","0","0","0","0","0","0","0","0","0","0","0","0","0","0","1","0","0","0","0","0","6098018","13776146"
"D3","39","Hillsborough","2010","3917585","HUNGRY HOWIES PIZZA & SUBS #177","10042 S US HWY 301","RIVERVIEW","33578","3705197","1","Food","Routine - Food","Warning Issued","07/17/2026","","","7","0","2","5","Y","0","0","0","0","0","0","0","1","0","0","0","1","1","0","0","0","0","0","0","0","0","1","0","1","1","0","0","0","0","0","0","0","0","0","0","0","0","0","0","0","0","0","0","0","0","0","0","0","0","0","0","0","1","0","0","0","0","0","6113723","13743677"
"D3","39","Hillsborough","2010","3917597","BURGER KING #21396","2415 THONOTOSASSA RD","PLANT CITY","33563","3741419","1","Food","Routine - Food","Inspection Completed - No Further Action","07/27/2026","","","4","1","1","2","Y","0","0","1","0","1","0","0","0","0","0","0","0","0","1","0","0","0","0","0","0","0","1","0","0","0","0","0","0","0","0","0","0","0","0","0","0","0","0","0","0","0","0","0","0","0","0","0","0","0","0","0","0","0","0","0","0","0","0","6128250","13779921"
"D3","39","Hillsborough","2010","3917605","DRAGON FIRE GRILL","3605 E BOUGAINVILLEA AVE","TAMPA","33612","3734974","1","Food","Routine - Food","Inspection Completed - No Further Action","07/16/2026","","","2","2","0","0","Y","1","0","1","0","0","0","0","0","0","0","0","0","0","0","0","0","0","0","0","0","0","0","0","0","0","0","0","0","0","0","0","0","0","0","0","0","0","0","0","0","0","0","0","0","0","0","0","0","0","0","0","0","0","0","0","0","0","0","6133177","13773467"
"D3","39","Hillsborough","2010","3917607","CULVERS","2303 SUN VISTA DR","LUTZ","33549","3716712","1","Food","Routine - Food","Warning Issued","07/28/2026","","","6","3","0","3","Y","1","0","1","0","0","0","0","0","0","0","0","0","1","1","0","0","0","0","0","0","0","2","0","0","0","0","0","0","0","0","0","0","0","0","0","0","0","0","0","0","0","0","0","0","0","0","0","0","0","0","0","0","0","0","0","0","0","0","6154786","13755205"
"D3","39","Hillsborough","2010","3917607","CULVERS","2303 SUN VISTA DR","LUTZ","33549","3716712","2","Food","Routine - Food","Call Back - Complied","07/29/2026","","","1","0","0","1","Y","0","0","0","0","0","0","0","0","0","0","0","0","0","1","0","0","0","0","0","0","0","0","0","0","0","0","0","0","0","0","0","0","0","0","0","0","0","0","0","0","0","0","0","0","0","0","0","0","0","0","0","0","0","0","0","0","0","0","6154786","13862249"
"D3","39","Hillsborough","2010","3917609","TACO BELL","2575 E HILLSBOROUGH AVENUE","TAMPA","33610","3731077","1","Food","Routine - Food","Administrative complaint recommended","07/24/2026","","","8","1","1","6","Y","0","0","0","0","0","0","0","0","0","0","0","0","0","1","0","0","0","0","0","0","0","1","0","0","0","0","0","0","1","0","0","0","3","0","0","0","0","0","0","0","0","0","0","0","0","0","0","0","0","1","1","0","0","0","0","0","0","0","6146107","13769570"
"D3","39","Hillsborough","2010","3917610","ASIAN CHAO","2398 GRAND CYPRESS DRIVE #990","LUTZ","33559","3720741","1","Food","Routine - Food","Inspection Completed - No Further Action","07/31/2026","","","3","1","0","2","Y","0","0","1","0","0","0","0","0","0","0","0","0","0","0","0","0","0","0","0","0","0","1","0","0","0","0","0","0","0","0","0","0","0","0","0","1","0","0","0","0","0","0","0","0","0","0","0","0","0","0","0","0","0","0","0","0","0","0","9913248","13759234"
"D3","39","Hillsborough","2010","3917617","SKY ZONE TAMPA","10137 E ADAMO DR STE 800B","TAMPA","33619","3743803","1","Food","Routine - Food","Inspection Completed - No Further Action","07/22/2026","","","3","0","1","2","Y","0","0","0","0","0","0","0","0","0","0","0","0","0","0","0","0","0","0","0","0","1","2","0","0","0","0","0","0","0","0","0","0","0","0","0","0","0","0","0","0","0","0","0","0","0","0","0","0","0","0","0","0","0","0","0","0","0","0","8455519","13782305"
"D3","39","Hillsborough","2010","3917624","CRAZY BURRITO","6901 W HILLSBOROUGH AVE","TAMPA","33634","3752795","1","Food","Routine - Food","Inspection Completed - No Further Action","07/22/2026","","","1","0","0","1","Y","0","0","0","0","0","0","0","1","0","0","0","0","0","0","0","0","0","0","0","0","0","0","0","0","0","0","0","0","0","0","0","0","0","0","0","0","0","0","0","0","0","0","0","0","0","0","0","0","0","0","0","0","0","0","0","0","0","0","8371010","13791297"
"D3","39","Hillsborough","2010","3917628","AMC RIVERVIEW 14","9390 THEATRE DR","GIBSONTON","33534","3705058","1","Food","Routine - Food","Inspection Completed - No Further Action","07/17/2026","","","4","0","1","3","Y","0","0","0","0","0","0","0","0","0","0","0","0","1","1","0","0","0","0","0","0","0","2","0","0","0","0","0","0","0","0","0","0","0","0","0","0","0","0","0","0","0","0","0","0","0","0","0","0","0","0","0","0","0","0","0","0","0","0","8448744","13743538"
"D3","39","Hillsborough","2010","3917630","CHIPOTLE MEXICAN GRILL OF COLORADO LLC","18019 HIGHWOODS PRESERVE PKWY","TAMPA","33647","3703930","1","Food","Routine - Food","Inspection Completed - No Further Action","07/09/2026","","","0","0","0","0","Y","0","0","0","0","0","0","0","0","0","0","0","0","0","0","0","0","0","0","0","0","0","0","0","0","0","0","0","0","0","0","0","0","0","0","0","0","0","0","0","0","0","0","0","0","0","0","0","0","0","0","0","0","0","0","0","0","0","0","6029990","13742405"
"D3","39","Hillsborough","2010","3917647","CHICKEN SALAD CHICK","2790 E FOWLER AVE, SUITE 490","TAMPA","33612","3709830","1","Food","Routine - Food","Inspection Completed - No Further Action","07/24/2026","","","3","0","2","1","Y","0","0","0","0","0","0","0","0","0","0","0","0","0","0","0","0","0","0","0","0","1","1","0","0","0","0","0","0","0","0","1","0","0","0","0","0","0","0","0","0","0","0","0","0","0","0","0","0","0","0","0","0","0","0","0","0","0","0","6140062","13748323"
"D3","39","Hillsborough","2010","3917651","WORLD OF BEER","2815 E FOWLER ST","TAMPA","33612","3703250","1","Food","Routine - Food","Inspection Completed - No Further Action","07/29/2026","","","8","1","2","5","Y","0","1","0","0","0","0","0","0","0","1","0","0","0","0","0","1","0","0","0","0","1","2","0","0","0","0","0","0","0","0","0","0","0","0","0","1","0","0","0","1","0","0","0","0","0","0","0","0","0","0","0","0","0","0","0","0","0","0","6053374","13741725"
"D3","39","Hillsborough","2010","3917655","ESTHER'S CAFE","3001 E HILLSBOROUGH AVE","TAMPA","33610","3721964","1","Food","Routine - Food","Inspection Completed - No Further Action","07/31/2026","","","21","4","3","14","Y","1","1","1","0","0","1","0","0","0","1","0","0","0","4","0","0","0","0","0","0","1","2","0","0","0","0","0","0","1","0","2","0","2","0","0","0","0","0","0","1","0","1","0","0","0","0","0","0","0","1","0","0","1","0","0","0","0","0","6242921","13760457"
"D3","39","Hillsborough","2010","3917669","MILLER'S ALE HOUSE INC","3860 W COLUMBUS DR","TAMPA","33607","3749232","1","Food","Routine - Food","Inspection Completed - No Further Action","07/27/2026","","","4","1","0","3","Y","0","0","1","0","0","0","0","0","0","0","0","0","1","0","0","0","0","0","0","0","0","1","0","0","0","0","0","0","0","0","0","0","0","0","0","1","0","0","0","0","0","0","0","0","0","0","0","0","0","0","0","0","0","0","0","0","0","0","6274622","13787734"
"D3","39","Hillsborough","2010","3917671","JIMMY JOHN'S #3029","4248 S DALE MABRY HWY","TAMPA","33611","3751331","1","Food","Routine - Food","Inspection Completed - No Further Action","07/30/2026","","","3","0","1","2","Y","0","0","0","0","0","0","0","0","0","0","0","0","0","1","0","0","0","0","0","0","0","0","0","0","0","0","0","0","0","0","0","0","0","0","0","0","0","0","0","0","0","0","0","0","0","0","0","0","0","0","1","0","1","0","0","0","0","0","9234152","13789833"
"D3","39","Hillsborough","2010","3917677","WENDY'S INTERNATIONAL LLC","2110 BLOOMINGDALE AVE","VALRICO","33596","3742990","1","Food","Routine - Food","Inspection Completed - No Further Action","07/09/2026","","","1","1","0","0","Y","0","0","0","0","0","0","0","0","0","0","0","0","0","0","0","0","0","0","0","0","0","1","0","0","0","0","0","0","0","0","0","0","0","0","0","0","0","0","0","0","0","0","0","0","0","0","0","0","0","0","0","0","0","0","0","0","0","0","6298912","13781492"
"D3","39","Hillsborough","2010","3917688","HUNGRY HOWIES STORE 165","16517 FISHHAWK BLVD","LITHIA","33547","3719419","1","Food","Routine - Food","Inspection Completed - No Further Action","07/28/2026","","","5","0","0","5","Y","0","0","0","0","0","0","0","0","0","0","0","0","0","1","0","0","0","0","0","0","0","0","1","0","1","0","0","0","0","0","0","0","0","0","0","0","0","0","0","0","0","0","0","0","0","0","0","0","0","1","1","0","0","0","0","0","0","0","6181211","13757912"
"D3","39","Hillsborough","2010","3917690","DISTRICT TAVERN","116 N 12TH ST","TAMPA","33602","3758346","1","Food","Complaint Full","Administrative complaint recommended","07/28/2026","","","9","4","2","3","Y","0","0","1","0","0","0","0","1","0","0","0","1","0","0","0","0","0","0","0","0","0","0","1","0","0","0","0","0","1","0","2","0","0","0","1","1","0","0","0","0","0","0","0","0","0","0","0","0","0","0","0","0","0","0","0","0","0","0","6275971","13849519"
"D3","39","Hillsborough","2010","3917690","DISTRICT TAVERN","116 N 12TH ST","TAMPA","33602","3758346","2","Food","Complaint Full","Call Back - Complied","07/29/2026","","","1","0","0","1","Y","0","0","0","0","0","0","0","0","0","0","0","0","0","0","0","0","0","0","0","0","0","0","1","0","0","0","0","0","0","0","0","0","0","0","0","0","0","0","0","0","0","0","0","0","0","0","0","0","0","0","0","0","0","0","0","0","0","0","6275971","13862435"
"D3","39","Hillsborough","2010","3917695","DUNKIN DONUTS","4404 W W GANDY BLVD","TAMPA","33611","3742853","1","Food","Routine - Food","Inspection Completed - No Further Action","07/28/2026","","","1","0","0","1","Y","0","0","0","0","0","0","0","0","0","0","0","0","0","0","0","0","0","0","0","0","0","0","0","0","0","0","0","0","0","0","0","0","0","0","0","1","0","0","0","0","0","0","0","0","0","0","0","0","0","0","0","0","0","0","0","0","0","0","6315165","13781355"
"D3","39","Hillsborough","2010","3917698","HIMES BREAKFAST HOUSE","312 E BRANDON BLVD","BRANDON","33511","3706493","1","Food","Routine - Food","Administrative complaint recommended","07/30/2026","","","8","2","3","3","Y","0","0","2","0","0","0","0","0","0","0","0","0","1","0","0","0","0","0","0","0","0","1","1","0","0","0","0","0","0","0","1","0","0","0","0","0","0","0","0","0","1","0","0","0","0","0","0","0","0","0","0","0","1","0","0","0","0","0","9328803","13744978"
"D3","39","Hillsborough","2010","3917698","HIMES BREAKFAST HOUSE","312 E BRANDON BLVD","BRANDON","33511","3706493","2","Food","Routine - Food","Call Back - Extension given, pending","07/31/2026","","","2","0","1","1","Y","0","0","0","0","0","0","0","0","0","0","0","0","0","0","0","0","0","0","0","0","0","0","1","0","0","0","0","0","0","0","0","0","0","0","0","0","0","0","0","0","0","0","0","0","0","0","0","0","0","0","0","0","1","0","0","0","0","0","9328803","13865190"
"D3","39","Hillsborough","2010","3917703","WAFFLE HOUSE 2216","3009 W COLUMBUS DR","TAMPA","33607","3722171","1","Food","Routine - Food","Inspection Completed - No Further Action","07/31/2026","","","5","3","0","2","Y","0","0","2","0","0","0","0","0","0","0","0","1","0","0","0","0","0","0","0","0","1","1","0","0","0","0","0","0","0","0","0","0","0","0","0","0","0","0","0","0","0","0","0","0","0","0","0","0","0","0","0","0","0","0","0","0","0","0","6333028","13760664"
"D3","39","Hillsborough","2010","3917706","WINGSTOP 1047","2115 E HILLSBOROUGH AVE STE 2115-1A","TAMPA","33610","3731331","1","Food","Routine - Food","Inspection Completed - No Further Action","07/30/2026","","","6","2","1","3","Y","0","0","0","0","0","0","0","0","0","0","0","1","0","0","0","0","0","0","0","0","0","0","0","0","0","0","0","0","1","0","1","0","0","0","2","0","0","0","0","0","0","1","0","0","0","1","0","0","0","0","0","0","0","0","0","0","0","0","7730901","13769824"
"D3","39","Hillsborough","2010","3917712","DUNKIN DONUTS","5227 EHRLICH RD","TAMPA","33624","3760056","1","Food","Complaint Full","Administrative complaint recommended","07/23/2026","","","14","4","4","6","Y","2","0","1","0","0","0","0","1","0","0","0","0","0","0","0","1","0","0","0","0","1","2","0","0","1","0","0","0","0","0","2","0","0","0","1","0","0","0","0","0","0","0","0","0","0","0","0","0","0","0","1","0","1","0","0","0","0","0","6316567","13855664"
"D3","39","Hillsborough","2010","3917712","DUNKIN DONUTS","5227 EHRLICH RD","TAMPA","33624","3760056","2","Food","Complaint Full","Call Back - Admin. complaint recommended","07/24/2026","","","4","2","1","1","Y","1","0","1","0","0","0","0","0","0","0","0","0","0","0","0","1","0","0","0","0","0","1","0","0","0","0","0","0","0","0","0","0","0","0","0","0","0","0","0","0","0","0","0","0","0","0","0","0","0","0","0","0","0","0","0","0","0","0","6316567","13857183"
"D3","39","Hillsborough","2010","3917738","LONGHORN STEAKHOUSE #5561","2647 CREEK GRASS WAY","LUTZ","33559","3700784","1","Food","Complaint Full","Inspection Completed - No Further Action","07/07/2026","","","4","0","1","3","Y","0","0","0","0","0","0","0","0","0","0","0","0","0","0","0","0","0","0","0","0","0","2","0","0","0","0","0","0","0","0","0","0","0","0","0","1","0","0","0","0","0","0","0","0","0","0","0","0","0","1","0","0","0","0","0","0","0","0","6379818","13720600"
"D3","39","Hillsborough","2010","3917753","MISSION BBQ","13612 BRUCE B DOWNS BLVD","TAMPA","33613","3725905","1","Food","Routine - Food","Inspection Completed - No Further Action","07/07/2026","","","3","0","1","2","Y","0","0","0","0","0","0","0","0","0","0","0","0","0","1","0","0","0","0","0","0","0","0","0","1","0","0","0","0","0","0","0","0","0","0","0","0","0","0","0","0","0","0","0","0","0","0","0","0","0","0","0","0","1","0","0","0","0","0","6305679","13764398"
"D3","39","Hillsborough","2010","3917756","PORTILLO'S ","1748 W BRANDON BLVD","BRANDON","33510","3710439","1","Food","Routine - Food","Warning Issued","07/27/2026","","","11","1","0","10","Y","0","0","0","0","0","0","0","0","0","0","0","2","1","2","0","0","0","0","0","0","1","1","1","1","0","0","0","0","0","0","0","0","0","0","1","1","0","0","0","0","0","0","0","0","0","0","0","0","0","0","0","0","0","0","0","0","0","0","6246786","13748932"
"D3","39","Hillsborough","2010","3917756","PORTILLO'S ","1748 W BRANDON BLVD","BRANDON","33510","3710439","2","Food","Routine - Food","Call Back - Admin. complaint recommended","07/30/2026","","","5","1","0","4","Y","0","0","0","0","0","0","0","0","0","0","0","0","0","1","0","0","0","0","0","0","0","1","0","1","0","0","0","0","0","0","0","0","0","0","1","1","0","0","0","0","0","0","0","0","0","0","0","0","0","0","0","0","0","0","0","0","0","0","6246786","13860444"
"D3","39","Hillsborough","2010","3917762","MILLER'S ALE HOUSE INC","2108 E FOWLER AVE","TAMPA","33612","3716593","1","Food","Routine - Food","Warning Issued","07/17/2026","","","10","4","1","5","Y","2","1","1","0","0","0","0","0","0","0","0","1","0","2","0","0","0","0","0","0","0","1","0","0","0","0","0","0","0","0","0","0","0","0","1","0","0","0","0","0","0","1","0","0","0","0","0","0","0","0","0","0","0","0","0","0","0","0","6389260","13755086"
"D3","39","Hillsborough","2010","3917762","MILLER'S ALE HOUSE INC","2108 E FOWLER AVE","TAMPA","33612","3716593","2","Food","Routine - Food","Call Back - Complied","07/21/2026","","","2","1","0","1","Y","0","0","0","0","0","0","0","0","0","0","0","0","0","1","0","0","0","0","0","0","0","0","0","0","0","0","0","0","0","0","0","0","0","0","1","0","0","0","0","0","0","0","0","0","0","0","0","0","0","0","0","0","0","0","0","0","0","0","6389260","13851374"
"D3","39","Hillsborough","2010","3917765","PORTILLO'S ","2102 E FOWLER AVE","TAMPA","33612","3700155","1","Food","Complaint Full","Inspection Completed - No Further Action","07/09/2026","","","1","0","0","1","Y","0","0","0","0","0","0","0","0","0","0","0","0","0","1","0","0","0","0","0","0","0","0","0","0","0","0","0","0","0","0","0","0","0","0","0","0","0","0","0","0","0","0","0","0","0","0","0","0","0","0","0","0","0","0","0","0","0","0","6413519","13715389"
"D3","39","Hillsborough","2010","3917780","CAVA","942 S HOWARD AVE","TAMPA","33606","3737616","1","Food","Routine - Food","Inspection Completed - No Further Action","07/23/2026","","","4","1","0","3","Y","0","0","0","0","0","0","0","0","0","0","0","0","0","0","0","0","0","0","0","0","0","0","0","1","0","0","0","0","1","0","0","0","0","0","0","1","0","0","0","0","0","0","0","0","0","0","0","0","0","0","1","0","0","0","0","0","0","0","8388659","13776109"
"D3","39","Hillsborough","2010","3917787","CHARLEY'S GRILLED SUBS","250 WESTSHORE PLAZA  STE 4","TAMPA","33609","3731529","1","Food","Routine - Food","Inspection Completed - No Further Action","07/27/2026","","","0","0","0","0","Y","0","0","0","0","0","0","0","0","0","0","0","0","0","0","0","0","0","0","0","0","0","0","0","0","0","0","0","0","0","0","0","0","0","0","0","0","0","0","0","0","0","0","0","0","0","0","0","0","0","0","0","0","0","0","0","0","0","0","8762389","13770022"
"D3","39","Hillsborough","2010","3917805","KURA REVOLVING SUSHI BAR","214 WESTSHORE PLAZA STE C39","TAMPA","33609","3744207","1","Food","Routine - Food","Inspection Completed - No Further Action","07/30/2026","","","1","0","1","0","Y","0","0","0","0","0","0","0","0","0","0","0","0","0","0","0","0","0","0","0","0","0","1","0","0","0","0","0","0","0","0","0","0","0","0","0","0","0","0","0","0","0","0","0","0","0","0","0","0","0","0","0","0","0","0","0","0","0","0","8713457","13782709"
"D3","39","Hillsborough","2010","3917813","HIBACHI EXPRESS FLORIDA INC","14923 N FLORIDA AVE","TAMPA","33613-1612","3712207","1","Food","Routine - Food","Inspection Completed - No Further Action","07/28/2026","","","8","0","2","6","Y","0","1","0","0","0","0","0","2","0","0","0","0","0","1","0","0","0","0","0","0","0","3","0","0","0","0","0","0","0","0","1","0","0","0","0","0","0","0","0","0","0","0","0","0","0","0","0","0","0","0","0","0","0","0","0","0","0","0","8893092","13750700"
"D3","39","Hillsborough","2010","3917816","PITA KEBOB","3028 E COLLEGE AVE","RUSKIN","33570","3683677","2","Food","Routine - Food","Call Back - Complied","07/01/2026","","","9","1","1","7","Y","0","0","1","0","0","0","0","0","0","0","0","0","0","1","0","0","0","0","0","0","0","4","1","0","0","0","0","0","0","0","0","0","0","0","1","0","0","0","0","0","0","0","0","0","0","0","0","0","0","0","1","0","0","0","0","0","0","0","6444123","13684545"
"D3","39","Hillsborough","2010","3917839","BURGER KING #23620","5024 N US HWY 41","APOLLO BEACH","33572","3758355","1","Food","Complaint Full","Inspection Completed - No Further Action","07/20/2026","","","5","1","1","3","Y","0","0","1","0","1","0","0","0","0","0","0","0","2","0","0","0","0","0","0","0","0","1","0","0","0","0","0","0","0","0","0","0","0","0","0","0","0","0","0","0","0","0","0","0","0","0","0","0","0","0","0","0","0","0","0","0","0","0","6523041","13849645"
"D3","39","Hillsborough","2010","3917840","BUFFALO WILD WINGS","4015 S DALE MABRY HWY","TAMPA","33611","3736221","1","Food","Routine - Food","Inspection Completed - No Further Action","07/08/2026","","","1","0","0","1","Y","0","0","0","0","0","0","0","0","0","0","0","0","0","1","0","0","0","0","0","0","0","0","0","0","0","0","0","0","0","0","0","0","0","0","0","0","0","0","0","0","0","0","0","0","0","0","0","0","0","0","0","0","0","0","0","0","0","0","7584108","13774714"
"D3","39","Hillsborough","2010","3917843","SMASHBURGER","4035 S DALE MABRY HWY","TAMPA","33611","3737528","1","Food","Routine - Food","Inspection Completed - No Further Action","07/14/2026","","","0","0","0","0","Y","0","0","0","0","0","0","0","0","0","0","0","0","0","0","0","0","0","0","0","0","0","0","0","0","0","0","0","0","0","0","0","0","0","0","0","0","0","0","0","0","0","0","0","0","0","0","0","0","0","0","0","0","0","0","0","0","0","0","8515330","13776021"
"D3","39","Hillsborough","2010","3917850","KINGDOM SUSHI TAMPA","4027 S DALE MABRY HWY","TAMPA","33611","3712835","1","Food","Routine - Food","Inspection Completed - No Further Action","07/08/2026","","","6","0","1","5","Y","0","0","0","0","0","0","0","0","0","0","0","1","0","2","0","0","0","0","0","0","0","0","0","0","0","0","0","0","0","0","0","0","0","0","0","0","0","0","0","1","0","1","0","0","0","0","0","0","0","0","0","0","1","0","0","0","0","0","9233401","13751328"
"D3","39","Hillsborough","2010","3917858","WINGHOUSE BAR AND GRILL","3712 W  COLUMBUS DR","TAMPA","33607","3745444","1","Food","Routine - Food","Warning Issued","07/23/2026","","","9","3","3","3","Y","0","0","2","0","0","0","0","0","0","0","0","1","0","0","0","0","0","0","0","0","0","1","0","0","0","0","0","0","0","0","1","0","0","0","0","1","0","0","0","0","1","0","0","0","0","0","0","0","0","1","0","0","1","0","0","0","0","0","9171331","13783946"
"D3","39","Hillsborough","2010","3917862","THE HOT TOMATO","2702 E COLLEGE AVE","RUSKIN","33570","3609436","2","Food","Routine - Food","Call Back - Admin. complaint recommended","07/07/2026","","","4","0","2","2","Y","0","0","0","0","0","0","0","0","0","0","0","0","0","2","0","0","0","0","0","0","0","1","0","0","0","0","0","0","0","0","0","0","0","0","0","0","0","0","0","0","0","0","0","0","0","0","0","0","0","0","0","0","1","0","0","0","0","0","6519912","13687393"
"D3","39","Hillsborough","2010","3917866","SHAKE SHACK 1610","25600 SIERRA CENTER BLVD","LUTZ","33559","3745262","1","Food","Routine - Food","Inspection Completed - No Further Action","07/09/2026","","","1","0","0","1","Y","0","0","0","0","0","0","0","0","0","0","0","1","0","0","0","0","0","0","0","0","0","0","0","0","0","0","0","0","0","0","0","0","0","0","0","0","0","0","0","0","0","0","0","0","0","0","0","0","0","0","0","0","0","0","0","0","0","0","9122736","13783764"
"D3","39","Hillsborough","2010","3917870","BLACKJACK PIZZA AND SALADS","3692 W GANDY BLVD","TAMPA","33611","3709310","1","Food","Routine - Food","Inspection Completed - No Further Action","07/27/2026","","","1","0","1","0","Y","0","0","0","0","0","0","0","0","0","0","0","0","0","0","0","0","0","0","0","0","0","0","0","0","0","0","0","0","0","0","0","0","0","0","0","0","0","0","0","0","1","0","0","0","0","0","0","0","0","0","0","0","0","0","0","0","0","0","6480582","13747803"
"D3","39","Hillsborough","2010","3917874","TACO BELL #6144","25630 SIERRA CENTER BLVD","LUTZ","33559","3748683","1","Food","Routine - Food","Inspection Completed - No Further Action","07/09/2026","","","2","0","1","1","Y","0","0","0","0","0","0","0","0","0","0","0","0","0","0","0","0","0","0","0","0","0","1","1","0","0","0","0","0","0","0","0","0","0","0","0","0","0","0","0","0","0","0","0","0","0","0","0","0","0","0","0","0","0","0","0","0","0","0","7291120","13787185"
"D3","39","Hillsborough","2010","3917875","SOFRESH","512 NORTH FRANKLIN ST. STE 100","TAMPA","33602","3713144","1","Food","Routine - Food","Inspection Completed - No Further Action","07/07/2026","","","5","2","1","2","Y","0","0","0","0","0","1","0","0","0","0","0","1","0","1","0","0","0","0","0","0","0","0","0","0","0","0","0","0","0","0","1","0","0","0","1","0","0","0","0","0","0","0","0","0","0","0","0","0","0","0","0","0","0","0","0","0","0","0","9280667","13751637"
"D3","39","Hillsborough","2010","3917889","ZEKO'S MEDITERRANEAN GRILL","806 E HILLSBOROUGH AVE","TAMPA","33604","3732087","1","Food","Routine - Food","Inspection Completed - No Further Action","07/24/2026","","","20","3","2","15","Y","1","1","1","0","0","0","0","2","0","1","0","1","0","2","0","0","0","0","0","0","0","2","0","2","2","0","0","0","0","0","0","1","2","0","0","0","0","0","0","1","0","0","0","0","0","0","0","0","0","1","0","0","0","0","0","0","0","0","9195320","13770580"
"D3","39","Hillsborough","2010","3917891","DUKES BREWHOUSE","795 W LUMSDEN RD","BRANDON","33511","3748932","1","Food","Routine - Food","Inspection Completed - No Further Action","07/20/2026","","","4","0","0","4","Y","0","0","0","0","0","1","0","0","0","0","0","0","0","0","0","0","0","0","0","0","0","1","1","1","0","0","0","0","0","0","0","0","0","0","0","0","0","0","0","0","0","0","0","0","0","0","0","0","0","0","0","0","0","0","0","0","0","0","7571981","13787434"
"D3","39","Hillsborough","2010","3917909","ANOTHER BROKEN EGG CAFE","4041  S DALE MABRY HWY","TAMPA","33611","3704794","1","Food","Routine - Food","Inspection Completed - No Further Action","07/09/2026","","","1","0","1","0","Y","0","0","0","0","0","0","0","0","0","0","0","0","0","0","0","0","0","0","0","0","0","1","0","0","0","0","0","0","0","0","0","0","0","0","0","0","0","0","0","0","0","0","0","0","0","0","0","0","0","0","0","0","0","0","0","0","0","0","7890664","13743273"
"D3","39","Hillsborough","2010","3917913","POKE LULU","2382 GRAND CYPRESS DR STE 988","LUTZ","33559","3744299","1","Food","Routine - Food","Inspection Completed - No Further Action","07/24/2026","","","7","2","2","3","Y","1","0","2","0","0","0","0","1","0","0","0","0","1","0","0","1","0","0","0","0","0","1","0","0","0","0","0","0","0","0","0","0","0","0","0","0","0","0","0","0","0","0","0","0","0","0","0","0","0","0","0","0","0","0","0","0","0","0","7801198","13782801"
"D3","39","Hillsborough","2010","3917917","L'AMORINO","6102 S MACDILL AVE STE A","TAMPA","33611","3720419","1","Food","Routine - Food","Inspection Completed - No Further Action","07/28/2026","","","1","0","1","0","Y","1","0","0","0","0","0","0","0","0","0","0","0","0","0","0","0","0","0","0","0","0","0","0","0","0","0","0","0","0","0","0","0","0","0","0","0","0","0","0","0","0","0","0","0","0","0","0","0","0","0","0","0","0","0","0","0","0","0","9947162","13758912"
"D3","39","Hillsborough","2010","3917924","HAVELI INDIAN KITCHEN","12908  N DALE MABRY HWY","TAMPA ","33618","3756268","1","Food","Food-Licensing Inspection","Inspection Completed - No Further Action","07/17/2026","","","6","3","0","3","Y","0","0","0","0","0","0","0","3","0","0","0","2","0","0","0","0","0","0","0","0","0","0","0","0","0","0","0","0","0","0","1","0","0","0","0","0","0","0","0","0","0","0","0","0","0","0","0","0","0","0","0","0","0","0","0","0","0","0","9134783","13845923"
"D3","39","Hillsborough","2010","3917929","ROSATI'S PIZZA","3437 LITHIA PINECREST RD","VALRICO","33596","3717929","1","Food","Routine - Food","Warning Issued","07/21/2026","","","8","1","3","4","Y","0","1","0","0","0","0","0","1","0","2","1","0","0","0","0","0","0","0","0","0","0","1","1","0","0","0","0","0","0","0","0","0","0","0","0","0","0","0","0","0","0","0","0","0","0","0","0","0","0","0","0","0","1","0","0","0","0","0","8444723","13756422"
"D3","39","Hillsborough","2010","3917956","HIBACHI EXPRESS","2218 JAMES L REDMAN PKWY","PLANT CITY","33563","3720319","1","Food","Routine - Food","Inspection Completed - No Further Action","07/09/2026","","","3","1","0","2","Y","0","0","0","0","0","0","0","0","0","0","0","0","0","2","0","0","0","0","0","0","0","0","0","0","0","0","0","0","0","0","0","0","0","0","0","1","0","0","0","0","0","0","0","0","0","0","0","0","0","0","0","0","0","0","0","0","0","0","9838392","13758812"
"D3","39","Hillsborough","2010","3917959","HOTCHIX","5208 N 22 ST STE B","TAMPA","33610","3754312","1","Food","Routine - Food","Inspection Completed - No Further Action","07/09/2026","","","5","0","2","3","Y","0","0","0","0","0","0","0","0","0","0","0","0","0","0","0","0","0","0","0","0","0","0","0","0","0","0","0","0","0","0","1","0","0","0","0","1","0","1","0","0","0","1","0","0","0","0","0","0","0","0","0","0","1","0","0","0","0","0","8817450","13792814"
"D3","39","Hillsborough","2010","3917997","TACO BELL 3297","5096 N US HIGHWAY 41","APOLLO BEACH","33572","3704851","1","Food","Routine - Food","Inspection Completed - No Further Action","07/15/2026","","","2","0","1","1","Y","0","0","0","0","0","0","0","0","0","0","0","0","0","1","0","0","0","0","0","0","0","1","0","0","0","0","0","0","0","0","0","0","0","0","0","0","0","0","0","0","0","0","0","0","0","0","0","0","0","0","0","0","0","0","0","0","0","0","6619013","13743330"
"D3","39","Hillsborough","2010","3918002","FLAMING MOUNTAIN","13520  UNIVERSITY PLAZA ST","TAMPA","33613","3737539","1","Food","Routine - Food","Inspection Completed - No Further Action","07/07/2026","","","5","1","1","3","Y","0","0","0","0","0","0","0","1","0","0","0","0","0","2","0","0","0","0","0","0","0","1","0","0","0","0","0","0","0","0","1","0","0","0","0","0","0","0","0","0","0","0","0","0","0","0","0","0","0","0","0","0","0","0","0","0","0","0","8368209","13776032"
"D3","39","Hillsborough","2010","3918004","GOFRUIT","2223 N WEST SHORE BLVD K202","TAMPA","33607","3755135","1","Food","Routine - Food","Administrative complaint recommended","07/30/2026","","","5","1","2","2","Y","0","0","0","0","0","0","0","1","0","0","1","0","1","0","0","0","0","0","0","0","0","0","0","0","0","0","0","0","0","0","0","0","0","0","0","0","0","0","0","0","0","0","0","0","0","0","0","0","0","1","0","0","1","0","0","0","0","0","8144121","13793637"
"D3","39","Hillsborough","2010","3918026","IHOP #36-234","11350 BLOOMINGDALE AVE","RIVERVIEW","33578","3737095","1","Food","Routine - Food","Warning Issued","07/23/2026","","","8","1","2","5","Y","0","0","1","0","0","0","0","0","0","0","0","0","0","0","0","0","0","0","0","0","0","0","0","2","0","0","0","0","0","0","1","0","0","0","1","0","0","0","0","1","0","1","0","0","0","0","0","0","0","0","0","0","1","0","0","0","0","0","6710713","13775588"
"D3","39","Hillsborough","2010","3918038","TWISTEE TREAT USA LLC","13122 S HIGHWAY 301","RIVERVIEW","33578","3736235","1","Food","Routine - Food","Inspection Completed - No Further Action","07/09/2026","","","5","2","1","2","Y","1","0","1","0","0","0","0","0","0","0","0","0","0","0","0","0","0","0","0","0","0","0","0","1","0","0","0","0","0","0","0","0","0","0","1","0","0","0","0","0","1","0","0","0","0","0","0","0","0","0","0","0","0","0","0","0","0","0","6646696","13774728"
"D3","39","Hillsborough","2010","3918040","CITY BUFFET","790 W DR MARTIN LUTHER KING, JR BLVD","SEFFNER","33584","3719320","1","Food","Routine - Food","Inspection Completed - No Further Action","07/21/2026","","","19","4","6","9","Y","2","2","2","0","0","1","0","1","0","0","1","1","1","2","0","0","0","0","0","0","0","0","0","1","0","0","0","0","0","0","3","0","0","0","0","1","0","0","0","0","0","0","0","0","0","0","0","0","0","0","0","0","1","0","0","0","0","0","9296433","13757813"
"D3","39","Hillsborough","2010","3918050","BOWL BAR","12090 ANDERSON RD","TAMPA","33625","3738097","1","Food","Routine - Food","Inspection Completed - No Further Action","07/17/2026","","","9","0","4","5","Y","0","1","1","0","0","0","0","0","0","0","0","1","1","2","0","0","0","0","0","0","0","1","0","0","0","0","0","0","0","0","1","0","0","0","0","0","0","0","0","0","0","0","0","0","0","0","0","0","0","1","0","0","0","0","0","0","0","0","8910953","13776590"
"D3","39","Hillsborough","2010","3918118","STEELBACH","1910 N OLA AVE","TAMPA","33602","3712651","1","Food","Routine - Food","Inspection Completed - No Further Action","07/10/2026","","","5","3","0","2","Y","0","1","0","0","0","0","0","1","0","0","0","0","0","0","0","0","0","0","0","0","1","1","0","0","0","0","0","0","0","0","0","0","0","0","1","0","0","0","0","0","0","0","0","0","0","0","0","0","0","0","0","0","0","0","0","0","0","0","6772938","13751144"
"D3","39","Hillsborough","2010","3918144","SUGAR WING","12004 ANDERSON RD","TAMPA","33625","3627925","2","Food","Routine - Food","Call Back - Complied","07/01/2026","","","1","0","1","0","Y","0","0","0","0","0","0","0","0","0","0","0","0","0","0","0","0","0","0","0","0","0","1","0","0","0","0","0","0","0","0","0","0","0","0","0","0","0","0","0","0","0","0","0","0","0","0","0","0","0","0","0","0","0","0","0","0","0","0","9240631","13683586"
"D3","39","Hillsborough","2010","3918151","KAY'S KITCHEN","2808 E BEARSS AVE","TAMPA","33613","3732672","1","Food","Routine - Food","Inspection Completed - No Further Action","07/10/2026","","","0","0","0","0","Y","0","0","0","0","0","0","0","0","0","0","0","0","0","0","0","0","0","0","0","0","0","0","0","0","0","0","0","0","0","0","0","0","0","0","0","0","0","0","0","0","0","0","0","0","0","0","0","0","0","0","0","0","0","0","0","0","0","0","9539614","13771165"
"D3","39","Hillsborough","2010","3918166","DUNKIN DONUTS","13260 STATE ROAD 54","ODESSA","33556","3723934","1","Food","Routine - Food","Inspection Completed - No Further Action","07/10/2026","","","5","1","1","3","Y","0","0","0","0","0","0","0","0","0","0","0","2","2","0","0","0","0","0","0","0","0","0","0","0","0","0","0","0","0","0","0","0","0","0","0","0","0","0","0","0","0","0","0","0","0","0","0","0","0","0","1","0","0","0","0","0","0","0","8092934","13762427"
"D3","39","Hillsborough","2010","3918168","METRO DINER","4011 W KENNEDY BLVD #5","TAMPA","33609","3742033","1","Food","Routine - Food","Inspection Completed - No Further Action","07/08/2026","","","4","0","0","4","Y","0","0","0","0","0","0","0","0","0","0","0","1","0","0","0","0","0","0","0","0","0","0","2","1","0","0","0","0","0","0","0","0","0","0","0","0","0","0","0","0","0","0","0","0","0","0","0","0","0","0","0","0","0","0","0","0","0","0","6824547","13780535"
"D3","39","Hillsborough","2010","3918184","HAAGEN-DAZS","545 BRANDON TOWN CENTER DR","BRANDON","33511","3749610","1","Food","Routine - Food","Inspection Completed - No Further Action","07/30/2026","","","4","1","0","3","Y","0","0","1","0","0","0","0","0","0","0","0","1","0","0","0","0","0","0","0","0","0","1","0","0","0","0","0","0","0","0","0","0","0","0","0","0","0","0","0","0","0","0","0","0","0","0","0","0","0","0","1","0","0","0","0","0","0","0","7916762","13788112"
"D3","39","Hillsborough","2010","3918190","BURGER KING RESTAURANT #25543","25180 MAREN WAY","LAND O' LAKES","34639","3703463","1","Food","Routine - Food","Inspection Completed - No Further Action","07/24/2026","","","3","0","0","3","Y","0","0","0","0","0","0","0","0","0","0","0","0","0","0","0","0","0","0","0","0","0","1","1","0","0","0","0","0","0","0","0","0","0","0","1","0","0","0","0","0","0","0","0","0","0","0","0","0","0","0","0","0","0","0","0","0","0","0","6888365","13741938"
"D3","39","Hillsborough","2010","3918199","LA SEGUNDA BAKERY AND CAFÉ","4015 W KENNEDY BLVD  STE 4","TAMPA","33609","3750454","1","Food","Routine - Food","Inspection Completed - No Further Action","07/09/2026","","","6","1","2","3","Y","0","0","0","0","0","0","0","2","0","1","0","0","0","0","0","0","0","0","0","0","0","1","0","0","0","0","0","0","0","0","1","0","0","0","0","0","0","0","0","0","0","1","0","0","0","0","0","0","0","0","0","0","0","0","0","0","0","0","7016584","13788956"
"D3","39","Hillsborough","2010","3918201","BAHAMA BUCKS","1258 KINGSWAY RD SUITE 15","BRANDON","33510","3706829","1","Food","Routine - Food","Inspection Completed - No Further Action","07/21/2026","","","6","0","1","5","Y","0","0","0","0","0","0","0","1","0","0","0","0","0","1","0","0","0","0","0","0","0","3","1","0","0","0","0","0","0","0","0","0","0","0","0","0","0","0","0","0","0","0","0","0","0","0","0","0","0","0","0","0","0","0","0","0","0","0","9515275","13745316"
"D3","39","Hillsborough","2010","3918206","COURTYARD BY MARRIOTT TAMPA NORTHWEST","12730 CITRUS PARK LANE","TAMPA","33625","3705978","1","Food","Routine - Food","Inspection Completed - No Further Action","07/14/2026","","","10","4","1","5","Y","1","0","0","0","0","0","0","2","0","0","0","4","0","0","0","0","0","0","0","0","1","1","0","0","0","0","0","0","0","0","0","0","0","0","0","0","0","0","0","0","0","0","0","0","0","0","0","0","0","1","0","0","0","0","0","0","0","0","9111151","13744461"
"D3","39","Hillsborough","2010","3918210","CHICK-FIL-A","2811 E FOWLER AVE","TAMPA","33612","3703906","1","Food","Routine - Food","Inspection Completed - No Further Action","07/14/2026","","","4","0","2","2","Y","0","0","0","0","0","0","0","1","0","0","0","0","0","0","0","1","0","0","0","0","0","0","0","0","0","0","0","0","1","0","1","0","0","0","0","0","0","0","0","0","0","0","0","0","0","0","0","0","0","0","0","0","0","0","0","0","0","0","7044886","13742381"
"D3","39","Hillsborough","2010","3918225","TIJUANA FLATS","2050 BLOOMINGDALE AVE","VALRICO","33596","3753268","1","Food","Routine - Food","Administrative complaint recommended","07/01/2026","","","1","1","0","0","Y","0","0","0","0","0","0","0","0","0","0","0","0","0","0","0","0","0","0","0","0","0","0","0","0","0","0","0","0","0","0","0","0","0","0","0","0","0","0","0","0","0","0","0","0","0","0","0","0","0","1","0","0","0","0","0","0","0","0","6946301","13791770"
"D3","39","Hillsborough","2010","3918233","PANDA EXPRESS #3036","10771 BIG BEND RD","RIVERVIEW","33579","3759175","1","Food","Complaint Full","Inspection Completed - No Further Action","07/22/2026","","","1","1","0","0","N","0","0","0","0","0","0","0","0","0","0","0","0","0","0","0","0","0","0","0","0","0","0","0","0","0","0","0","0","1","0","0","0","0","0","0","0","0","0","0","0","0","0","0","0","0","0","0","0","0","0","0","0","0","0","0","0","0","0","7088474","13852363"
"D3","39","Hillsborough","2010","3918246","WHISKEY CAKE KITCHEN & BAR","2223 WESTSHORE BLVD  UNIT B207","TAMPA","33607","3742836","1","Food","Routine - Food","Inspection Completed - No Further Action","07/30/2026","","","7","1","3","3","Y","0","0","1","0","0","0","0","0","0","0","0","0","0","0","0","1","0","0","0","0","1","2","1","0","0","0","0","0","0","0","1","0","0","0","0","0","0","0","0","0","0","0","0","0","0","0","0","0","0","0","0","0","0","0","0","0","0","0","7097347","13781338"
"D3","39","Hillsborough","2010","3918247","NUEVA CANTINA","903 N FRANKLIN ST","TAMPA","33602","3706709","1","Food","Routine - Food","Inspection Completed - No Further Action","07/21/2026","","","3","1","0","2","Y","0","0","1","0","0","0","0","0","0","0","0","0","0","0","0","0","0","0","0","0","0","0","0","0","0","0","0","0","1","0","0","0","0","0","0","0","0","0","0","1","0","0","0","0","0","0","0","0","0","0","0","0","0","0","0","0","0","0","9516464","13745196"
"D3","39","Hillsborough","2010","3918251","DOMOSHI","3307 S DALE MABRY HWY","TAMPA","33629","3758805","1","Food","Complaint Full","Inspection Completed - No Further Action","07/21/2026","","","13","3","4","6","Y","0","1","0","0","0","0","0","4","0","0","0","1","0","1","0","0","0","0","0","0","0","2","0","0","1","0","0","0","0","0","1","0","0","0","0","1","0","0","0","0","1","0","0","0","0","0","0","0","0","0","0","0","0","0","0","0","0","0","9717813","13851334"
"D3","39","Hillsborough","2010","3918258","TRIANA CARIBBEAN SANDWISH SHOP LLC","4025 W WATERS AVE STE 115-116","TAMPA","33614","3735888","1","Food","Routine - Food","Inspection Completed - No Further Action","07/31/2026","","","7","0","1","6","Y","0","1","0","0","0","0","0","0","0","0","1","0","0","0","0","0","0","0","0","0","2","0","0","0","0","0","0","0","0","0","0","0","0","0","1","0","0","0","0","1","0","0","0","0","0","0","0","0","0","0","1","0","0","0","0","0","0","0","7421774","13774381"
"D3","39","Hillsborough","2010","3918263","DUNKIN DONUTS","2300 W HILLSBOROUGH AVE","TAMPA","33603","3716201","1","Food","Routine - Food","Inspection Completed - No Further Action","07/09/2026","","","9","2","1","6","Y","0","0","0","0","0","0","0","1","0","0","0","2","0","1","0","0","0","0","0","0","0","0","0","1","1","0","0","0","1","0","0","0","0","0","0","0","0","0","0","0","0","1","0","0","0","0","0","0","0","0","0","0","1","0","0","0","0","0","7118077","13754694"
"D3","39","Hillsborough","2010","3918266","SOUTH TAMPA CALI","217 S DALE MABRY HWY","TAMPA","33609","3749597","1","Food","Routine - Food","Inspection Completed - No Further Action","07/28/2026","","","5","1","1","3","Y","0","0","0","0","0","0","0","0","0","0","0","0","0","0","0","2","0","0","0","0","0","0","1","1","0","0","0","0","1","0","0","0","0","0","0","0","0","0","0","0","0","0","0","0","0","0","0","0","0","0","0","0","0","0","0","0","0","0","7125777","13788099"
"D3","39","Hillsborough","2010","3918287","KIWA ASIAN KITCHEN","5415 BAYSHORE BLVD","TAMPA","33611","3706366","1","Food","Routine - Food","Inspection Completed - No Further Action","07/21/2026","","","6","1","2","3","Y","0","0","0","0","0","0","0","1","0","0","0","0","0","0","0","0","0","0","0","0","0","1","2","1","0","0","0","0","0","0","0","0","0","0","0","0","0","0","0","0","0","0","0","0","0","0","0","0","0","0","0","0","1","0","0","0","0","0","9337245","13744851"
"D3","39","Hillsborough","2010","3918288","MARTIN'S BBQ","7306 W WATERS AVE","TAMPA","33634","3704427","1","Food","Routine - Food","Inspection Completed - No Further Action","07/31/2026","","","9","3","4","2","Y","0","1","0","0","0","0","0","1","0","0","0","0","0","1","0","0","0","0","0","0","0","1","0","0","0","0","0","0","0","0","2","0","0","0","0","0","0","0","0","0","3","0","0","0","0","0","0","0","0","0","0","0","0","0","0","0","0","0","6809415","13742904"
"D3","39","Hillsborough","2010","3918295","KEKE'S BREAKFAST CAFÉ","13614 BRUCE B DOWNS BLVD","TAMPA","33613","3742232","1","Food","Routine - Food","Warning Issued","07/07/2026","","","1","1","0","0","Y","0","0","0","0","0","0","0","0","0","0","0","0","0","0","0","0","0","0","0","0","0","1","0","0","0","0","0","0","0","0","0","0","0","0","0","0","0","0","0","0","0","0","0","0","0","0","0","0","0","0","0","0","0","0","0","0","0","0","6907595","13780734"
"D3","39","Hillsborough","2010","3918295","KEKE'S BREAKFAST CAFÉ","13614 BRUCE B DOWNS BLVD","TAMPA","33613","3742232","2","Food","Routine - Food","Call Back - Complied","07/16/2026","","","0","0","0","0","Y","0","0","0","0","0","0","0","0","0","0","0","0","0","0","0","0","0","0","0","0","0","0","0","0","0","0","0","0","0","0","0","0","0","0","0","0","0","0","0","0","0","0","0","0","0","0","0","0","0","0","0","0","0","0","0","0","0","0","6907595","13821205"
"D3","39","Hillsborough","2010","3918296","ROTIS INDIAN RESTAURANT","13025 US HWY 301 S STE 102","RIVERVIEW","33578","3701237","1","Food","Complaint Partial","Inspection Completed - No Further Action","07/28/2026","","","0","0","0","0","Y","0","0","0","0","0","0","0","0","0","0","0","0","0","0","0","0","0","0","0","0","0","0","0","0","0","0","0","0","0","0","0","0","0","0","0","0","0","0","0","0","0","0","0","0","0","0","0","0","0","0","0","0","0","0","0","0","0","0","9432655","13723479"
"D3","39","Hillsborough","2010","3918299","THE BOOZY PIG","3255 W CYPRESS ST","TAMPA","33607","3676949","2","Food","Routine - Food","Call Back - Admin. complaint recommended","07/10/2026","","","2","0","2","0","Y","0","0","1","0","0","0","0","0","0","0","0","0","0","0","0","0","0","0","0","0","0","1","0","0","0","0","0","0","0","0","0","0","0","0","0","0","0","0","0","0","0","0","0","0","0","0","0","0","0","0","0","0","0","0","0","0","0","0","7149313","13690299"
"D3","39","Hillsborough","2010","3918307","BECCOFINO","5712 MACDILL AVE","TAMPA","33611","3759620","1","Food","Complaint Full","Inspection Completed - No Further Action","07/22/2026","","","5","0","2","3","Y","0","0","0","0","0","0","0","0","0","1","0","0","0","0","0","0","0","0","0","0","0","1","0","0","0","0","0","0","0","0","0","0","0","0","1","1","0","0","0","0","0","0","0","0","0","0","0","0","0","0","0","0","1","0","0","0","0","0","7217268","13853888"
"D3","39","Hillsborough","2010","3918309","HARPOON HARRY'S CRAB HOUSE-TAMPA","225 S FRANKLIN ST","TAMPA","33602","3743989","1","Food","Routine - Food","Administrative complaint recommended","07/27/2026","","","6","3","1","2","Y","1","0","3","0","0","0","0","0","0","0","0","0","0","1","0","0","0","0","0","0","0","0","0","0","0","0","0","0","0","0","1","0","0","0","0","0","0","0","0","0","0","0","0","0","0","0","0","0","0","0","0","0","0","0","0","0","0","0","7534980","13782491"
"D3","39","Hillsborough","2010","3918309","HARPOON HARRY'S CRAB HOUSE-TAMPA","225 S FRANKLIN ST","TAMPA","33602","3743989","2","Food","Routine - Food","Call Back - Complied","07/28/2026","","","1","0","0","1","Y","0","0","0","0","0","0","0","0","0","0","0","0","0","1","0","0","0","0","0","0","0","0","0","0","0","0","0","0","0","0","0","0","0","0","0","0","0","0","0","0","0","0","0","0","0","0","0","0","0","0","0","0","0","0","0","0","0","0","7534980","13860681"
"D3","39","Hillsborough","2010","3918322","THE CRACKED PEPPER CAFE","2901 BUSCH BLVD STE 1020","TAMPA","33603","3743519","1","Food","Routine - Food","Inspection Completed - No Further Action","07/30/2026","","","14","2","4","8","Y","0","0","1","0","0","1","0","1","0","0","0","0","0","0","0","0","0","0","0","0","0","1","0","0","0","0","0","0","0","0","1","0","4","0","1","1","0","0","0","1","0","0","0","0","0","0","0","0","0","0","0","0","2","0","0","0","0","0","8271024","13782021"
"D3","39","Hillsborough","2010","3918328","TROPICAL SMOOTHIE CAFE","6708 MEMORIAL HWY","TAMPA","33615","3707373","1","Food","Routine - Food","Inspection Completed - No Further Action","07/16/2026","","","7","1","3","3","Y","0","0","0","0","0","0","0","0","0","0","0","2","0","1","0","0","0","0","0","0","0","2","0","1","0","0","0","0","0","0","1","0","0","0","0","0","0","0","0","0","0","0","0","0","0","0","0","0","0","0","0","0","0","0","0","0","0","0","9764395","13745862"
"D3","39","Hillsborough","2010","3918330","RG MOES SOUTHWEST GRILL","13012 US 301","RIVERVIEW","33578","3701122","1","Food","Complaint Full","Inspection Completed - No Further Action","07/08/2026","","","7","2","2","3","Y","0","0","0","0","0","0","0","0","0","1","0","1","0","0","0","0","0","0","0","0","0","1","0","0","0","0","0","0","0","0","1","0","0","0","2","0","0","0","0","0","1","0","0","0","0","0","0","0","0","0","0","0","0","0","0","0","0","0","9149590","13722636"
"D3","39","Hillsborough","2010","3918351","WICKED OAK BARBEQUE","6607 N FLORIDA AVE","TAMPA","33604","3718225","1","Food","Routine - Food","Inspection Completed - No Further Action","07/29/2026","","","1","0","0","1","Y","0","0","0","0","0","0","0","0","0","0","0","0","0","0","0","0","0","0","0","0","1","0","0","0","0","0","0","0","0","0","0","0","0","0","0","0","0","0","0","0","0","0","0","0","0","0","0","0","0","0","0","0","0","0","0","0","0","0","8196736","13756718"
"D3","39","Hillsborough","2010","3918352","CULVER'S","548 E BRANDON BLVD","BRANDON","33511","3751250","1","Food","Routine - Food","Inspection Completed - No Further Action","07/22/2026","","","0","0","0","0","Y","0","0","0","0","0","0","0","0","0","0","0","0","0","0","0","0","0","0","0","0","0","0","0","0","0","0","0","0","0","0","0","0","0","0","0","0","0","0","0","0","0","0","0","0","0","0","0","0","0","0","0","0","0","0","0","0","0","0","9014126","13789752"
"D3","39","Hillsborough","2010","3918356","BLUE COLLAR BURGER","115 E REYNOLDS ST","PLANT CITY","33563","3755591","1","Food","Routine - Food","Warning Issued","07/14/2026","","","6","1","4","1","Y","0","1","1","0","0","0","0","0","0","0","0","0","0","0","0","1","0","0","0","0","0","0","0","0","1","0","0","0","0","0","0","0","0","0","0","0","0","0","0","0","0","0","0","0","0","0","0","0","0","1","1","0","0","0","0","0","0","0","9733303","13794094"
"D3","39","Hillsborough","2010","3918362","PAL CAMPO RESTAURANT - TAMPA","9218 ANDERSON ROAD","TAMPA","33634","3716293","1","Food","Routine - Food","Administrative complaint recommended","07/15/2026","","","5","2","2","1","Y","0","1","1","0","0","0","0","0","0","0","0","0","0","0","0","0","0","0","0","0","1","2","0","0","0","0","0","0","0","0","0","0","0","0","0","0","0","0","0","0","0","0","0","0","0","0","0","0","0","0","0","0","0","0","0","0","0","0","7314479","13754786"
"D3","39","Hillsborough","2010","3918365","MELT N DIP","10254 CAUSEWAY BLVD","TAMPA","33618","3733458","1","Food","Routine - Food","Warning Issued","07/29/2026","","","16","1","7","8","Y","0","2","0","0","0","0","0","1","0","0","0","1","0","0","0","0","0","0","0","0","0","2","2","0","0","0","0","0","0","0","3","0","0","0","0","0","0","0","0","1","2","0","0","0","0","0","0","0","0","0","1","0","1","0","0","0","0","0","9850552","13771951"
"D3","39","Hillsborough","2010","3918381","HUNGRY GREEK ELEMENT BUILDING","808 N FRANKLIN ST STE 107B","TAMPA","33602","3755104","1","Food","Routine - Food","Inspection Completed - No Further Action","07/30/2026","","","2","0","1","1","Y","0","0","0","0","0","0","0","0","0","0","0","0","0","1","0","0","0","0","0","0","0","0","0","0","0","0","0","0","0","0","0","0","0","0","0","0","0","0","0","0","0","0","0","0","0","0","0","0","0","0","0","0","1","0","0","0","0","0","7303665","13793606"
"D3","39","Hillsborough","2010","3918386","SALT SHACK LLC","5415 W TYSON AVE","TAMPA","33611","3729740","1","Food","Routine - Food","Inspection Completed - No Further Action","07/14/2026","","","2","0","1","1","Y","1","0","0","0","0","0","0","0","0","0","0","0","0","1","0","0","0","0","0","0","0","0","0","0","0","0","0","0","0","0","0","0","0","0","0","0","0","0","0","0","0","0","0","0","0","0","0","0","0","0","0","0","0","0","0","0","0","0","7292197","13768233"
"D3","39","Hillsborough","2010","3918393","KEKE'S BREAKFAST CAFE","1590 W BRANDON BLVD","BRANDON","33511","3736095","1","Food","Routine - Food","Warning Issued","07/08/2026","","","4","1","2","1","Y","0","0","1","0","0","0","0","0","0","0","0","0","0","0","0","0","0","0","0","0","0","1","0","0","0","0","0","0","0","0","0","0","0","0","0","0","0","0","0","0","0","0","0","0","0","0","0","0","0","0","0","0","2","0","0","0","0","0","7356983","13774588"
"D3","39","Hillsborough","2010","3918411","MUCHACHAS LLC","1910 N OLA AVE STALL #14","TAMPA","33602","3730317","1","Food","Routine - Food","Inspection Completed - No Further Action","07/30/2026","","","1","0","0","1","Y","0","0","0","0","0","1","0","0","0","0","0","0","0","0","0","0","0","0","0","0","0","0","0","0","0","0","0","0","0","0","0","0","0","0","0","0","0","0","0","0","0","0","0","0","0","0","0","0","0","0","0","0","0","0","0","0","0","0","7843041","13768810"
"D3","39","Hillsborough","2010","3918418","CHILL BROTHERS","1910 E 7 AVE","TAMPA","33605","3737233","1","Food","Routine - Food","Inspection Completed - No Further Action","07/22/2026","","","3","0","2","1","Y","0","1","0","0","0","0","0","0","0","0","0","1","0","0","0","0","0","0","0","0","0","0","0","0","0","0","0","0","0","0","1","0","0","0","0","0","0","0","0","0","0","0","0","0","0","0","0","0","0","0","0","0","0","0","0","0","0","0","7353540","13775726"
"D3","39","Hillsborough","2010","3918435","GUTHRIE'S","5228 S DALE MABRY HWY","TAMPA","33611","3717204","1","Food","Routine - Food","Inspection Completed - No Further Action","07/20/2026","","","6","0","2","4","Y","0","0","0","0","0","0","0","1","0","0","0","0","0","0","0","0","0","0","0","0","0","1","1","0","0","0","0","0","0","0","0","0","0","0","0","1","0","0","0","0","0","0","0","0","0","0","0","0","0","0","0","0","2","0","0","0","0","0","7382520","13755697"
"D3","39","Hillsborough","2010","3918442","BEEF O BRADYS BLOOMINGDALE LLC","889 E BLOOMINGDALE AVE","BRANDON","33511","3742638","1","Food","Routine - Food","Inspection Completed - No Further Action","07/10/2026","","","5","1","1","3","Y","0","0","0","0","0","0","0","2","0","0","0","0","0","0","0","0","0","0","0","0","0","1","0","1","0","0","0","0","0","0","1","0","0","0","0","0","0","0","0","0","0","0","0","0","0","0","0","0","0","0","0","0","0","0","0","0","0","0","7444173","13781140"
"D3","39","Hillsborough","2010","3918452","GELATO GO","1208 E KENNEDY BLVD STE 115","TAMPA","33602","3626683","4","Food","Routine - Food","Call Back - Complied","07/21/2026","","","0","0","0","0","Y","0","0","0","0","0","0","0","0","0","0","0","0","0","0","0","0","0","0","0","0","0","0","0","0","0","0","0","0","0","0","0","0","0","0","0","0","0","0","0","0","0","0","0","0","0","0","0","0","0","0","0","0","0","0","0","0","0","0","9485271","13701798"
"D3","39","Hillsborough","2010","3918470","CHICKEN SALAD CHICKS","965 E BLOOMINGDALE AVE","BRANDON","33511","3711798","1","Food","Routine - Food","Inspection Completed - No Further Action","07/10/2026","","","1","1","0","0","Y","0","0","0","0","0","0","0","0","0","0","0","1","0","0","0","0","0","0","0","0","0","0","0","0","0","0","0","0","0","0","0","0","0","0","0","0","0","0","0","0","0","0","0","0","0","0","0","0","0","0","0","0","0","0","0","0","0","0","7408161","13750291"
"D3","39","Hillsborough","2010","3918476","RAINING BERRIES #1100","25595 SIERRA CENTER BLVD","LUTZ","33559","3739800","1","Food","Routine - Food","Inspection Completed - No Further Action","07/20/2026","","","13","1","3","9","Y","0","0","0","0","0","0","0","2","0","1","0","1","0","0","0","0","0","0","0","0","1","3","1","0","0","0","0","0","0","0","2","0","0","0","0","0","0","0","0","0","1","0","0","0","0","0","0","0","0","1","0","0","0","0","0","0","0","0","9716236","13778302"
"D3","39","Hillsborough","2010","3918485","FIVE GUYS 1958","25599 SIERRA CENTER BLVD","LUTZ","33559","3751547","1","Food","Routine - Food","Inspection Completed - No Further Action","07/08/2026","","","1","0","0","1","Y","0","0","0","0","0","0","0","0","0","0","0","0","0","0","0","0","0","0","0","0","0","0","0","0","0","0","0","0","0","0","0","0","0","0","0","0","0","0","0","0","0","0","0","0","0","0","0","0","0","0","1","0","0","0","0","0","0","0","7569655","13790049"
"D3","39","Hillsborough","2010","3918491","MONSTER BREWING COMPANY LLC","3924 W SPRUCE STREET","TAMPA","33607","3725604","1","Food","Routine - Food","Inspection Completed - No Further Action","07/24/2026","","","0","0","0","0","Y","0","0","0","0","0","0","0","0","0","0","0","0","0","0","0","0","0","0","0","0","0","0","0","0","0","0","0","0","0","0","0","0","0","0","0","0","0","0","0","0","0","0","0","0","0","0","0","0","0","0","0","0","0","0","0","0","0","0","7541897","13764097"
"D3","39","Hillsborough","2010","3918496","CHINA CHEF","12468 SR 54","ODESSA","33556","3743660","1","Food","Routine - Food","Warning Issued","07/15/2026","","","8","2","3","3","Y","0","1","0","0","0","0","0","3","0","1","0","0","0","0","0","0","0","0","0","0","0","1","1","0","0","0","0","0","0","0","0","0","0","0","0","0","0","0","0","0","0","0","0","0","0","0","0","0","0","0","0","0","1","0","0","0","0","0","7590007","13782162"
"D3","39","Hillsborough","2010","3918511","WENDY'S OLD FASHIONED HAMBURGERS","6917 N  56  ST","TAMPA","33617","3756025","1","Food","Complaint Full","Inspection Completed - No Further Action","07/10/2026","","","0","0","0","0","Y","0","0","0","0","0","0","0","0","0","0","0","0","0","0","0","0","0","0","0","0","0","0","0","0","0","0","0","0","0","0","0","0","0","0","0","0","0","0","0","0","0","0","0","0","0","0","0","0","0","0","0","0","0","0","0","0","0","0","8393889","13842303"
"D3","39","Hillsborough","2010","3918514","MICHI RAMEN","18025 HIGHWOODS PRESERVE PKWY","TAMPA","33647","3742611","1","Food","Routine - Food","Inspection Completed - No Further Action","07/10/2026","","","0","0","0","0","Y","0","0","0","0","0","0","0","0","0","0","0","0","0","0","0","0","0","0","0","0","0","0","0","0","0","0","0","0","0","0","0","0","0","0","0","0","0","0","0","0","0","0","0","0","0","0","0","0","0","0","0","0","0","0","0","0","0","0","7599545","13781113"
"D3","39","Hillsborough","2010","3918552","GRAIN AND BERRY","8638 HUNTERS VILLAGE RD","TAMPA","33647","3751581","1","Food","Routine - Food","Inspection Completed - No Further Action","07/22/2026","","","2","0","0","2","Y","0","0","0","0","0","0","0","0","0","0","0","0","0","1","0","0","0","0","0","0","0","0","0","0","1","0","0","0","0","0","0","0","0","0","0","0","0","0","0","0","0","0","0","0","0","0","0","0","0","0","0","0","0","0","0","0","0","0","9273796","13790083"
"D3","39","Hillsborough","2010","3918553","ZAXBY'S","2153 SUN VISTA DRIVE","LUTZ","33559","3730682","1","Food","Routine - Food","Inspection Completed - No Further Action","07/22/2026","","","3","0","1","2","Y","0","0","0","0","0","0","0","2","0","0","0","0","0","0","0","0","0","0","0","0","0","0","0","0","0","0","0","0","0","0","1","0","0","0","0","0","0","0","0","0","0","0","0","0","0","0","0","0","0","0","0","0","0","0","0","0","0","0","7702912","13769175"
"D3","39","Hillsborough","2010","3918556","DOMINO'S PIZZA  4912","1702 E 50  ST","TAMPA","33619","3723983","1","Food","Routine - Food","Inspection Completed - No Further Action","07/23/2026","","","2","0","0","2","Y","0","0","0","0","0","0","0","1","0","0","0","1","0","0","0","0","0","0","0","0","0","0","0","0","0","0","0","0","0","0","0","0","0","0","0","0","0","0","0","0","0","0","0","0","0","0","0","0","0","0","0","0","0","0","0","0","0","0","8130353","13762476"
"D3","39","Hillsborough","2010","3918557","SOUTHERN LUV","8019 CITRUS PARK DR","TAMPA","33624","3732227","1","Food","Routine - Food","Warning Issued","07/28/2026","","","7","1","3","3","Y","0","0","0","0","0","0","0","1","0","0","0","0","0","0","0","0","0","0","0","0","0","0","0","0","0","0","0","0","0","0","1","0","0","0","0","1","0","0","0","0","0","0","0","0","0","0","0","0","0","1","1","0","2","0","0","0","0","0","9241604","13770720"
"D3","39","Hillsborough","2010","3918574","BIANCO GELATO","2398 GRAND CYPRESS DR STE 992","LUTZ","33559","3733484","1","Food","Routine - Food","Inspection Completed - No Further Action","07/23/2026","","","2","1","1","0","Y","0","1","0","0","0","0","0","0","0","0","0","1","0","0","0","0","0","0","0","0","0","0","0","0","0","0","0","0","0","0","0","0","0","0","0","0","0","0","0","0","0","0","0","0","0","0","0","0","0","0","0","0","0","0","0","0","0","0","9895884","13771977"
"D3","39","Hillsborough","2010","3918581","BARRIEHAUS BEER CO","1403 E 5 AVE","TAMPA","33605","3730044","1","Food","Routine - Food","Inspection Completed - No Further Action","07/24/2026","","","1","0","0","1","Y","0","0","0","0","0","0","0","0","0","0","0","0","0","0","0","0","0","0","0","0","0","0","1","0","0","0","0","0","0","0","0","0","0","0","0","0","0","0","0","0","0","0","0","0","0","0","0","0","0","0","0","0","0","0","0","0","0","0","7733271","13768537"
"D3","39","Hillsborough","2010","3918582","TOMATO JOE'S NEW YORK PIZZERIA","7032 W WATERS AVE","TAMPA","33634","3753145","1","Food","Routine - Food","Inspection Completed - No Further Action","07/31/2026","","","10","3","4","3","Y","0","1","2","0","0","0","0","1","0","0","0","1","0","1","0","0","0","0","0","0","0","1","1","0","0","0","0","0","0","0","2","0","0","0","0","0","0","0","0","0","0","0","0","0","0","0","0","0","0","0","0","0","0","0","0","0","0","0","9904738","13791647"
"D3","39","Hillsborough","2010","3918596","LA ESQUINA DE ANTOJITOS LATINOS","7730 PALM RIVER RD STE 850","TAMPA","33619","3701185","1","Food","Food-Licensing Inspection","Inspection Completed - No Further Action","07/08/2026","","","0","0","0","0","Y","0","0","0","0","0","0","0","0","0","0","0","0","0","0","0","0","0","0","0","0","0","0","0","0","0","0","0","0","0","0","0","0","0","0","0","0","0","0","0","0","0","0","0","0","0","0","0","0","0","0","0","0","0","0","0","0","0","0","9982383","13723017"
"D3","39","Hillsborough","2010","3918633","PITAS REPUBLIC DOWNTOWN","210 E MADISON ST","TAMPA","33602","3749369","1","Food","Routine - Food","Warning Issued","07/23/2026","","","2","1","1","0","Y","0","0","1","0","0","0","0","0","0","0","0","0","0","0","0","0","0","0","0","0","0","0","0","0","0","0","0","0","0","0","1","0","0","0","0","0","0","0","0","0","0","0","0","0","0","0","0","0","0","0","0","0","0","0","0","0","0","0","7744535","13787871"
"D3","39","Hillsborough","2010","3918633","PITAS REPUBLIC DOWNTOWN","210 E MADISON ST","TAMPA","33602","3749369","2","Food","Routine - Food","Call Back - Complied","07/27/2026","","","0","0","0","0","Y","0","0","0","0","0","0","0","0","0","0","0","0","0","0","0","0","0","0","0","0","0","0","0","0","0","0","0","0","0","0","0","0","0","0","0","0","0","0","0","0","0","0","0","0","0","0","0","0","0","0","0","0","0","0","0","0","0","0","7744535","13857329"
"D3","39","Hillsborough","2010","3918643","JOTORO","615 CHANNELSIDE DR, STE 114","TAMPA","33602","3743126","1","Food","Routine - Food","Warning Issued","07/23/2026","","","2","1","1","0","Y","0","0","0","0","0","0","0","0","0","0","0","0","0","0","0","0","0","0","0","0","0","1","0","0","0","0","0","0","0","0","1","0","0","0","0","0","0","0","0","0","0","0","0","0","0","0","0","0","0","0","0","0","0","0","0","0","0","0","7771144","13781628"
"D3","39","Hillsborough","2010","3918658","UGREAN","459 BRANDON TOWN CENTER MALL #473","BRANDON","33511","3727125","1","Food","Routine - Food","Inspection Completed - No Further Action","07/29/2026","","","9","1","2","6","Y","0","0","0","0","0","0","0","1","0","0","0","1","0","2","0","0","0","0","0","0","0","0","0","1","0","0","0","0","1","0","2","0","0","0","0","0","0","0","0","0","0","0","0","0","0","0","0","0","0","0","1","0","0","0","0","0","0","0","8476474","13765618"
"D3","39","Hillsborough","2010","3918662","ZEN DUMPLING","2420 W BRANDON BLVD","BRANDON","33511","3713567","1","Food","Routine - Food","Warning Issued","07/20/2026","","","9","2","2","5","Y","0","0","0","0","0","0","0","2","0","0","0","1","0","1","0","1","0","0","0","0","0","2","1","0","1","0","0","0","0","0","0","0","0","0","0","0","0","0","0","0","0","0","0","0","0","0","0","0","0","0","0","0","0","0","0","0","0","0","9571245","13752060"
"D3","39","Hillsborough","2010","3918662","ZEN DUMPLING","2420 W BRANDON BLVD","BRANDON","33511","3713567","2","Food","Routine - Food","Call Back - Complied","07/23/2026","","","0","0","0","0","Y","0","0","0","0","0","0","0","0","0","0","0","0","0","0","0","0","0","0","0","0","0","0","0","0","0","0","0","0","0","0","0","0","0","0","0","0","0","0","0","0","0","0","0","0","0","0","0","0","0","0","0","0","0","0","0","0","0","0","9571245","13852647"
"D3","39","Hillsborough","2010","3918666","FRESH KITCHEN TAMPA PALMS","8648 HUNTERS VILLAGE RD","TAMPA","33647","3725707","1","Food","Routine - Food","Inspection Completed - No Further Action","07/21/2026","","","0","0","0","0","Y","0","0","0","0","0","0","0","0","0","0","0","0","0","0","0","0","0","0","0","0","0","0","0","0","0","0","0","0","0","0","0","0","0","0","0","0","0","0","0","0","0","0","0","0","0","0","0","0","0","0","0","0","0","0","0","0","0","0","7843888","13764200"
"D3","39","Hillsborough","2010","3918676","SOFRESH WESTSHORE","126 S WESTSHORE BLVD","TAMPA","33609","3749593","1","Food","Routine - Food","Inspection Completed - No Further Action","07/20/2026","","","1","0","0","1","Y","0","0","0","0","0","0","0","0","0","1","0","0","0","0","0","0","0","0","0","0","0","0","0","0","0","0","0","0","0","0","0","0","0","0","0","0","0","0","0","0","0","0","0","0","0","0","0","0","0","0","0","0","0","0","0","0","0","0","7832606","13788095"
"D3","39","Hillsborough","2010","3918690","PANERA BREAD #6126","16034 PRESERVE MARKETPLACE","ODESSA","33556","3743315","1","Food","Routine - Food","Inspection Completed - No Further Action","07/27/2026","","","2","1","0","1","Y","0","0","1","0","0","0","0","0","0","0","0","0","1","0","0","0","0","0","0","0","0","0","0","0","0","0","0","0","0","0","0","0","0","0","0","0","0","0","0","0","0","0","0","0","0","0","0","0","0","0","0","0","0","0","0","0","0","0","7905559","13781817"
"D3","39","Hillsborough","2010","3918704","ANNIE'S TEA HOUSE","1924 W BRANDON BLVD","BRANDON","33511","3743123","1","Food","Routine - Food","Warning Issued","07/29/2026","","","4","0","1","3","Y","0","0","2","0","0","0","0","0","0","0","0","1","0","0","0","0","0","0","0","0","0","1","0","0","0","0","0","0","0","0","0","0","0","0","0","0","0","0","0","0","0","0","0","0","0","0","0","0","0","0","0","0","0","0","0","0","0","0","7640990","13781625"
"D3","39","Hillsborough","2010","3918723","FIRST WATCH RESTAURANT #479","8646 HUNTERS VILLAGE RD","TAMPA","33647","3704485","1","Food","Routine - Food","Inspection Completed - No Further Action","07/22/2026","","","0","0","0","0","Y","0","0","0","0","0","0","0","0","0","0","0","0","0","0","0","0","0","0","0","0","0","0","0","0","0","0","0","0","0","0","0","0","0","0","0","0","0","0","0","0","0","0","0","0","0","0","0","0","0","0","0","0","0","0","0","0","0","0","7825019","13742962"
"D3","39","Hillsborough","2010","3918725","PIZZA HUT  4626","23118 SR 54","LUTZ","33549","3717701","1","Food","Routine - Food","Inspection Completed - No Further Action","07/08/2026","","","4","0","1","3","Y","0","0","0","0","0","0","0","0","0","0","0","0","0","0","0","0","0","0","0","0","0","0","1","0","0","0","0","0","0","0","1","0","0","0","0","1","0","0","0","1","0","0","0","0","0","0","0","0","0","0","0","0","0","0","0","0","0","0","7948242","13756194"
"D3","39","Hillsborough","2010","3918736","BAWARCHI INDIAN GRILL & BAR","2020 W BRANDON BLVD  STE 140","BRANDON","33511","3700814","1","Food","Complaint Full","Inspection Completed - No Further Action","07/07/2026","","","8","2","2","4","Y","0","1","0","0","0","0","0","0","1","0","0","0","0","1","0","0","0","0","0","0","0","0","1","1","0","0","0","0","0","0","0","0","0","0","0","0","0","0","0","1","2","0","0","0","0","0","0","0","0","0","0","0","0","0","0","0","0","0","9385432","13720812"
"D3","39","Hillsborough","2010","3918742","BURGERFI","615 CHANNELSIDE DR STE 115A","TAMPA","33602","3733337","1","Food","Routine - Food","Inspection Completed - No Further Action","07/09/2026","","","3","0","2","1","Y","0","0","0","0","0","0","0","0","0","0","0","0","0","1","0","1","0","0","0","0","0","0","0","0","0","0","0","0","0","0","0","0","0","0","0","0","0","0","0","0","0","0","0","0","0","0","0","0","0","0","0","0","1","0","0","0","0","0","9771431","13771830"
"D3","39","Hillsborough","2010","3918751","JUICYS FAMOUS FAIR FOOD","1910 N OLA AVE STE 11","TAMPA","33602","3733269","1","Food","Routine - Food","Inspection Completed - No Further Action","07/10/2026","","","6","2","2","2","Y","0","0","1","0","0","0","0","0","0","0","1","0","0","1","0","0","0","0","0","0","1","0","0","0","0","0","0","0","0","0","0","0","0","0","0","0","0","0","0","0","1","0","0","0","0","0","0","0","0","0","0","0","1","0","0","0","0","0","9755768","13771762"
"D3","39","Hillsborough","2010","3918752","WINGSTOP","11720 E DR MLK JR BLVD #11752","SEFFNER","33584","3713044","1","Food","Routine - Food","Warning Issued","07/21/2026","","","3","1","0","2","Y","0","0","0","0","0","0","0","0","0","0","0","0","0","0","0","0","0","0","0","0","1","0","0","0","0","0","0","0","0","0","0","0","0","0","1","0","0","0","0","0","0","0","0","0","0","0","0","0","0","1","0","0","0","0","0","0","0","0","7738257","13751537"
"D3","39","Hillsborough","2010","3918752","WINGSTOP","11720 E DR MLK JR BLVD #11752","SEFFNER","33584","3713044","2","Food","Routine - Food","Call Back - Complied","07/22/2026","","","1","0","0","1","Y","0","0","0","0","0","0","0","0","0","0","0","0","0","0","0","0","0","0","0","0","0","0","0","0","0","0","0","0","0","0","0","0","0","0","0","0","0","0","0","0","0","0","0","0","0","0","0","0","0","1","0","0","0","0","0","0","0","0","7738257","13853663"
"D3","39","Hillsborough","2010","3918752","WINGSTOP","11720 E DR MLK JR BLVD #11752","SEFFNER","33584","3761488","1","Food","Complaint Full","Inspection Completed - No Further Action","07/28/2026","","","2","0","0","2","Y","0","0","0","0","0","0","0","0","0","0","0","0","0","0","0","0","0","0","0","0","0","0","1","0","0","0","0","0","0","0","0","0","0","0","0","0","0","0","0","0","0","0","0","0","0","0","0","0","0","1","0","0","0","0","0","0","0","0","7738257","13860463"
"D3","39","Hillsborough","2010","3918756","BOLAY","1544 W BRANDON BLVD UNIT 102","BRANDON","33511","3760069","1","Food","Complaint Full","Inspection Completed - No Further Action","07/23/2026","","","4","0","1","3","Y","0","0","0","0","0","0","0","1","0","0","0","0","0","0","0","0","0","0","0","0","0","0","1","1","0","0","0","0","0","0","1","0","0","0","0","0","0","0","0","0","0","0","0","0","0","0","0","0","0","0","0","0","0","0","0","0","0","0","7900772","13855886"
"D3","39","Hillsborough","2010","3918762","DAIRY QUEEN GRILL AND CHILL","23671 SR 54","LUTZ","33559","3743039","1","Food","Routine - Food","Administrative complaint recommended","07/17/2026","","","5","1","2","2","Y","0","0","0","0","0","0","0","1","0","0","0","0","0","0","0","0","0","0","0","0","0","1","0","0","0","0","0","0","1","0","1","0","0","0","0","0","0","0","0","0","0","1","0","0","0","0","0","0","0","0","0","0","0","0","0","0","0","0","7987523","13781541"
"D3","39","Hillsborough","2010","3918763","WAVES CRAB HOUSE","14345 US HWY 301 S","WIMAUMA","33598","3760071","1","Food","Complaint Full","Inspection Completed - No Further Action","07/23/2026","","","13","2","0","11","Y","0","0","0","0","0","0","0","1","0","2","0","2","0","1","0","0","0","0","0","0","0","1","1","1","0","0","0","0","0","0","0","0","0","0","0","1","0","0","0","1","1","1","0","0","0","0","0","0","0","0","0","0","0","0","0","0","0","0","7703595","13855900"
"D3","39","Hillsborough","2010","3918767","YBOR URBAN MART","1821 E 7TH AVE","TAMPA","33605","3676074","2","Food","Routine - Food","Call Back - Complied","07/01/2026","","","2","0","2","0","Y","0","0","0","0","0","0","0","0","0","0","0","0","0","0","0","0","0","0","0","0","0","1","0","0","0","0","0","0","0","0","1","0","0","0","0","0","0","0","0","0","0","0","0","0","0","0","0","0","0","0","0","0","0","0","0","0","0","0","9486327","13686403"
"D3","39","Hillsborough","2010","3918770","BRUSTER'S REAL ICE CREAM","1025 BLOOMINGDALE AVE","VALRICO","33596","3705925","1","Food","Routine - Food","Inspection Completed - No Further Action","07/17/2026","","","4","2","2","0","Y","0","0","1","0","0","0","0","0","0","0","0","0","0","0","0","0","0","0","0","0","0","1","0","0","0","0","0","0","0","0","2","0","0","0","0","0","0","0","0","0","0","0","0","0","0","0","0","0","0","0","0","0","0","0","0","0","0","0","9017716","13744408"
"D3","39","Hillsborough","2010","3918779","POTBELLY SANDWICH SHOP STADIUM","4738 N DALE MABRY HWY","TAMPA","33614","3717390","1","Food","Routine - Food","Inspection Completed - No Further Action","07/20/2026","","","5","1","1","3","Y","0","0","0","0","0","0","0","2","0","0","0","0","0","1","0","0","0","0","0","0","0","0","0","0","0","0","0","0","1","0","1","0","0","0","0","0","0","0","0","0","0","0","0","0","0","0","0","0","0","0","0","0","0","0","0","0","0","0","7849695","13755883"
"D3","39","Hillsborough","2010","3918789","GONG CHA","4025 W WATERS AVE UNIT 105","TAMPA","33614","3707544","1","Food","Routine - Food","Inspection Completed - No Further Action","07/29/2026","","","2","1","0","1","Y","0","0","0","0","0","0","0","0","0","1","0","0","0","0","0","0","0","0","0","0","0","1","0","0","0","0","0","0","0","0","0","0","0","0","0","0","0","0","0","0","0","0","0","0","0","0","0","0","0","0","0","0","0","0","0","0","0","0","9835917","13746033"
"D3","39","Hillsborough","2010","3918796","JUNMAI STATION","325 N FLORIDA AVE STE C","TAMPA","33602","3736829","1","Food","Routine - Food","Inspection Completed - No Further Action","07/29/2026","","","0","0","0","0","Y","0","0","0","0","0","0","0","0","0","0","0","0","0","0","0","0","0","0","0","0","0","0","0","0","0","0","0","0","0","0","0","0","0","0","0","0","0","0","0","0","0","0","0","0","0","0","0","0","0","0","0","0","0","0","0","0","0","0","8070110","13775322"
"D3","39","Hillsborough","2010","3918802","ISEKAI SUSHI CAFE","5717 GUNN HWY","TAMPA","33625","3759216","1","Food","Complaint Full","Warning Issued","07/20/2026","","","8","3","2","3","Y","0","1","1","0","0","0","0","3","0","0","0","0","0","0","0","0","0","0","0","0","0","1","0","0","0","0","0","0","0","0","0","0","0","0","0","0","0","0","0","0","1","0","0","0","0","0","0","0","0","0","0","0","1","0","0","0","0","0","8462897","13852643"
"D3","39","Hillsborough","2010","3918804","BURGER KING #29588","17376 ST RD 54","LUTZ","33558","3738634","1","Food","Routine - Food","Inspection Completed - No Further Action","07/27/2026","","","2","1","0","1","Y","0","0","0","0","0","0","0","0","0","0","0","0","0","0","0","0","0","0","0","0","0","0","0","0","0","0","0","0","1","0","0","0","0","0","0","1","0","0","0","0","0","0","0","0","0","0","0","0","0","0","0","0","0","0","0","0","0","0","8121950","13777133"
"D3","39","Hillsborough","2010","3918813","HANG TEN TIKI BAR","10001 N MCKINLEY DR","TAMPA","33612","3756131","1","Food","Complaint Full","Inspection Completed - No Further Action","07/16/2026","","","5","1","0","4","Y","0","0","0","0","0","0","0","0","0","0","0","0","0","0","0","0","0","0","0","0","0","1","0","0","0","0","0","0","0","0","0","0","1","0","2","1","0","0","0","0","0","0","0","0","0","0","0","0","0","0","0","0","0","0","0","0","0","0","8061436","13844133"
"D3","39","Hillsborough","2010","3918815","MADISON 2.0","1704 N HOWARD AVE","TAMPA","33607","3681544","2","Food","Routine - Food","Call Back - Complied","07/17/2026","","","3","0","1","2","Y","0","0","0","0","0","0","0","0","0","0","0","0","0","1","0","0","0","0","0","0","0","0","0","0","0","0","0","0","0","0","1","0","0","0","0","0","0","0","0","0","0","0","0","0","0","0","0","0","0","1","0","0","0","0","0","0","0","0","9220520","13695749"
"D3","39","Hillsborough","2010","3918820","THE HUNGRY GREEK","3947 VAN DYKE RD UNIT 201B","LUTZ","33558","3744302","1","Food","Routine - Food","Warning Issued","07/21/2026","","","4","4","0","0","Y","2","1","1","0","0","0","0","0","0","0","0","0","0","0","0","0","0","0","0","0","0","0","0","0","0","0","0","0","0","0","0","0","0","0","0","0","0","0","0","0","0","0","0","0","0","0","0","0","0","0","0","0","0","0","0","0","0","0","8616075","13782804"
"D3","39","Hillsborough","2010","3918820","THE HUNGRY GREEK","3947 VAN DYKE RD UNIT 201B","LUTZ","33558","3744302","2","Food","Routine - Food","Call Back - Complied","07/24/2026","","","0","0","0","0","Y","0","0","0","0","0","0","0","0","0","0","0","0","0","0","0","0","0","0","0","0","0","0","0","0","0","0","0","0","0","0","0","0","0","0","0","0","0","0","0","0","0","0","0","0","0","0","0","0","0","0","0","0","0","0","0","0","0","0","8616075","13853927"
"D3","39","Hillsborough","2010","3918823","DOMINO'S PIZZA #9460","17792 APRILE DR","LUTZ","33558","3724096","1","Food","Routine - Food","Inspection Completed - No Further Action","07/15/2026","","","3","0","0","3","Y","0","0","0","0","0","0","0","0","0","0","0","0","0","0","0","0","0","0","0","0","1","0","0","0","0","0","0","0","0","0","0","0","0","0","0","0","0","0","0","0","0","0","0","0","0","0","0","0","0","1","1","0","0","0","0","0","0","0","8129933","13762589"
"D3","39","Hillsborough","2010","3918824","FIRST WATCH RESTAURANT #483","1111 NORTH WESTSHORE BLVD STE 100A","TAMPA","33607","3749903","1","Food","Routine - Food","Warning Issued","07/24/2026","","","3","2","0","1","Y","0","0","1","0","0","0","0","0","0","0","0","1","0","0","0","0","0","0","0","0","0","1","0","0","0","0","0","0","0","0","0","0","0","0","0","0","0","0","0","0","0","0","0","0","0","0","0","0","0","0","0","0","0","0","0","0","0","0","7946244","13788405"
"D3","39","Hillsborough","2010","3918824","FIRST WATCH RESTAURANT #483","1111 NORTH WESTSHORE BLVD STE 100A","TAMPA","33607","3749903","2","Food","Routine - Food","Call Back - Complied","07/28/2026","","","1","0","0","1","Y","0","0","0","0","0","0","0","0","0","0","0","0","0","0","0","0","0","0","0","0","0","1","0","0","0","0","0","0","0","0","0","0","0","0","0","0","0","0","0","0","0","0","0","0","0","0","0","0","0","0","0","0","0","0","0","0","0","0","7946244","13858309"
"D3","39","Hillsborough","2010","3918829","THAI FOOD NEAR ME","905 E BRANDON BLVD","BRANDON","33511","3726871","1","Food","Routine - Food","Inspection Completed - No Further Action","07/24/2026","","","5","2","0","3","Y","0","0","0","0","0","0","0","2","0","0","0","0","0","2","0","0","0","0","0","0","0","0","1","0","0","0","0","0","0","0","0","0","0","0","0","0","0","0","0","0","0","0","0","0","0","0","0","0","0","0","0","0","0","0","0","0","0","0","9766109","13765364"
"D3","39","Hillsborough","2010","3918840","OISHI SUSHI BAR","12856 WEST HILLSBOROUGH AVE","TAMPA","33635","3693976","2","Food","Routine - Food","Call Back - Complied","07/14/2026","","","0","0","0","0","Y","0","0","0","0","0","0","0","0","0","0","0","0","0","0","0","0","0","0","0","0","0","0","0","0","0","0","0","0","0","0","0","0","0","0","0","0","0","0","0","0","0","0","0","0","0","0","0","0","0","0","0","0","0","0","0","0","0","0","8040557","13691013"
"D3","39","Hillsborough","2010","3918853","POKE POKE STADIUM","4740 N DALE MABRY HWY","TAMPA","33614","3736677","1","Food","Routine - Food","Administrative complaint recommended","07/27/2026","","","7","0","1","6","Y","0","0","0","0","0","0","0","2","0","1","0","0","1","1","0","0","0","0","0","0","0","1","0","0","0","0","0","0","0","0","0","0","0","0","0","0","0","0","0","0","0","0","0","0","0","0","0","0","0","0","0","1","0","0","0","0","0","0","7942767","13775170"
"D3","39","Hillsborough","2010","3918860","POKE PARADISE","4644 W GANDY BLVD","TAMPA","33611","3724179","1","Food","Routine - Food","Inspection Completed - No Further Action","07/14/2026","","","0","0","0","0","Y","0","0","0","0","0","0","0","0","0","0","0","0","0","0","0","0","0","0","0","0","0","0","0","0","0","0","0","0","0","0","0","0","0","0","0","0","0","0","0","0","0","0","0","0","0","0","0","0","0","0","0","0","0","0","0","0","0","0","8189809","13762672"
"D3","39","Hillsborough","2010","3918864","TINY BATCH BOBA CO","10268 CAUSEWAY BLVD","TAMPA","33619","3711944","1","Food","Routine - Food","Inspection Completed - No Further Action","07/27/2026","","","1","0","0","1","Y","0","0","0","0","0","0","0","0","0","0","0","0","0","0","0","1","0","0","0","0","0","0","0","0","0","0","0","0","0","0","0","0","0","0","0","0","0","0","0","0","0","0","0","0","0","0","0","0","0","0","0","0","0","0","0","0","0","0","8241739","13750437"
"D3","39","Hillsborough","2010","3918867","PROVISIONS COFFEE AND KITCHEN","2816 EAST BEARSS AVENUE","TAMPA","33613","3723996","1","Food","Routine - Food","Warning Issued","07/29/2026","","","6","0","4","2","Y","0","0","0","0","0","0","0","0","0","1","1","0","0","0","0","0","0","0","0","0","0","0","0","0","0","0","0","0","0","0","1","0","0","0","0","0","0","0","0","0","1","0","0","0","0","0","0","0","0","0","1","0","1","0","0","0","0","0","8240632","13762489"
"D3","39","Hillsborough","2010","3918878","DUMMY CRABBY","15317  AMBERLY DR","TAMPA","33647","3706398","1","Food","Routine - Food","Inspection Completed - No Further Action","07/23/2026","","","5","0","1","4","Y","1","0","0","0","0","0","0","1","0","0","0","1","0","0","0","0","0","0","0","0","0","0","0","0","1","0","0","0","0","0","0","0","0","0","0","0","0","0","0","1","0","0","0","0","0","0","0","0","0","0","0","0","0","0","0","0","0","0","9283108","13744883"
"D3","39","Hillsborough","2010","3918894","EL JEFE CAFE","4941 E BUSCH BLVD #140","TAMPA","33617","3755210","1","Food","Routine - Food","Administrative complaint recommended","07/29/2026","","","7","3","2","2","Y","1","0","1","0","0","0","0","0","0","0","0","0","0","1","0","0","0","0","0","0","0","0","0","0","0","0","0","0","1","0","1","0","0","0","0","0","0","0","0","0","1","0","0","0","0","0","0","0","0","1","0","0","0","0","0","0","0","0","9171944","13793712"
"D3","39","Hillsborough","2010","3918894","EL JEFE CAFE","4941 E BUSCH BLVD #140","TAMPA","33617","3755210","2","Food","Routine - Food","Call Back - Complied","07/30/2026","","","2","0","0","2","Y","0","0","0","0","0","0","0","0","0","0","0","0","0","1","0","0","0","0","0","0","0","0","0","0","0","0","0","0","1","0","0","0","0","0","0","0","0","0","0","0","0","0","0","0","0","0","0","0","0","0","0","0","0","0","0","0","0","0","9171944","13863673"
"D3","39","Hillsborough","2010","3918904","DOMINO'S PIZZA #3148","23388 STATE RD 54 STE 101","LUTZ","33549","3717684","1","Food","Routine - Food","Inspection Completed - No Further Action","07/24/2026","","","5","1","2","2","Y","0","1","0","0","0","0","0","1","0","0","0","0","1","0","0","0","0","0","0","0","0","1","0","0","0","0","0","0","0","0","1","0","0","0","0","0","0","0","0","0","0","0","0","0","0","0","0","0","0","0","0","0","0","0","0","0","0","0","8137521","13756177"
"D3","39","Hillsborough","2010","3918905","MR & MRS CRAB JUICY SEAFOOD ","1102 GOLDFINCH DR","PLANT CITY ","33563","3705904","1","Food","Routine - Food","Inspection Completed - No Further Action","07/16/2026","","","5","1","2","2","Y","0","0","0","0","0","0","0","0","0","0","0","0","0","1","0","0","0","0","0","0","0","0","0","0","0","0","0","0","0","0","2","0","0","0","0","1","0","0","0","0","1","0","0","0","0","0","0","0","0","0","0","0","0","0","0","0","0","0","8141474","13744387"
"D3","39","Hillsborough","2010","3918930","PANERA BREAD 4270","11135 CAUSEWAY BLVD","BRANDON","33511","3726672","1","Food","Routine - Food","Inspection Completed - No Further Action","07/28/2026","","","0","0","0","0","Y","0","0","0","0","0","0","0","0","0","0","0","0","0","0","0","0","0","0","0","0","0","0","0","0","0","0","0","0","0","0","0","0","0","0","0","0","0","0","0","0","0","0","0","0","0","0","0","0","0","0","0","0","0","0","0","0","0","0","8370223","13765165"
"D3","39","Hillsborough","2010","3918934","FINN'S DOCKSIDE BAR & GRILL","1112 APOLLO BEACH BLVD","APOLLO BEACH","33572","3755652","1","Food","Complaint Full","Warning Issued","07/14/2026","","","10","2","4","4","Y","1","0","1","0","2","0","0","1","0","0","0","0","0","1","0","0","0","0","0","0","0","2","0","0","0","0","0","0","0","0","0","0","0","0","0","0","0","0","0","0","2","0","0","0","0","0","0","0","0","0","0","0","0","0","0","0","0","0","8025589","13819899"
"D3","39","Hillsborough","2010","3918934","FINN'S DOCKSIDE BAR & GRILL","1112 APOLLO BEACH BLVD","APOLLO BEACH","33572","3755652","2","Food","Complaint Full","Call Back - Complied","07/15/2026","","","3","0","2","1","Y","1","0","0","0","0","0","0","0","0","0","0","0","0","0","0","0","0","0","0","0","0","2","0","0","0","0","0","0","0","0","0","0","0","0","0","0","0","0","0","0","0","0","0","0","0","0","0","0","0","0","0","0","0","0","0","0","0","0","8025589","13845229"
"D3","39","Hillsborough","2010","3918934","FINN'S DOCKSIDE BAR & GRILL","1112 APOLLO BEACH BLVD","APOLLO BEACH","33572","3761469","1","Food","Complaint Partial","Inspection Completed - No Further Action","07/28/2026","","","3","1","0","2","Y","0","0","0","0","0","0","0","0","0","0","0","1","0","0","0","0","0","0","0","0","2","0","0","0","0","0","0","0","0","0","0","0","0","0","0","0","0","0","0","0","0","0","0","0","0","0","0","0","0","0","0","0","0","0","0","0","0","0","8025589","13860355"
"D3","39","Hillsborough","2010","3918947","WALK ON'S SPORTS BISTREAUX","1140 GRAMERCY LANE","TAMPA","33607","3756265","1","Food","Complaint Full","Inspection Completed - No Further Action","07/17/2026","","","3","0","1","2","Y","0","0","0","0","0","0","0","0","0","0","0","0","0","0","0","0","0","0","0","0","0","2","0","0","0","0","0","0","0","0","0","0","0","0","0","1","0","0","0","0","0","0","0","0","0","0","0","0","0","0","0","0","0","0","0","0","0","0","8113901","13845887"
"D3","39","Hillsborough","2010","3918951","MR EMPANADA","5006 E FOWLER AVE STE B","TAMPA","33617","3713495","1","Food","Routine - Food","Inspection Completed - No Further Action","07/28/2026","","","2","0","1","1","Y","0","0","0","0","0","0","0","1","0","0","0","0","0","0","0","0","0","0","0","0","0","0","0","0","0","0","0","0","0","0","1","0","0","0","0","0","0","0","0","0","0","0","0","0","0","0","0","0","0","0","0","0","0","0","0","0","0","0","9531437","13751988"
"D3","39","Hillsborough","2010","3918961","YARD HOUSE 8394","450 CHANNELSIDE DR","TAMPA","33602","3738540","1","Food","Routine - Food","Warning Issued","07/14/2026","","","2","2","0","0","Y","0","0","1","0","0","0","0","0","0","0","0","0","0","0","0","0","0","0","0","0","0","1","0","0","0","0","0","0","0","0","0","0","0","0","0","0","0","0","0","0","0","0","0","0","0","0","0","0","0","0","0","0","0","0","0","0","0","0","8447264","13777037"
"D3","39","Hillsborough","2010","3918961","YARD HOUSE 8394","450 CHANNELSIDE DR","TAMPA","33602","3738540","2","Food","Routine - Food","Call Back - Complied","07/17/2026","","","0","0","0","0","Y","0","0","0","0","0","0","0","0","0","0","0","0","0","0","0","0","0","0","0","0","0","0","0","0","0","0","0","0","0","0","0","0","0","0","0","0","0","0","0","0","0","0","0","0","0","0","0","0","0","0","0","0","0","0","0","0","0","0","8447264","13845065"
"D3","39","Hillsborough","2010","3918971","EMONE","2080 BADLANDS DR","BRANDON","33511","3746297","1","Food","Routine - Food","Inspection Completed - No Further Action","07/23/2026","","","3","1","1","1","Y","0","0","0","0","0","0","0","0","0","0","1","0","0","2","0","0","0","0","0","0","0","0","0","0","0","0","0","0","0","0","0","0","0","0","0","0","0","0","0","0","0","0","0","0","0","0","0","0","0","0","0","0","0","0","0","0","0","0","9867298","13784799"
"D3","39","Hillsborough","2010","3918980","COLONY GRILL","3640 MIDTOWN DR","TAMPA","33606","3711633","1","Food","Routine - Food","Warning Issued","07/17/2026","","","5","1","1","3","Y","0","0","0","0","0","0","0","0","0","0","0","1","0","0","0","0","0","0","0","0","0","1","0","0","1","0","0","0","0","0","0","0","0","0","1","0","0","0","0","0","0","0","0","0","0","0","0","0","0","0","0","0","1","0","0","0","0","0","8160929","13750126"
"D3","39","Hillsborough","2010","3918980","COLONY GRILL","3640 MIDTOWN DR","TAMPA","33606","3711633","2","Food","Routine - Food","Call Back - Complied","07/20/2026","","","1","0","1","0","Y","0","0","0","0","0","0","0","0","0","0","0","0","0","0","0","0","0","0","0","0","0","0","0","0","0","0","0","0","0","0","0","0","0","0","0","0","0","0","0","0","0","0","0","0","0","0","0","0","0","0","0","0","1","0","0","0","0","0","8160929","13851385"
"D3","39","Hillsborough","2010","3918982","ROCKING CRAB","8922 BERTHA PALMER BLVD","TEMPLE TERRACE","33617","3743940","1","Food","Routine - Food","Inspection Completed - No Further Action","07/29/2026","","","0","0","0","0","Y","0","0","0","0","0","0","0","0","0","0","0","0","0","0","0","0","0","0","0","0","0","0","0","0","0","0","0","0","0","0","0","0","0","0","0","0","0","0","0","0","0","0","0","0","0","0","0","0","0","0","0","0","0","0","0","0","0","0","8316791","13782442"
"D3","39","Hillsborough","2010","3918987","NATURE'S TABLE","5411 SKYCENTER DRIVE SUITE 150","TAMPA","33607","3724065","1","Food","Routine - Food","Inspection Completed - No Further Action","07/23/2026","","","7","1","2","4","Y","0","1","0","0","0","0","0","0","0","0","0","2","1","0","0","0","0","0","0","0","0","1","0","0","0","0","0","0","0","0","0","0","0","0","0","0","0","0","0","0","0","0","0","0","0","0","0","0","0","1","0","0","1","0","0","0","0","0","8188027","13762558"
"D3","39","Hillsborough","2010","3918998","WAFFLE HOUSE #2416","7438 E HILLSBOROUGH AVENUE","TAMPA","33610","3718092","1","Food","Routine - Food","Inspection Completed - No Further Action","07/28/2026","","","6","0","0","6","Y","0","0","0","0","0","0","0","0","0","0","0","0","0","2","0","0","0","0","0","0","0","0","1","1","0","0","0","0","0","0","1","0","1","0","0","0","0","0","0","0","0","0","0","0","0","0","0","0","0","0","0","0","0","0","0","0","0","0","7963717","13756585"
"D3","39","Hillsborough","2010","3919013","MIGHTY QUINN'S BARBEQUE","202 N DALE MABRY HWY","TAMPA","33609","3711680","1","Food","Routine - Food","Inspection Completed - No Further Action","07/21/2026","","","2","0","1","1","Y","0","0","0","0","0","0","0","0","0","0","0","0","0","0","0","0","0","0","0","0","0","1","1","0","0","0","0","0","0","0","0","0","0","0","0","0","0","0","0","0","0","0","0","0","0","0","0","0","0","0","0","0","0","0","0","0","0","0","8448189","13750173"
"D3","39","Hillsborough","2010","3919019","SABOR Y FUEGO LATIN FUSION","1001 N MACDILL AVENUE","TAMPA","33607","3746171","1","Food","Routine - Food","Warning Issued","07/30/2026","","","13","5","5","3","Y","1","0","1","0","0","0","0","3","0","0","1","2","1","0","0","0","0","0","0","0","0","0","0","0","0","0","0","0","0","0","2","0","0","0","0","0","0","0","0","0","1","0","0","0","0","0","0","0","0","0","0","0","1","0","0","0","0","0","9771538","13784673"
"D3","39","Hillsborough","2010","3919019","SABOR Y FUEGO LATIN FUSION","1001 N MACDILL AVENUE","TAMPA","33607","3746171","2","Food","Routine - Food","Call Back - Complied","07/31/2026","","","0","0","0","0","Y","0","0","0","0","0","0","0","0","0","0","0","0","0","0","0","0","0","0","0","0","0","0","0","0","0","0","0","0","0","0","0","0","0","0","0","0","0","0","0","0","0","0","0","0","0","0","0","0","0","0","0","0","0","0","0","0","0","0","9771538","13865439"
"D3","39","Hillsborough","2010","3919020","HEYTEA","9055 BRANDON TOWN CENTER DR","BRANDON","33511","3717816","1","Food","Routine - Food","Emergency order recommended","07/30/2026","","","4","3","1","0","Y","0","1","1","0","0","0","0","0","0","0","0","0","0","1","0","0","0","0","0","0","0","0","0","0","0","0","0","0","0","0","0","0","0","0","1","0","0","0","0","0","0","0","0","0","0","0","0","0","0","0","0","0","0","0","0","0","0","0","8471498","13756309"
"D3","39","Hillsborough","2010","3919020","HEYTEA","9055 BRANDON TOWN CENTER DR","BRANDON","33511","3717816","2","Food","Routine - Food","Emergency Order Callback Complied","07/31/2026","","","0","0","0","0","Y","0","0","0","0","0","0","0","0","0","0","0","0","0","0","0","0","0","0","0","0","0","0","0","0","0","0","0","0","0","0","0","0","0","0","0","0","0","0","0","0","0","0","0","0","0","0","0","0","0","0","0","0","0","0","0","0","0","0","8471498","13865341"
"D3","39","Hillsborough","2010","3919027","PONTE MODERN AMERICAN","1010 GRAMERCY LN","TAMPA","33607","3678497","2","Food","Routine - Food","Call Back - Complied","07/08/2026","","","0","0","0","0","Y","0","0","0","0","0","0","0","0","0","0","0","0","0","0","0","0","0","0","0","0","0","0","0","0","0","0","0","0","0","0","0","0","0","0","0","0","0","0","0","0","0","0","0","0","0","0","0","0","0","0","0","0","0","0","0","0","0","0","8131908","13687629"
"D3","39","Hillsborough","2010","3919034","SUBWAY 72351","8777 TEMPLE TERRACE HWY","TEMPLE TERRACE","33637","3756155","1","Food","Complaint Full","Warning Issued","07/16/2026","","","2","0","2","0","Y","0","0","0","0","0","0","0","0","0","0","0","0","0","0","0","0","0","0","0","0","0","0","0","0","0","0","0","0","0","0","1","0","0","0","0","0","0","0","0","0","0","0","0","0","0","0","0","0","0","0","0","0","1","0","0","0","0","0","9178996","13844324"
"D3","39","Hillsborough","2010","3919037","TONY ROMA'S BONES & BURGERS","2223 N WESTSHORE BLVD FC-203","TAMPA","33607","3744152","1","Food","Routine - Food","Warning Issued","07/28/2026","","","7","1","2","4","Y","0","0","1","0","0","0","0","0","0","0","0","1","1","0","0","0","0","0","0","0","0","0","0","0","0","0","0","0","0","0","1","0","0","0","0","0","0","0","0","1","0","1","0","0","0","0","0","0","0","0","0","0","1","0","0","0","0","0","8627358","13782654"
"D3","39","Hillsborough","2010","3919037","TONY ROMA'S BONES & BURGERS","2223 N WESTSHORE BLVD FC-203","TAMPA","33607","3744152","2","Food","Routine - Food","Call Back - Admin. complaint recommended","07/30/2026","","","2","1","1","0","Y","0","0","1","0","0","0","0","0","0","0","0","0","0","0","0","0","0","0","0","0","0","0","0","0","0","0","0","0","0","0","0","0","0","0","0","0","0","0","0","0","0","0","0","0","0","0","0","0","0","0","0","0","1","0","0","0","0","0","8627358","13862552"
"D3","39","Hillsborough","2010","3919037","TONY ROMA'S BONES & BURGERS","2223 N WESTSHORE BLVD FC-203","TAMPA","33607","3744152","3","Food","Routine - Food","Call Back - Extension given, pending","07/31/2026","","","1","0","1","0","Y","0","0","0","0","0","0","0","0","0","0","0","0","0","0","0","0","0","0","0","0","0","0","0","0","0","0","0","0","0","0","0","0","0","0","0","0","0","0","0","0","0","0","0","0","0","0","0","0","0","0","0","0","1","0","0","0","0","0","8627358","13865570"
"D3","39","Hillsborough","2010","3919049","BOULON BRASSERIE","1001 WATER STREET, SUITE 102","TAMPA","33602","3717828","1","Food","Routine - Food","Warning Issued","07/10/2026","","","9","3","3","3","Y","0","0","0","0","0","0","0","0","0","0","0","1","1","0","0","0","0","0","0","0","0","3","0","0","1","0","0","0","0","0","2","0","0","0","1","0","0","0","0","0","0","0","0","0","0","0","0","0","0","0","0","0","0","0","0","0","0","0","8408174","13756321"
"D3","39","Hillsborough","2010","3919049","BOULON BRASSERIE","1001 WATER STREET, SUITE 102","TAMPA","33602","3717828","2","Food","Routine - Food","Call Back - Admin. complaint recommended","07/21/2026","","","3","1","0","2","Y","0","0","0","0","0","0","0","0","0","0","0","0","0","0","0","0","0","0","0","0","0","2","0","0","1","0","0","0","0","0","0","0","0","0","0","0","0","0","0","0","0","0","0","0","0","0","0","0","0","0","0","0","0","0","0","0","0","0","8408174","13843265"
"D3","39","Hillsborough","2010","3919049","BOULON BRASSERIE","1001 WATER STREET, SUITE 102","TAMPA","33602","3717828","3","Food","Routine - Food","Call Back - Complied","07/29/2026","","","0","0","0","0","Y","0","0","0","0","0","0","0","0","0","0","0","0","0","0","0","0","0","0","0","0","0","0","0","0","0","0","0","0","0","0","0","0","0","0","0","0","0","0","0","0","0","0","0","0","0","0","0","0","0","0","0","0","0","0","0","0","0","0","8408174","13853962"
"D3","39","Hillsborough","2010","3919051","SUPER POTATOES","3840 US HWY 301 S","RIVERVIEW","33578","3737799","1","Food","Routine - Food","Inspection Completed - No Further Action","07/23/2026","","","5","2","1","2","Y","0","0","0","0","0","0","0","0","0","0","0","0","0","0","0","0","0","0","0","0","1","1","0","0","0","0","0","0","1","0","0","0","0","0","0","0","0","0","0","0","2","0","0","0","0","0","0","0","0","0","0","0","0","0","0","0","0","0","8658614","13776292"
"D3","39","Hillsborough","2010","3919055","TEMPO CAFE","4925 INDEPENDENCE PKWY STE 130","TAMPA","33634","3724703","1","Food","Routine - Food","Inspection Completed - No Further Action","07/22/2026","","","1","0","0","1","Y","0","0","0","0","0","0","0","1","0","0","0","0","0","0","0","0","0","0","0","0","0","0","0","0","0","0","0","0","0","0","0","0","0","0","0","0","0","0","0","0","0","0","0","0","0","0","0","0","0","0","0","0","0","0","0","0","0","0","8665960","13763196"
"D3","39","Hillsborough","2010","3919062","CHIPOTLE MEXICAN GRLL","11137 CAUSEWAY BLVD","BRANDON","33511","3719253","1","Food","Routine - Food","Inspection Completed - No Further Action","07/17/2026","","","0","0","0","0","Y","0","0","0","0","0","0","0","0","0","0","0","0","0","0","0","0","0","0","0","0","0","0","0","0","0","0","0","0","0","0","0","0","0","0","0","0","0","0","0","0","0","0","0","0","0","0","0","0","0","0","0","0","0","0","0","0","0","0","8432578","13757746"
"D3","39","Hillsborough","2010","3919071","UNION NEW AMERICAN","1111 N WESTSHORE BLVD","TAMPA","33607","3718257","1","Food","Routine - Food","Inspection Completed - No Further Action","07/31/2026","","","6","1","2","3","Y","0","0","1","0","0","0","0","0","0","1","0","0","0","0","0","1","0","0","0","0","0","1","0","0","0","0","0","0","0","0","1","0","0","0","0","0","0","0","0","0","0","1","0","0","0","0","0","0","0","0","0","0","0","0","0","0","0","0","8221803","13756750"
"D3","39","Hillsborough","2010","3919073","STONER'S PIZZA JOINT","3428 LITHIA PINECREST RD","VALRICO","33596","3712618","1","Food","Routine - Food","Warning Issued","07/17/2026","","","1","0","1","0","Y","0","0","0","0","0","0","0","0","0","0","0","0","0","0","0","0","0","0","0","0","0","0","0","0","0","0","0","0","0","0","0","0","0","0","0","0","0","0","0","0","0","0","0","0","0","0","0","0","0","0","0","0","1","0","0","0","0","0","9165755","13751111"
"D3","39","Hillsborough","2010","3919081","DUNKIN","4427 W KENNEDY BLVD","TAMPA","33609","3731348","1","Food","Routine - Food","Inspection Completed - No Further Action","07/30/2026","","","1","0","0","1","Y","0","0","0","0","0","0","0","0","0","0","0","0","0","0","0","0","0","0","0","0","0","0","0","0","0","0","0","0","0","0","0","0","1","0","0","0","0","0","0","0","0","0","0","0","0","0","0","0","0","0","0","0","0","0","0","0","0","0","8638258","13769841"
"D3","39","Hillsborough","2010","3919094","CAVA","1001 WATER ST STE G1-100","TAMPA","33602","3744283","1","Food","Routine - Food","Inspection Completed - No Further Action","07/30/2026","","","4","3","0","1","Y","0","0","1","0","0","0","0","0","0","0","0","0","0","0","0","1","0","0","0","0","0","0","0","0","0","0","0","0","0","0","0","0","0","0","0","0","0","0","0","0","2","0","0","0","0","0","0","0","0","0","0","0","0","0","0","0","0","0","8450552","13782785"
"D3","39","Hillsborough","2010","3919106","THE GREEN TURTLE","5224 S BRIDGE ST","TAMPA","33611","3713737","1","Food","Routine - Food","Inspection Completed - No Further Action","07/09/2026","","","2","0","1","1","Y","0","0","0","0","0","0","0","0","0","0","0","0","0","0","0","0","0","0","0","0","0","2","0","0","0","0","0","0","0","0","0","0","0","0","0","0","0","0","0","0","0","0","0","0","0","0","0","0","0","0","0","0","0","0","0","0","0","0","9746375","13752230"
"D3","39","Hillsborough","2010","3919110","DAVE'S HOT CHICKEN","2540 E FOWLER AVE","TAMPA","33612","3718148","1","Food","Routine - Food","Inspection Completed - No Further Action","07/24/2026","","","1","0","0","1","Y","0","0","0","0","0","0","0","0","0","0","0","1","0","0","0","0","0","0","0","0","0","0","0","0","0","0","0","0","0","0","0","0","0","0","0","0","0","0","0","0","0","0","0","0","0","0","0","0","0","0","0","0","0","0","0","0","0","0","8695341","13756641"
"D3","39","Hillsborough","2010","3919119","CHEF TONY MACARONI & CO.","9000  N FLORIDA AVE","TAMPA","33604","3684141","2","Food","Food-Licensing Inspection","Call Back - Extension given, pending","07/09/2026","","","2","1","1","0","Y","0","0","0","0","0","0","0","0","0","0","0","0","0","0","0","0","0","0","0","0","0","0","0","0","0","0","0","0","0","0","0","0","0","0","0","0","0","0","0","0","0","0","0","0","0","0","0","0","0","1","1","0","0","0","0","0","0","0","9811184","13688311"
"D3","39","Hillsborough","2010","3919119","CHEF TONY MACARONI & CO.","9000  N FLORIDA AVE","TAMPA","33604","3684141","3","Food","Food-Licensing Inspection","Call Back - Complied","07/15/2026","","","0","0","0","0","Y","0","0","0","0","0","0","0","0","0","0","0","0","0","0","0","0","0","0","0","0","0","0","0","0","0","0","0","0","0","0","0","0","0","0","0","0","0","0","0","0","0","0","0","0","0","0","0","0","0","0","0","0","0","0","0","0","0","0","9811184","13842077"
"D3","39","Hillsborough","2010","3919121","SUNDA NEW ASIAN","3648 MIDTOWN DR","TAMPA","33607","3725022","1","Food","Routine - Food","Inspection Completed - No Further Action","07/23/2026","","","6","0","1","5","Y","0","0","0","0","0","0","0","1","0","0","0","0","0","1","0","0","0","0","0","0","0","1","0","0","1","0","0","0","0","0","1","0","0","0","0","0","0","0","0","1","0","0","0","0","0","0","0","0","0","0","0","0","0","0","0","0","0","0","8540773","13763515"
"D3","39","Hillsborough","2010","3919123","CULVERS OF LUTZ","21362 WALMART WAY","LUTZ","33549","3750721","1","Food","Routine - Food","Inspection Completed - No Further Action","07/24/2026","","","3","0","1","2","Y","0","0","0","0","0","0","0","0","0","0","0","1","1","0","0","0","0","0","0","0","0","0","1","0","0","0","0","0","0","0","0","0","0","0","0","0","0","0","0","0","0","0","0","0","0","0","0","0","0","0","0","0","0","0","0","0","0","0","8606658","13789223"
"D3","39","Hillsborough","2010","3919128","3 CORNERS PIZZA","813 WATER ST","TAMPA","33602","3744446","1","Food","Routine - Food","Inspection Completed - No Further Action","07/23/2026","","","2","0","1","1","Y","0","0","0","0","0","0","0","0","0","0","0","0","0","0","0","0","0","0","0","0","0","2","0","0","0","0","0","0","0","0","0","0","0","0","0","0","0","0","0","0","0","0","0","0","0","0","0","0","0","0","0","0","0","0","0","0","0","0","8612918","13782948"
"D3","39","Hillsborough","2010","3919135","ANDY'S FROZEN CUSTARD","2124 BLOOMINGDALE AVE","VALRICO","33596","3745836","1","Food","Routine - Food","Inspection Completed - No Further Action","07/30/2026","","","1","0","0","1","Y","0","0","0","0","0","0","0","0","0","0","0","0","0","0","0","0","0","0","0","0","0","0","0","0","1","0","0","0","0","0","0","0","0","0","0","0","0","0","0","0","0","0","0","0","0","0","0","0","0","0","0","0","0","0","0","0","0","0","8732472","13784338"
"D3","39","Hillsborough","2010","3919140","CASS STREET COFFEE"," 905 N. FLORIDA AVENUE","TAMPA","33602","3750898","1","Food","Routine - Food","Inspection Completed - No Further Action","07/24/2026","","","3","1","1","1","Y","0","0","1","0","0","0","0","0","0","0","0","0","0","1","0","1","0","0","0","0","0","0","0","0","0","0","0","0","0","0","0","0","0","0","0","0","0","0","0","0","0","0","0","0","0","0","0","0","0","0","0","0","0","0","0","0","0","0","8929324","13789400"
"D3","39","Hillsborough","2010","3919148","232 BAR LLC","232 N 11 ST","TAMPA","33602","3759565","2","Food","Food-Licensing Inspection","Call Back - Admin. complaint recommended","07/23/2026","","","2","1","1","0","Y","0","0","0","0","0","0","0","0","0","0","0","0","0","0","0","0","0","0","0","0","0","0","0","0","0","0","0","0","0","0","0","0","0","0","0","0","0","0","0","0","0","0","0","0","0","0","0","0","0","1","1","0","0","0","0","0","0","0","9996577","13853368"
"D3","39","Hillsborough","2010","3919148","232 BAR LLC","232 N 11 ST","TAMPA","33602","3761457","1","Food","Complaint Full","Inspection Completed - No Further Action","07/23/2026","","","3","2","1","0","N","0","0","1","0","0","0","0","0","0","0","0","0","0","0","0","0","0","0","0","0","0","0","0","0","0","0","0","0","0","0","0","0","0","0","0","0","0","0","0","0","0","0","0","0","0","0","0","0","0","1","1","0","0","0","0","0","0","0","9996577","13860311"
"D3","39","Hillsborough","2010","3919158","PROTEINHOUSE","207 N MERIDIAN AVE","TAMPA","33602","3717887","1","Food","Routine - Food","Inspection Completed - No Further Action","07/08/2026","","","4","1","1","2","Y","0","0","0","0","0","0","0","0","0","0","0","0","0","1","0","0","0","0","0","0","1","0","0","0","0","0","0","0","0","0","0","0","0","0","2","0","0","0","0","0","0","0","0","0","0","0","0","0","0","0","0","0","0","0","0","0","0","0","8411620","13756380"
"D3","39","Hillsborough","2010","3919160","QDOBA MEXICAN EATS","2524 S FALKENBURG RD","TAMPA","33619","3705803","1","Food","Routine - Food","Inspection Completed - No Further Action","07/23/2026","","","3","1","1","1","Y","0","0","1","0","0","0","0","0","0","0","0","0","0","0","0","1","0","0","0","0","0","1","0","0","0","0","0","0","0","0","0","0","0","0","0","0","0","0","0","0","0","0","0","0","0","0","0","0","0","0","0","0","0","0","0","0","0","0","8662462","13744286"
"D3","39","Hillsborough","2010","3919179","TOP SHELF SPORTS LOUNGE","401 E JACKSON ST STE 101","TAMPA","33602","3712274","1","Food","Routine - Food","Inspection Completed - No Further Action","07/08/2026","","","7","2","1","4","Y","0","0","1","0","0","0","0","1","0","1","0","2","0","1","0","0","0","0","0","0","0","0","0","0","0","0","0","0","0","0","1","0","0","0","0","0","0","0","0","0","0","0","0","0","0","0","0","0","0","0","0","0","0","0","0","0","0","0","8794384","13750767"
"D3","39","Hillsborough","2010","3919181","PUERTO RICO BAKERY","1213  KINGSWAY RD","BRANDON","33510","3712427","1","Food","Routine - Food","Inspection Completed - No Further Action","07/24/2026","","","3","1","2","0","Y","0","0","0","0","0","0","0","0","0","0","0","0","0","0","0","0","0","0","0","0","0","2","0","0","0","0","0","0","0","0","0","0","0","0","0","0","0","0","0","0","1","0","0","0","0","0","0","0","0","0","0","0","0","0","0","0","0","0","8919802","13750920"
"D3","39","Hillsborough","2010","3919183","NAKED FARMER","4306 W GANDY BLVD","TAMPA","33611","3705847","1","Food","Routine - Food","Inspection Completed - No Further Action","07/08/2026","","","1","0","0","1","Y","0","0","0","0","0","0","0","0","0","0","0","0","0","0","0","0","0","0","0","0","0","0","0","1","0","0","0","0","0","0","0","0","0","0","0","0","0","0","0","0","0","0","0","0","0","0","0","0","0","0","0","0","0","0","0","0","0","0","8908058","13744330"
"D3","39","Hillsborough","2010","3919184","LA CENTRAL","4410 N FLORIDA AVE","TAMPA","33603","3726750","1","Food","Routine - Food","Inspection Completed - No Further Action","07/29/2026","","","4","1","1","2","Y","0","0","0","0","0","0","0","0","0","0","0","1","0","0","0","0","0","0","0","0","0","1","0","0","0","0","0","0","0","0","0","0","0","0","1","0","0","0","0","0","1","0","0","0","0","0","0","0","0","0","0","0","0","0","0","0","0","0","9772527","13765243"
"D3","39","Hillsborough","2010","3919184","LA CENTRAL","4410 N FLORIDA AVE","TAMPA","33603","3762438","1","Food","Routine - Food","Inspection Completed - No Further Action","07/29/2026","","","7","2","1","4","Y","0","0","1","0","0","0","0","0","0","0","0","0","0","0","0","0","0","0","0","0","0","0","0","0","1","0","0","0","1","0","0","0","0","0","0","1","0","0","0","0","2","0","0","0","0","0","0","0","0","1","0","0","0","0","0","0","0","0","9772527","13863912"
"D3","39","Hillsborough","2010","3919199","NAZS HALAL","1815 E FOWLER AVE","TAMPA","33612","3712148","1","Food","Routine - Food","Inspection Completed - No Further Action","07/22/2026","","","4","1","0","3","Y","0","0","0","0","0","1","0","0","0","0","0","0","0","0","0","0","0","0","0","0","1","0","0","1","0","0","0","0","0","0","0","0","0","0","1","0","0","0","0","0","0","0","0","0","0","0","0","0","0","0","0","0","0","0","0","0","0","0","8813854","13750641"
"D3","39","Hillsborough","2010","3919202","TACOS GONE MOBILE V","165 WESTSHORE PLZ, UNIT F6","TAMPA","33609","3718699","1","Food","Routine - Food","Inspection Completed - No Further Action","07/22/2026","","","1","0","0","1","Y","0","0","0","0","0","0","0","0","0","0","0","0","0","0","0","0","0","0","0","0","0","0","0","0","0","0","0","0","0","0","0","0","0","0","0","0","0","0","0","0","0","0","0","0","0","0","0","0","0","0","1","0","0","0","0","0","0","0","9015521","13757192"
"D3","39","Hillsborough","2010","3919204","TACOS EL PATRON","2382 GRAND CYPRESS DR STE 991","LUTZ","33559","3725462","1","Food","Routine - Food","Inspection Completed - No Further Action","07/07/2026","","","7","0","2","5","Y","0","1","0","0","0","0","0","1","0","0","0","1","1","1","0","0","0","0","0","0","0","2","0","0","0","0","0","0","0","0","0","0","0","0","0","0","0","0","0","0","0","0","0","0","0","0","0","0","0","0","0","0","0","0","0","0","0","0","8919496","13763955"
"D3","39","Hillsborough","2010","3919213","DANNY'S COFFEE & FRIENDS","6800 N DALE MABRY HWY STE 188","TAMPA","33614","3731478","1","Food","Routine - Food","Inspection Completed - No Further Action","07/21/2026","","","9","2","1","6","Y","1","0","1","0","0","0","0","0","0","0","0","0","0","1","0","1","0","0","0","0","1","1","1","1","0","0","0","0","0","0","0","0","0","0","0","0","0","0","0","0","0","0","0","0","0","0","0","0","0","0","0","0","1","0","0","0","0","0","8850193","13769971"
"D3","39","Hillsborough","2010","3919216","WINGSTOP2423","107 S DALE MABRY HWY","TAMPA","33609","3738279","1","Food","Routine - Food","Inspection Completed - No Further Action","07/08/2026","","","2","0","0","2","Y","0","0","0","0","0","0","0","0","0","0","0","0","0","0","0","0","0","0","0","0","0","0","0","0","0","0","0","0","0","0","0","0","2","0","0","0","0","0","0","0","0","0","0","0","0","0","0","0","0","0","0","0","0","0","0","0","0","0","8885287","13776772"
"D3","39","Hillsborough","2010","3919227","CAMPFIRE BAGELS","6302 E M LUTHER KING BLVD STE 480","TAMPA","33619","3610004","3","Food","Routine - Food","Call Back - Extension given, pending","07/21/2026","","","3","1","1","1","Y","0","0","0","0","0","0","0","0","0","0","0","0","0","0","0","0","0","0","0","0","0","0","0","0","0","0","0","1","0","0","0","0","0","0","0","0","0","0","0","0","0","0","0","0","0","0","0","0","0","0","2","0","0","0","0","0","0","0","8988156","13696708"
"D3","39","Hillsborough","2010","3919233","DAVE'S HOT CHICKEN","2961 N DALE MABRY HWY STE 101","TAMPA","33607","3705746","1","Food","Routine - Food","Administrative complaint recommended","07/23/2026","","","6","1","2","3","Y","0","0","0","0","0","0","0","1","0","0","0","0","0","0","0","1","0","0","0","0","1","1","1","0","0","0","0","0","0","0","0","0","0","0","0","0","0","0","0","0","0","0","0","0","0","0","0","0","0","0","0","0","1","0","0","0","0","0","8992327","13744229"
"D3","39","Hillsborough","2010","3919234","MINANO RAMEN","11909 SHELDON RD","TAMPA","33626","3755766","1","Food","Complaint Full","Emergency order recommended","07/07/2026","","","11","7","2","2","Y","1","0","3","0","0","0","0","0","0","0","0","0","0","0","0","0","0","0","0","0","0","3","0","0","0","0","0","0","1","0","0","0","0","0","3","0","0","0","0","0","0","0","0","0","0","0","0","0","0","0","0","0","0","0","0","0","0","0","8850568","13821105"
"D3","39","Hillsborough","2010","3919234","MINANO RAMEN","11909 SHELDON RD","TAMPA","33626","3755766","2","Food","Complaint Full","Emergency Order Callback Not Complied","07/08/2026","","","4","2","1","1","Y","0","0","0","0","0","0","0","0","0","0","0","0","0","0","0","0","0","0","0","0","0","1","0","0","0","0","0","0","0","0","0","0","0","0","3","0","0","0","0","0","0","0","0","0","0","0","0","0","0","0","0","0","0","0","0","0","0","0","8850568","13821465"
"D3","39","Hillsborough","2010","3919234","MINANO RAMEN","11909 SHELDON RD","TAMPA","33626","3755766","3","Food","Complaint Full","Emergency Order Callback Complied","07/08/2026","","","1","0","1","0","Y","0","0","0","0","0","0","0","0","0","0","0","0","0","0","0","0","0","0","0","0","0","1","0","0","0","0","0","0","0","0","0","0","0","0","0","0","0","0","0","0","0","0","0","0","0","0","0","0","0","0","0","0","0","0","0","0","0","0","8850568","13841378"
"D3","39","Hillsborough","2010","3919236","CHEESEOLOGY TAMPA LLC","1527 E 7 AVE","TAMPA","33605","3724981","1","Food","Routine - Food","Inspection Completed - No Further Action","07/29/2026","","","2","1","0","1","Y","0","0","0","0","0","0","0","1","0","0","0","1","0","0","0","0","0","0","0","0","0","0","0","0","0","0","0","0","0","0","0","0","0","0","0","0","0","0","0","0","0","0","0","0","0","0","0","0","0","0","0","0","0","0","0","0","0","0","8820244","13763474"
"D3","39","Hillsborough","2010","3919239","SALEM'S FRESH EATS","5308 E BUSCH BLVD","TEMPLE TERRACE","33617","3732291","1","Food","Routine - Food","Inspection Completed - No Further Action","07/31/2026","","","1","0","0","1","Y","0","0","0","0","0","0","0","0","0","0","0","0","0","0","0","0","0","0","0","0","0","0","1","0","0","0","0","0","0","0","0","0","0","0","0","0","0","0","0","0","0","0","0","0","0","0","0","0","0","0","0","0","0","0","0","0","0","0","8492054","13770784"
"D3","39","Hillsborough","2010","3919240","AJI CEVICHE BAR","15451 N DALE MABRY HWY","TAMPA","33618","3633032","2","Food","Routine - Food","Call Back - Admin. complaint recommended","07/21/2026","","","2","0","1","1","Y","0","0","0","0","0","0","0","0","0","0","0","0","0","0","0","0","0","0","0","0","0","0","0","0","0","0","0","0","0","0","0","0","0","0","0","0","0","0","0","0","0","0","0","0","0","0","0","0","0","1","0","0","1","0","0","0","0","0","8643918","13698124"
"D3","39","Hillsborough","2010","3919279","GREENLANE","2115 N DALE MABRY HWY","TAMPA","33607","3738620","1","Food","Routine - Food","Inspection Completed - No Further Action","07/31/2026","","","3","1","2","0","Y","0","2","0","0","0","0","0","0","0","0","0","0","0","0","0","0","0","0","0","0","0","0","0","0","0","0","0","0","1","0","0","0","0","0","0","0","0","0","0","0","0","0","0","0","0","0","0","0","0","0","0","0","0","0","0","0","0","0","8859585","13777119"
"D3","39","Hillsborough","2010","3919287","VOODOO BREWERY","3434 E STATE RD 60","VALRICO","33594","3719369","1","Food","Routine - Food","Inspection Completed - No Further Action","07/01/2026","","","0","0","0","0","Y","0","0","0","0","0","0","0","0","0","0","0","0","0","0","0","0","0","0","0","0","0","0","0","0","0","0","0","0","0","0","0","0","0","0","0","0","0","0","0","0","0","0","0","0","0","0","0","0","0","0","0","0","0","0","0","0","0","0","9090486","13757862"
"D3","39","Hillsborough","2010","3919289","PARIS BAGUETTE","17515 PRESERVE WALK LN","TAMPA","33647","3712692","1","Food","Routine - Food","Inspection Completed - No Further Action","07/21/2026","","","1","0","1","0","Y","0","0","0","0","0","0","0","0","0","0","0","0","0","0","0","0","0","0","0","0","0","0","0","0","0","0","0","0","0","0","0","0","0","0","0","0","0","0","0","0","0","0","0","0","0","0","0","0","0","0","0","0","1","0","0","0","0","0","9212440","13751185"
"D3","39","Hillsborough","2010","3919290","MAD DOGS AND ENGLISHMEN","4914 S MACDILL AVE","TAMPA","33611","3712707","1","Food","Routine - Food","Inspection Completed - No Further Action","07/23/2026","","","1","0","0","1","Y","0","0","0","0","0","0","0","0","0","0","0","0","0","0","0","0","0","0","0","0","0","0","0","0","0","0","0","0","0","0","0","0","1","0","0","0","0","0","0","0","0","0","0","0","0","0","0","0","0","0","0","0","0","0","0","0","0","0","9209931","13751200"
"D3","39","Hillsborough","2010","3919291","STRACHAN'S ICE CREAM AND DESSERTS","5435  BAYSHORE BLVD","TAMPA","33611","3712720","1","Food","Routine - Food","Inspection Completed - No Further Action","07/09/2026","","","0","0","0","0","Y","0","0","0","0","0","0","0","0","0","0","0","0","0","0","0","0","0","0","0","0","0","0","0","0","0","0","0","0","0","0","0","0","0","0","0","0","0","0","0","0","0","0","0","0","0","0","0","0","0","0","0","0","0","0","0","0","0","0","8923213","13751213"
"D3","39","Hillsborough","2010","3919297","PADDOCK LOUNGE","3404 CRAGMONT DR","TAMPA","33619","3732021","1","Food","Routine - Food","Inspection Completed - No Further Action","07/20/2026","","","6","0","2","4","Y","0","0","0","0","0","0","0","0","0","0","0","0","0","0","0","0","0","0","0","0","0","2","1","0","0","0","0","0","0","0","1","0","0","0","0","2","0","0","0","0","0","0","0","0","0","0","0","0","0","0","0","0","0","0","0","0","0","0","9150567","13770514"
"D3","39","Hillsborough","2010","3919304","BOJANGLES","18626 STATE RD 54","LUTZ","33558","3720140","1","Food","Routine - Food","Inspection Completed - No Further Action","07/21/2026","","","5","0","0","5","Y","0","0","0","0","0","0","0","1","0","0","0","0","1","0","0","0","0","0","0","0","0","0","0","0","0","0","0","0","0","0","0","0","0","0","0","1","0","0","0","0","0","0","0","0","0","0","0","0","0","1","1","0","0","0","0","0","0","0","9204772","13758633"
"D3","39","Hillsborough","2010","3919310","KYOTO EXPRESS","4730 W CYPRESS ST","TAMPA","33607","3719310","1","Food","Routine - Food","Inspection Completed - No Further Action","07/27/2026","","","3","0","0","3","Y","0","0","0","0","0","0","0","0","0","0","0","0","0","0","0","0","0","0","0","0","0","0","1","0","1","0","0","0","0","0","0","0","0","0","0","0","0","0","0","0","0","1","0","0","0","0","0","0","0","0","0","0","0","0","0","0","0","0","8300380","13757803"
"D3","39","Hillsborough","2010","3919311","TAMALE FACTORY","2006 W REYNOLDS ST STE 4","PLANT CITY","33563","3750980","1","Food","Routine - Food","Inspection Completed - No Further Action","07/27/2026","","","3","1","0","2","Y","0","0","0","0","0","0","0","0","0","1","0","0","0","0","0","0","0","0","0","0","0","0","0","0","0","0","0","1","0","0","0","0","0","0","0","0","0","0","0","0","0","0","0","0","0","0","0","0","0","0","1","0","0","0","0","0","0","0","8888598","13789482"
"D3","39","Hillsborough","2010","3919316","HOMESTYLE SCRATCH KITCHEN","1215 KINGSWAY RD","BRANDON","33510","3725526","1","Food","Routine - Food","Inspection Completed - No Further Action","07/31/2026","","","0","0","0","0","Y","0","0","0","0","0","0","0","0","0","0","0","0","0","0","0","0","0","0","0","0","0","0","0","0","0","0","0","0","0","0","0","0","0","0","0","0","0","0","0","0","0","0","0","0","0","0","0","0","0","0","0","0","0","0","0","0","0","0","9223653","13764019"
"D3","39","Hillsborough","2010","3919324","JERUSALEM GRILL AND DELI","1050 BLOOMINGDALE AVE","VALRICO","33596","3725916","1","Food","Routine - Food","Inspection Completed - No Further Action","07/29/2026","","","3","0","1","2","Y","0","0","0","0","0","0","0","0","0","0","0","1","0","0","0","1","0","0","0","0","0","0","1","0","0","0","0","0","0","0","0","0","0","0","0","0","0","0","0","0","0","0","0","0","0","0","0","0","0","0","0","0","0","0","0","0","0","0","9238416","13764409"
"D3","39","Hillsborough","2010","3919327","JOSEPHINE'S ITALIAN MARKET","730 W BRANDON BLVD","BRANDON","33511","3719222","1","Food","Routine - Food","Inspection Completed - No Further Action","07/20/2026","","","5","1","0","4","Y","1","0","0","0","0","0","0","0","0","1","0","1","0","1","0","0","0","0","0","0","0","0","0","0","1","0","0","0","0","0","0","0","0","0","0","0","0","0","0","0","0","0","0","0","0","0","0","0","0","0","0","0","0","0","0","0","0","0","9246820","13757715"
"D3","39","Hillsborough","2010","3919335","GREEDY LEES","4020 E OSBORNE AVE","TAMPA","33610","3759192","1","Food","Complaint Full","Administrative complaint recommended","07/22/2026","","","5","2","2","1","Y","0","0","1","0","0","0","0","1","0","0","0","0","0","0","0","0","0","0","0","0","0","0","0","0","0","0","0","0","0","0","2","0","0","0","1","0","0","0","0","0","0","0","0","0","0","0","0","0","0","0","0","0","0","0","0","0","0","0","9293548","13852452"
"D3","39","Hillsborough","2010","3919335","GREEDY LEES","4020 E OSBORNE AVE","TAMPA","33610","3759192","2","Food","Complaint Full","Call Back - Complied","07/29/2026","","","0","0","0","0","Y","0","0","0","0","0","0","0","0","0","0","0","0","0","0","0","0","0","0","0","0","0","0","0","0","0","0","0","0","0","0","0","0","0","0","0","0","0","0","0","0","0","0","0","0","0","0","0","0","0","0","0","0","0","0","0","0","0","0","9293548","13855811"
"D3","39","Hillsborough","2010","3919336","BARBERITOS","7021 E FLETCHER AVE UNIT 101-A","TEMPLE TERRACE","33637","3756197","1","Food","Complaint Full","Warning Issued","07/21/2026","","","3","0","1","2","Y","0","0","0","0","0","0","0","0","0","0","0","0","0","0","0","0","0","0","0","0","0","0","0","1","0","0","0","0","0","0","0","0","0","0","0","0","0","1","0","0","0","0","0","0","0","0","0","0","0","0","0","0","1","0","0","0","0","0","9106800","13844872"
"D3","39","Hillsborough","2010","3919350","TAMPA HOUSE OF WINGS NYC","4819 E BUSCH BLVD #107","TAMPA","33617","3733286","1","Food","Routine - Food","Inspection Completed - No Further Action","07/21/2026","","","2","0","0","2","Y","0","0","0","0","0","0","0","0","0","0","0","0","0","0","0","0","0","0","0","0","0","1","0","0","0","0","0","0","0","0","0","0","0","0","0","0","0","0","0","0","0","0","0","0","0","0","0","0","0","0","1","0","0","0","0","0","0","0","9760831","13771779"
"D3","39","Hillsborough","2010","3919353","ROCK N ROLL SUSHI","5629 CIRCA FISHHAWK BLVD","LITHIA","33547","3697016","2","Food","Complaint Partial","Call Back - Complied","07/09/2026","","","0","0","0","0","Y","0","0","0","0","0","0","0","0","0","0","0","0","0","0","0","0","0","0","0","0","0","0","0","0","0","0","0","0","0","0","0","0","0","0","0","0","0","0","0","0","0","0","0","0","0","0","0","0","0","0","0","0","0","0","0","0","0","0","8927435","13687540"
"D3","39","Hillsborough","2010","3919354","EINSTEIN BRO BAGELS","234 W ALEXANDER ST","PLANT CITY","33563","3745512","1","Food","Routine - Food","Inspection Completed - No Further Action","07/22/2026","","","5","0","3","2","Y","0","0","0","0","0","0","0","0","0","0","2","0","0","0","0","0","0","0","0","0","0","0","1","0","0","0","0","0","0","0","0","0","0","0","0","0","0","0","0","0","0","0","0","0","0","0","0","0","0","0","1","0","1","0","0","0","0","0","9388367","13784014"
"D3","39","Hillsborough","2010","3919357","SHAKE SHACK #1549","2223 N WESTSHORE BLVD #B213","TAMPA","33607","3732446","1","Food","Routine - Food","Inspection Completed - No Further Action","07/24/2026","","","1","1","0","0","Y","0","0","0","0","0","0","0","0","0","0","0","0","0","0","0","0","0","0","0","0","0","0","0","0","0","0","0","0","1","0","0","0","0","0","0","0","0","0","0","0","0","0","0","0","0","0","0","0","0","0","0","0","0","0","0","0","0","0","9099079","13770939"
"D3","39","Hillsborough","2010","3919360","CHARLEYS CHEESESTEAKS WINGS","809 E BRANDON BLVD","BRANDON","33511","3753417","1","Food","Routine - Food","Administrative complaint recommended","07/21/2026","","","5","2","1","2","Y","0","0","1","0","0","0","0","0","0","0","0","0","0","1","0","0","0","0","0","0","0","0","0","0","0","0","0","0","0","0","1","0","0","0","1","0","0","0","0","0","0","0","0","0","0","0","0","0","0","1","0","0","0","0","0","0","0","0","9189176","13791919"
"D3","39","Hillsborough","2010","3919364","BOX OF CUBANS","17512 DONA MICHELLE DR STE I","TAMPA","33647","3719377","1","Food","Routine - Food","Inspection Completed - No Further Action","07/28/2026","","","3","1","0","2","Y","0","0","0","0","0","0","0","1","0","0","0","0","0","0","0","0","0","0","0","0","0","0","0","0","0","0","0","0","0","0","0","0","0","0","1","0","0","0","0","1","0","0","0","0","0","0","0","0","0","0","0","0","0","0","0","0","0","0","9393838","13757870"
"D3","39","Hillsborough","2010","3919372","HUNGRY GREEK","4051  S DALE MABRY HWY","TAMPA","33611","3719225","1","Food","Routine - Food","Warning Issued","07/08/2026","","","4","0","2","2","Y","0","0","0","0","0","0","0","0","0","0","0","0","0","1","0","0","0","0","0","0","0","1","0","0","0","0","0","0","1","0","0","0","0","0","0","0","0","0","0","0","0","0","0","0","0","0","0","0","0","0","0","0","1","0","0","0","0","0","9313108","13757718"
"D3","39","Hillsborough","2010","3919377","RAISING CANE'S RESTAURANT 1162","25952 ST RD 56","LUTZ","33559","3706293","1","Food","Routine - Food","Inspection Completed - No Further Action","07/31/2026","","","1","1","0","0","Y","0","0","1","0","0","0","0","0","0","0","0","0","0","0","0","0","0","0","0","0","0","0","0","0","0","0","0","0","0","0","0","0","0","0","0","0","0","0","0","0","0","0","0","0","0","0","0","0","0","0","0","0","0","0","0","0","0","0","9193011","13744778"
"D3","39","Hillsborough","2010","3919378","STRAWBERRY BAKERY CAFE","12904 GORE RD","DOVER","33527","3698146","3","Food","Complaint Partial","Call Back - Complied","07/22/2026","","","3","0","0","3","Y","0","0","0","0","0","0","0","0","0","0","0","0","0","2","0","0","0","0","0","0","0","0","0","0","0","0","0","0","0","0","0","0","0","0","0","1","0","0","0","0","0","0","0","0","0","0","0","0","0","0","0","0","0","0","0","0","0","0","9113808","13701415"
"D3","39","Hillsborough","2010","3919383","CHICK-FIL-A LUTZ FSU #5348","17911 N DALE MABRY HWY","LUTZ","33548","3706363","1","Food","Routine - Food","Inspection Completed - No Further Action","07/17/2026","","","2","0","0","2","Y","0","0","0","0","0","0","0","0","0","0","0","0","1","0","0","0","0","0","0","0","1","0","0","0","0","0","0","0","0","0","0","0","0","0","0","0","0","0","0","0","0","0","0","0","0","0","0","0","0","0","0","0","0","0","0","0","0","0","9303738","13744848"
"D3","39","Hillsborough","2010","3919401","INTERNATIONAL PIZZA KITCHEN","1000 N FLORIDA AVE","TAMPA","33602","3718891","1","Food","Routine - Food","Inspection Completed - No Further Action","07/28/2026","","","7","1","2","4","Y","0","1","1","0","0","0","0","0","0","0","0","0","0","1","0","0","0","0","0","0","0","0","0","0","1","0","0","0","0","0","0","0","0","0","0","1","0","0","0","0","0","0","0","0","0","0","0","0","0","0","0","0","2","0","0","0","0","0","9026081","13757384"
"D3","39","Hillsborough","2010","3919408","GRAZE CRAZE","1076 E BRANDON BLVD UNIT 101","BRANDON","33511","3712966","1","Food","Routine - Food","Inspection Completed - No Further Action","07/09/2026","","","1","0","0","1","Y","0","0","0","0","0","0","0","1","0","0","0","0","0","0","0","0","0","0","0","0","0","0","0","0","0","0","0","0","0","0","0","0","0","0","0","0","0","0","0","0","0","0","0","0","0","0","0","0","0","0","0","0","0","0","0","0","0","0","9287579","13751459"
"D3","39","Hillsborough","2010","3919414","MILKSHAKE FACTORY RIVERVIEW FL","10446 STELLING DR","RIVERVIEW","33578","3732892","1","Food","Routine - Food","Inspection Completed - No Further Action","07/17/2026","","","4","1","1","2","Y","0","0","0","0","0","0","0","0","0","0","0","0","0","0","0","1","0","0","0","0","0","0","0","1","0","0","0","0","0","0","1","0","0","0","0","0","0","0","0","0","1","0","0","0","0","0","0","0","0","0","0","0","0","0","0","0","0","0","9292530","13771385"
"D3","39","Hillsborough","2010","3919421","CHASQUI FLAVORS","6501 W HILLSBOROUGH AVE","TAMPA","33634","3732852","1","Food","Routine - Food","Inspection Completed - No Further Action","07/22/2026","","","3","1","1","1","Y","0","0","0","0","0","0","0","2","0","0","0","0","0","0","0","0","0","0","0","0","0","0","0","0","0","0","0","0","0","0","0","0","0","0","0","0","0","0","0","0","1","0","0","0","0","0","0","0","0","0","0","0","0","0","0","0","0","0","9551091","13771345"
"D3","39","Hillsborough","2010","3919431","CAFE LUNA ON KENNEDY","5201 W KENNEDY BLVD #105","TAMPA","33609","3732689","1","Food","Routine - Food","Inspection Completed - No Further Action","07/29/2026","","","0","0","0","0","Y","0","0","0","0","0","0","0","0","0","0","0","0","0","0","0","0","0","0","0","0","0","0","0","0","0","0","0","0","0","0","0","0","0","0","0","0","0","0","0","0","0","0","0","0","0","0","0","0","0","0","0","0","0","0","0","0","0","0","9542976","13771182"
"D3","39","Hillsborough","2010","3919451","COZY COFFEE RESTAURANT & BAR","13308 TELECOM DR","TEMPLE TERRACE","33637","3745527","1","Food","Routine - Food","Inspection Completed - No Further Action","07/30/2026","","","3","1","1","1","Y","0","0","0","0","0","0","0","0","0","0","0","0","0","0","0","0","0","0","0","0","0","2","0","0","0","0","0","0","0","0","0","0","0","0","1","0","0","0","0","0","0","0","0","0","0","0","0","0","0","0","0","0","0","0","0","0","0","0","9478345","13784029"
"D3","39","Hillsborough","2010","3919453","BODA","2038 N DALE MABRY HWY","TAMPA","33607","3707160","1","Food","Routine - Food","Administrative complaint recommended","07/27/2026","","","6","2","3","1","Y","0","0","1","0","0","0","0","0","0","0","0","1","0","0","0","0","0","0","0","0","0","1","0","0","0","0","0","0","0","0","1","0","0","0","0","0","0","0","0","0","0","0","0","0","0","0","0","0","0","1","0","0","1","0","0","0","0","0","9606956","13745648"
"D3","39","Hillsborough","2010","3919455","SHAMA'S KITCHEN","7819 N 56 ST STE B","TAMPA","33617","3758763","1","Food","Food-Licensing Inspection","Inspection Completed - No Further Action","07/30/2026","","","0","0","0","0","Y","0","0","0","0","0","0","0","0","0","0","0","0","0","0","0","0","0","0","0","0","0","0","0","0","0","0","0","0","0","0","0","0","0","0","0","0","0","0","0","0","0","0","0","0","0","0","0","0","0","0","0","0","0","0","0","0","0","0","10026807","13850528"
"D3","39","Hillsborough","2010","3919462","POPUP BAGELS","4528 W KENNEDY BLVD","TAMPA","33609","3707264","1","Food","Routine - Food","Inspection Completed - No Further Action","07/28/2026","","","0","0","0","0","Y","0","0","0","0","0","0","0","0","0","0","0","0","0","0","0","0","0","0","0","0","0","0","0","0","0","0","0","0","0","0","0","0","0","0","0","0","0","0","0","0","0","0","0","0","0","0","0","0","0","0","0","0","0","0","0","0","0","0","9638010","13745753"
"D3","39","Hillsborough","2010","3919474","BAGEL NOOK","250 W TYLER ST SUITE 210","TAMPA","33602","3733154","1","Food","Routine - Food","Administrative complaint recommended","07/22/2026","","","11","5","3","3","Y","1","2","1","0","0","0","0","1","0","0","0","2","0","0","0","0","0","0","0","0","0","0","1","0","0","0","0","0","0","0","0","0","0","0","1","0","0","0","0","0","1","0","0","0","0","0","0","0","0","0","0","0","1","0","0","0","0","0","9600262","13771647"
"D3","39","Hillsborough","2010","3919474","BAGEL NOOK","250 W TYLER ST SUITE 210","TAMPA","33602","3733154","2","Food","Routine - Food","Call Back - Extension given, pending","07/24/2026","","","1","0","1","0","Y","0","1","0","0","0","0","0","0","0","0","0","0","0","0","0","0","0","0","0","0","0","0","0","0","0","0","0","0","0","0","0","0","0","0","0","0","0","0","0","0","0","0","0","0","0","0","0","0","0","0","0","0","0","0","0","0","0","0","9600262","13855812"
"D3","39","Hillsborough","2010","3919490","JEREMIAH'S ITALIAN ICE STARKEY RANCH","2316 GUNN HWY STE 9","ODESSA","33556","3755262","1","Food","Routine - Food","Warning Issued","07/15/2026","","","7","3","3","1","Y","0","0","0","0","0","0","0","0","0","0","0","2","0","0","0","0","0","0","0","0","0","0","0","0","0","0","0","0","1","0","2","0","0","0","0","0","0","0","0","0","0","0","0","0","0","0","0","0","0","1","0","0","1","0","0","0","0","0","9570268","13793764"
"D3","39","Hillsborough","2010","3919491","BABA DOUGH","2824 E BEARSS AVE","TAMPA","33613","3753486","1","Food","Routine - Food","Inspection Completed - No Further Action","07/31/2026","","","1","1","0","0","Y","0","0","0","0","0","0","0","0","0","0","0","0","0","0","0","0","0","0","0","0","0","0","0","0","0","0","0","0","0","0","0","0","0","0","0","0","0","0","0","0","0","0","0","0","0","0","0","0","0","1","0","0","0","0","0","0","0","0","9713331","13791988"
"D3","39","Hillsborough","2010","3919492","ARAMARK CAFE","5405 WEST CYPRESS ST","TAMPA","33607","3754088","1","Food","Routine - Food","Administrative complaint recommended","07/27/2026","","","9","3","3","3","Y","0","0","1","0","0","0","0","0","0","0","0","0","0","0","0","1","0","0","0","0","0","1","2","0","0","0","0","0","1","0","1","0","0","0","0","0","0","0","0","0","0","0","0","0","0","0","0","0","0","1","0","0","1","0","0","0","0","0","9764824","13792590"
"D3","39","Hillsborough","2010","3919499","WINGSTOP","3611 W HILLSBOROUGH AVE","TAMPA","33614","3752286","1","Food","Routine - Food","Inspection Completed - No Further Action","07/28/2026","","","3","1","1","1","Y","0","0","0","0","0","0","0","0","0","0","0","0","0","0","0","0","0","0","0","0","0","0","0","0","0","0","0","0","1","0","0","0","1","0","0","0","0","0","0","0","0","0","0","0","0","0","0","0","0","0","0","0","1","0","0","0","0","0","9627660","13790788"
"D3","39","Hillsborough","2010","3919503","NATURE'S TABLE WATERFORD PLAZA","7850 W COURTNEY CAMPBELL CSWY,, STE 285","TAMPA","33607","3739648","1","Food","Routine - Food","Warning Issued","07/20/2026","","","12","1","6","5","Y","0","0","0","0","0","1","0","0","0","0","2","1","0","0","0","0","0","0","0","0","1","2","0","0","0","0","0","0","0","0","3","0","0","0","0","0","0","0","0","0","0","0","0","0","0","0","0","0","0","0","1","0","1","0","0","0","0","0","9799566","13778150"
"D3","39","Hillsborough","2010","3919518","CHIPOTLE MEXICAN GRILL","17995 N DALE MABRY","LUTZ","33548","3707722","1","Food","Routine - Food","Inspection Completed - No Further Action","07/10/2026","","","1","0","0","1","Y","0","0","0","0","0","0","0","0","0","0","0","0","0","0","0","0","0","0","0","0","0","0","0","0","0","0","0","0","0","0","0","0","0","0","0","0","0","0","0","0","0","0","0","0","0","0","0","0","0","1","0","0","0","0","0","0","0","0","9564059","13746212"
"D3","39","Hillsborough","2010","3919525","305 BITES","410 S WARE BLVD STE 110","TAMPA","33619","3733293","1","Food","Routine - Food","Inspection Completed - No Further Action","07/31/2026","","","4","1","2","1","Y","0","0","0","0","0","0","0","1","0","0","0","1","0","0","0","0","0","0","0","0","0","1","0","0","0","0","0","0","0","0","1","0","0","0","0","0","0","0","0","0","0","0","0","0","0","0","0","0","0","0","0","0","0","0","0","0","0","0","9757666","13771786"
"D3","39","Hillsborough","2010","3919527","WHATABURGER RESTAURANT","25340 SIERRA CENTER BLVD","LUTZ","33559","3713678","1","Food","Routine - Food","Inspection Completed - No Further Action","07/17/2026","","","2","1","1","0","Y","0","0","0","0","0","0","0","1","0","0","0","0","0","0","0","0","0","0","0","0","0","1","0","0","0","0","0","0","0","0","0","0","0","0","0","0","0","0","0","0","0","0","0","0","0","0","0","0","0","0","0","0","0","0","0","0","0","0","9632197","13752171"
"D3","39","Hillsborough","2010","3919563","CAVA","2227 SUN VISTA DR","LUTZ","33559","3760515","1","Food","Complaint Full","Administrative complaint recommended","07/23/2026","","","2","2","0","0","Y","0","0","1","0","0","0","0","0","0","0","0","0","0","0","0","0","0","0","0","0","0","0","0","0","0","0","0","0","0","0","0","0","0","0","1","0","0","0","0","0","0","0","0","0","0","0","0","0","0","0","0","0","0","0","0","0","0","0","9679672","13856977"
"D3","39","Hillsborough","2010","3919563","CAVA","2227 SUN VISTA DR","LUTZ","33559","3760515","2","Food","Complaint Full","Call Back - Complied","07/24/2026","","","0","0","0","0","Y","0","0","0","0","0","0","0","0","0","0","0","0","0","0","0","0","0","0","0","0","0","0","0","0","0","0","0","0","0","0","0","0","0","0","0","0","0","0","0","0","0","0","0","0","0","0","0","0","0","0","0","0","0","0","0","0","0","0","9679672","13857246"
"D3","39","Hillsborough","2010","3919566","SUNSHINE CHEESECAKE","1936 W MAIN ST","TAMPA","33607","3755700","1","Food","Food-Licensing Inspection","Inspection Completed - No Further Action","07/27/2026","","","0","0","0","0","Y","0","0","0","0","0","0","0","0","0","0","0","0","0","0","0","0","0","0","0","0","0","0","0","0","0","0","0","0","0","0","0","0","0","0","0","0","0","0","0","0","0","0","0","0","0","0","0","0","0","0","0","0","0","0","0","0","0","0","10007138","13820740"
"D3","39","Hillsborough","2010","3919567","FOOD4DAYS PLATFORM LLC","4450 PET LN STE 107","LUTZ","33559","3755615","1","Food","Food-Licensing Inspection","Inspection Completed - No Further Action","07/08/2026","","","1","0","1","0","Y","0","0","0","0","0","0","0","0","0","0","0","0","0","0","0","0","0","0","0","0","0","1","0","0","0","0","0","0","0","0","0","0","0","0","0","0","0","0","0","0","0","0","0","0","0","0","0","0","0","0","0","0","0","0","0","0","0","0","9991983","13819233"
"D3","39","Hillsborough","2010","3919572","COOK OUT-TAMPA","5501 E FOWLER AVE","TEMPLE TERRACE","33617","3700321","1","Food","Food-Licensing Inspection","Inspection Completed - No Further Action","07/01/2026","","","0","0","0","0","Y","0","0","0","0","0","0","0","0","0","0","0","0","0","0","0","0","0","0","0","0","0","0","0","0","0","0","0","0","0","0","0","0","0","0","0","0","0","0","0","0","0","0","0","0","0","0","0","0","0","0","0","0","0","0","0","0","0","0","9980795","13717025"
"D3","39","Hillsborough","2010","3919573","BUDDY BREW COFFEE","3315 LITHIA PINECREST RD","VALRICO","33596","3692661","1","Food","Food-Licensing Inspection","Inspection Completed - No Further Action","07/09/2026","","","0","0","0","0","Y","0","0","0","0","0","0","0","0","0","0","0","0","0","0","0","0","0","0","0","0","0","0","0","0","0","0","0","0","0","0","0","0","0","0","0","0","0","0","0","0","0","0","0","0","0","0","0","0","0","0","0","0","0","0","0","0","0","0","9848559","13640846"
"D3","39","Hillsborough","2010","3919574","MANOU'S DELIGHT","4908 E BUSCH BLVD","TAMPA","33617","3697799","1","Food","Food-Licensing Inspection","Inspection Completed - No Further Action","07/10/2026","","","0","0","0","0","Y","0","0","0","0","0","0","0","0","0","0","0","0","0","0","0","0","0","0","0","0","0","0","0","0","0","0","0","0","0","0","0","0","0","0","0","0","0","0","0","0","0","0","0","0","0","0","0","0","0","0","0","0","0","0","0","0","0","0","9930693","13695772"
"D3","39","Hillsborough","2010","3919575","RIVERSIDE","2050 W MEMORIAL BLVD ","LAKELAND ","33815","3699180","1","Food","Food-Licensing Inspection","Inspection Completed - No Further Action","07/10/2026","","","0","0","0","0","Y","0","0","0","0","0","0","0","0","0","0","0","0","0","0","0","0","0","0","0","0","0","0","0","0","0","0","0","0","0","0","0","0","0","0","0","0","0","0","0","0","0","0","0","0","0","0","0","0","0","0","0","0","0","0","0","0","0","0","9946400","13707166"
"D3","39","Hillsborough","2010","3919576","BUDDY BREW COFFEE","8620 HUNTERS VILLAGE RD","TAMPA","33647","3692341","1","Food","Food-Licensing Inspection","Inspection Completed - No Further Action","07/22/2026","","","0","0","0","0","Y","0","0","0","0","0","0","0","0","0","0","0","0","0","0","0","0","0","0","0","0","0","0","0","0","0","0","0","0","0","0","0","0","0","0","0","0","0","0","0","0","0","0","0","0","0","0","0","0","0","0","0","0","0","0","0","0","0","0","9862677","13637963"
"D3","39","Hillsborough","2010","3919577","D'ROSE GASTROBAR","2238 E 7TH AVE","TAMPA","33605","3696648","1","Food","Food-Licensing Inspection","Inspection Completed - No Further Action","07/24/2026","","","0","0","0","0","Y","0","0","0","0","0","0","0","0","0","0","0","0","0","0","0","0","0","0","0","0","0","0","0","0","0","0","0","0","0","0","0","0","0","0","0","0","0","0","0","0","0","0","0","0","0","0","0","0","0","0","0","0","0","0","0","0","0","0","9933640","13682476"
"D3","39","Hillsborough","2010","3919578","TOMMY'S CHOPHOUSE","1622 E 7 AVE","TAMPA","33605","3758333","1","Food","Food-Licensing Inspection","Inspection Completed - No Further Action","07/24/2026","","","1","1","0","0","Y","1","0","0","0","0","0","0","0","0","0","0","0","0","0","0","0","0","0","0","0","0","0","0","0","0","0","0","0","0","0","0","0","0","0","0","0","0","0","0","0","0","0","0","0","0","0","0","0","0","0","0","0","0","0","0","0","0","0","10012392","13849062"
"D3","39","Hillsborough","2010","3919581","SMOKIN OAK WOOD FIRED PIZZA AND TAPROOM","5607 CIRCA FISHHAWK BLVD","LITHIA ","33547","3682529","1","Food","Food-Licensing Inspection","Inspection Completed - No Further Action","07/28/2026","","","0","0","0","0","Y","0","0","0","0","0","0","0","0","0","0","0","0","0","0","0","0","0","0","0","0","0","0","0","0","0","0","0","0","0","0","0","0","0","0","0","0","0","0","0","0","0","0","0","0","0","0","0","0","0","0","0","0","0","0","0","0","0","0","9787435","13579868"
"D3","39","Hillsborough","2010","3919582","SMALLS SLIDERS #10154","19105 WINGSHOOTER WAY","LUTZ","33558","3701401","1","Food","Food-Licensing Inspection","Inspection Completed - No Further Action","07/29/2026","","","0","0","0","0","Y","0","0","0","0","0","0","0","0","0","0","0","0","0","0","0","0","0","0","0","0","0","0","0","0","0","0","0","0","0","0","0","0","0","0","0","0","0","0","0","0","0","0","0","0","0","0","0","0","0","0","0","0","0","0","0","0","0","0","9919383","13724849"
"D3","39","Hillsborough","2012","3912388","DIPPIN DOTS ICE CREAM CARTS","3000 E BUSCH BLVD","TAMPA","33612","1056827","1","Food","Routine - Food","Inspection Completed - No Further Action","07/16/2026","","","1","0","0","1","Y","0","0","0","0","0","0","0","0","0","0","0","0","0","0","0","0","0","0","0","0","0","0","1","0","0","0","0","0","0","0","0","0","0","0","0","0","0","0","0","0","0","0","0","0","0","0","0","0","0","0","0","0","0","0","0","0","0","0","3109919","13739946"
"D3","39","Hillsborough","2012","3912388","DIPPIN DOTS ICE CREAM CARTS","3000 E BUSCH BLVD","TAMPA","33612","1056849","1","Food","Routine - Food","Inspection Completed - No Further Action","07/16/2026","","","3","0","3","0","Y","0","0","0","0","0","0","0","0","0","0","0","0","0","0","0","0","0","0","0","0","0","0","0","0","0","0","0","0","0","0","3","0","0","0","0","0","0","0","0","0","0","0","0","0","0","0","0","0","0","0","0","0","0","0","0","0","0","0","3109919","13849930"
"D3","39","Hillsborough","2013","3913361","PCI FLORIDA STATE FAIR CATERING","4800 N US HWY 301","TAMPA","33610","1133901","1","Food","Food-Licensing Inspection","Inspection Completed - No Further Action","07/16/2026","","","1","1","0","0","Y","0","0","0","0","0","0","0","1","0","0","0","0","0","0","0","0","0","0","0","0","0","0","0","0","0","0","0","0","0","0","0","0","0","0","0","0","0","0","0","0","0","0","0","0","0","0","0","0","0","0","0","0","0","0","0","0","0","0","9759016","13543916"
"D3","39","Hillsborough","2013","3913589","PASTELITOS PAPICHYS ","4450 PET LN STE 107","LUTZ","33559","1135220","1","Food","Routine - Food","Inspection Completed - No Further Action","07/14/2026","","","3","1","1","1","Y","0","0","0","0","0","0","0","1","0","0","0","1","0","0","0","0","0","0","0","0","0","1","0","0","0","0","0","0","0","0","0","0","0","0","0","0","0","0","0","0","0","0","0","0","0","0","0","0","0","0","0","0","0","0","0","0","0","0","9464782","13738543"
"D3","39","Hillsborough","2013","3913663","LETS EAT FOOD LLC","4450 PET LN STE 107","LUTZ","33559","1134909","1","Food","Food-Licensing Inspection","Inspection Completed - No Further Action","07/07/2026","","","1","0","1","0","Y","0","0","0","0","0","0","0","0","0","0","0","0","0","0","0","0","0","0","0","0","0","1","0","0","0","0","0","0","0","0","0","0","0","0","0","0","0","0","0","0","0","0","0","0","0","0","0","0","0","0","0","0","0","0","0","0","0","0","9999576","13724868"
"D3","39","Hillsborough","2014","3951530","LOS COMPADRES","1018 BLOOMINGDALE AVE","VALRICO","33596","1323874","2","Food","Routine - Food","Call Back - Admin. complaint recommended","07/14/2026","","","5","0","2","3","Y","0","0","0","0","0","0","0","0","0","0","1","0","0","0","0","0","0","0","0","0","0","0","0","0","0","0","0","0","1","0","0","0","0","0","0","1","0","0","0","0","0","0","0","0","0","0","0","0","0","1","0","0","1","0","0","0","0","0","4349136","13694869"
"D3","39","Hillsborough","2014","3951545","CAJIO","6929 N MANHATTAN","TAMPA","33614","1321383","2","Food","Routine - Food","Call Back - Complied","07/20/2026","","","0","0","0","0","Y","0","0","0","0","0","0","0","0","0","0","0","0","0","0","0","0","0","0","0","0","0","0","0","0","0","0","0","0","0","0","0","0","0","0","0","0","0","0","0","0","0","0","0","0","0","0","0","0","0","0","0","0","0","0","0","0","0","0","3945392","13698678"
"D3","39","Hillsborough","2014","3951837","TAQUERIA LA MEXICANA #4","8749 W WATERS AVE","TAMPA","33615","1339532","1","Food","Routine - Food","Warning Issued","07/08/2026","","","8","1","5","2","Y","0","0","0","0","0","0","0","1","0","0","0","0","0","0","0","0","0","0","0","0","0","0","0","0","0","0","1","0","1","0","2","0","0","0","0","0","0","0","0","0","0","0","0","0","0","0","0","0","0","0","2","0","1","0","0","0","0","0","9618358","13731075"
"D3","39","Hillsborough","2014","3952065","TACOS VANNY","10824 US HWY 92","TAMPA","33610","1335531","1","Food","Routine - Food","Inspection Completed - No Further Action","07/16/2026","","","2","1","0","1","Y","0","0","0","0","0","0","0","1","0","0","0","0","0","1","0","0","0","0","0","0","0","0","0","0","0","0","0","0","0","0","0","0","0","0","0","0","0","0","0","0","0","0","0","0","0","0","0","0","0","0","0","0","0","0","0","0","0","0","5568531","13727072"
"D3","39","Hillsborough","2014","3952178","BUSCH GARDENS / ADVENTURE ISLAND","3605 BOUGANIVILLE AVE","TAMPA","33612","1346784","1","Food","Complaint Full","Inspection Completed - No Further Action","07/16/2026","","","2","0","0","2","Y","0","0","0","0","0","0","0","0","0","0","0","0","0","0","0","0","0","0","0","0","0","0","0","0","0","0","0","0","0","0","0","0","0","0","1","1","0","0","0","0","0","0","0","0","0","0","0","0","0","0","0","0","0","0","0","0","0","0","5855942","13844140"
"D3","39","Hillsborough","2014","3952243","IZZY'S TACOS TACONMAYE","123  S HYDE PARK AVE","TAMPA","33606","1322474","2","Food","Routine - Food","Call Back - Complied","07/23/2026","","","0","0","0","0","Y","0","0","0","0","0","0","0","0","0","0","0","0","0","0","0","0","0","0","0","0","0","0","0","0","0","0","0","0","0","0","0","0","0","0","0","0","0","0","0","0","0","0","0","0","0","0","0","0","0","0","0","0","0","0","0","0","0","0","8877657","13610427"
"D3","39","Hillsborough","2014","3952812","KIM'S CUBAN SANDWICH SHOP INC","11911 E MARTIN LUTHER KING BLVD","SEFFNER","33584","1341420","1","Food","Routine - Food","Inspection Completed - No Further Action","07/28/2026","","","1","0","0","1","Y","0","0","0","0","0","0","0","0","0","0","0","0","0","0","0","0","0","0","0","0","0","0","0","0","0","0","0","0","0","0","1","0","0","0","0","0","0","0","0","0","0","0","0","0","0","0","0","0","0","0","0","0","0","0","0","0","0","0","8279901","13732963"
"D3","39","Hillsborough","2014","3952850","BIG RED BBQ LLC","4601 N LOIS AVE","TAMPA","33614","1338862","1","Food","Routine - Food","Inspection Completed - No Further Action","07/21/2026","","","2","0","1","1","Y","0","0","0","0","0","0","0","0","0","0","1","0","0","1","0","0","0","0","0","0","0","0","0","0","0","0","0","0","0","0","0","0","0","0","0","0","0","0","0","0","0","0","0","0","0","0","0","0","0","0","0","0","0","0","0","0","0","0","7657091","13730405"
"D3","39","Hillsborough","2014","3952905","LOS CHAPOS TACOS","18125 US HWY 41 N","LUTZ","33549","1327617","1","Food","Food-Licensing Inspection","Inspection Completed - No Further Action","07/08/2026","","","0","0","0","0","Y","0","0","0","0","0","0","0","0","0","0","0","0","0","0","0","0","0","0","0","0","0","0","0","0","0","0","0","0","0","0","0","0","0","0","0","0","0","0","0","0","0","0","0","0","0","0","0","0","0","0","0","0","0","0","0","0","0","0","9647188","13465281"
"D3","39","Hillsborough","2014","3953008","CALIBURGER","8320 W HILLSBOROUGH AVE","TAMPA","33615","1337253","1","Food","Routine - Food","Inspection Completed - No Further Action","07/24/2026","","","2","2","0","0","Y","0","0","1","0","0","0","0","0","0","0","0","0","0","1","0","0","0","0","0","0","0","0","0","0","0","0","0","0","0","0","0","0","0","0","0","0","0","0","0","0","0","0","0","0","0","0","0","0","0","0","0","0","0","0","0","0","0","0","9865124","13728795"
"D3","39","Hillsborough","2014","3953013","CRAZY MAMA","11201 SHELDON RD","TAMPA","33626","1334918","1","Food","Food-Licensing Inspection","Inspection Completed - No Further Action","07/09/2026","","","0","0","0","0","Y","0","0","0","0","0","0","0","0","0","0","0","0","0","0","0","0","0","0","0","0","0","0","0","0","0","0","0","0","0","0","0","0","0","0","0","0","0","0","0","0","0","0","0","0","0","0","0","0","0","0","0","0","0","0","0","0","0","0","10002824","13724877"
"D3","39","Hillsborough","2014","3953044","MOKASKATERINKAFE LILBIH LLC","8505 E ADAMO DRIVE","TAMPA","33619","1337912","1","Food","Routine - Food","Inspection Completed - No Further Action","07/23/2026","","","0","0","0","0","Y","0","0","0","0","0","0","0","0","0","0","0","0","0","0","0","0","0","0","0","0","0","0","0","0","0","0","0","0","0","0","0","0","0","0","0","0","0","0","0","0","0","0","0","0","0","0","0","0","0","0","0","0","0","0","0","0","0","0","7918720","13729454"
"D3","39","Hillsborough","2014","3953063","JANNIE MAES CAFE LLC","4908 N 22ND ST","TAMPA","33610","1336283","1","Food","Routine - Food","Administrative complaint recommended","07/17/2026","","","7","4","2","1","Y","1","0","1","0","0","0","0","0","0","0","0","0","0","0","0","0","0","0","0","0","0","1","0","0","0","0","0","2","0","0","1","0","0","0","0","0","0","0","0","0","0","0","0","0","0","0","0","0","0","0","0","0","1","0","0","0","0","0","7860992","13727825"
"D3","39","Hillsborough","2014","3953063","JANNIE MAES CAFE LLC","4908 N 22ND ST","TAMPA","33610","1336283","2","Food","Routine - Food","Call Back - Extension given, pending","07/22/2026","","","3","1","1","1","Y","0","0","1","0","0","0","0","0","0","0","0","0","0","0","0","0","0","0","0","0","0","0","0","0","0","0","0","0","0","0","1","0","0","0","0","0","0","0","0","0","0","0","0","0","0","0","0","0","0","0","0","0","1","0","0","0","0","0","7860992","13851259"
"D3","39","Hillsborough","2014","3953086","GISELLE'S MEXICAN TASTE","6263 150TH AVE","CLEARWATER","33760","1321181","2","Food","Routine - Food","Call Back - Complied","07/30/2026","","","0","0","0","0","Y","0","0","0","0","0","0","0","0","0","0","0","0","0","0","0","0","0","0","0","0","0","0","0","0","0","0","0","0","0","0","0","0","0","0","0","0","0","0","0","0","0","0","0","0","0","0","0","0","0","0","0","0","0","0","0","0","0","0","7942091","13685372"
"D3","39","Hillsborough","2014","3953092","AL'S BARN","3410 S KINGS AVE","BRANDON","33511","1327557","2","Food","Routine - Food","Call Back - Complied","07/15/2026","","","1","0","0","1","Y","0","0","0","0","0","0","0","0","0","0","0","0","0","0","0","0","0","0","0","0","0","0","1","0","0","0","0","0","0","0","0","0","0","0","0","0","0","0","0","0","0","0","0","0","0","0","0","0","0","0","0","0","0","0","0","0","0","0","7935796","13695652"
"D3","39","Hillsborough","2014","3953096","THAT'S KICKIN CHICKEN","5224 SOUTH DALE MABRY HWY","TAMPA","33611","1343871","1","Food","Routine - Food","Inspection Completed - No Further Action","07/24/2026","","","0","0","0","0","Y","0","0","0","0","0","0","0","0","0","0","0","0","0","0","0","0","0","0","0","0","0","0","0","0","0","0","0","0","0","0","0","0","0","0","0","0","0","0","0","0","0","0","0","0","0","0","0","0","0","0","0","0","0","0","0","0","0","0","7981907","13735414"
"D3","39","Hillsborough","2014","3953116","ISLAND JERK SHACK","1202 W MARTLIN LUTHER KING JR BLVD","SEFFNER","33584","1341380","1","Food","Routine - Food","Warning Issued","07/23/2026","","","3","0","2","1","Y","0","0","0","0","0","0","0","0","0","0","0","0","0","0","0","0","0","0","0","0","0","0","0","0","0","0","0","0","0","0","0","0","0","0","0","0","0","0","0","0","0","0","0","0","0","0","0","0","0","0","3","0","0","0","0","0","0","0","8008935","13732923"
"D3","39","Hillsborough","2014","3953130","LA VILLA","615 W BLOOMINGDALE AVE","BRANDON","33511","1332730","2","Food","Routine - Food","Call Back - Complied","07/20/2026","","","0","0","0","0","Y","0","0","0","0","0","0","0","0","0","0","0","0","0","0","0","0","0","0","0","0","0","0","0","0","0","0","0","0","0","0","0","0","0","0","0","0","0","0","0","0","0","0","0","0","0","0","0","0","0","0","0","0","0","0","0","0","0","0","8026004","13695626"
"D3","39","Hillsborough","2014","3953247","NACHOS TACOS PATIO","11200 E DR MARTIN LUTHER KING JR, BLVD UNIT 102","BRANDON","33511","1322778","2","Food","Routine - Food","Call Back - Complied","07/15/2026","","","1","1","0","0","Y","0","0","0","0","0","0","0","0","0","0","0","0","0","0","0","0","0","0","0","0","0","0","0","0","0","0","0","0","1","0","0","0","0","0","0","0","0","0","0","0","0","0","0","0","0","0","0","0","0","0","0","0","0","0","0","0","0","0","8435759","13697928"
"D3","39","Hillsborough","2014","3953296","EL PARAISO","14670 DR MARTIN LUTHER KING JR BLVD","DOVER","33527","1339558","1","Food","Routine - Food","Warning Issued","07/14/2026","","","2","0","1","1","Y","0","0","0","0","0","0","0","0","0","0","0","0","0","0","0","0","0","0","0","0","0","0","0","0","0","0","0","0","0","0","0","0","0","0","0","0","0","0","0","0","0","0","0","0","0","0","0","0","0","0","2","0","0","0","0","0","0","0","8139832","13731101"
"D3","39","Hillsborough","2014","3953389","EL PARAISO FRUITS","14670 DR MARTIN LUTHER KING JR BLVD","DOVER","33527","1340789","1","Food","Routine - Food","Inspection Completed - No Further Action","07/14/2026","","","0","0","0","0","Y","0","0","0","0","0","0","0","0","0","0","0","0","0","0","0","0","0","0","0","0","0","0","0","0","0","0","0","0","0","0","0","0","0","0","0","0","0","0","0","0","0","0","0","0","0","0","0","0","0","0","0","0","0","0","0","0","0","0","8362138","13732332"
"D3","39","Hillsborough","2014","3953403","SAMBITO CUISINE","1441 E FLETCHER AVE","TAMPA","33612","1337850","1","Food","Routine - Food","Inspection Completed - No Further Action","07/14/2026","","","4","0","3","1","Y","0","1","0","0","0","0","0","0","0","0","0","0","0","1","0","0","0","0","0","0","0","0","0","0","0","0","2","0","0","0","0","0","0","0","0","0","0","0","0","0","0","0","0","0","0","0","0","0","0","0","0","0","0","0","0","0","0","0","8373446","13729392"
"D3","39","Hillsborough","2014","3953417","EL RINCON DE MI TIERRA","9743 W HILLSBOROUGH AVE","TAMPA","33615","1347318","1","Food","Food-Licensing Inspection","Inspection Completed - No Further Action","07/28/2026","","","0","0","0","0","Y","0","0","0","0","0","0","0","0","0","0","0","0","0","0","0","0","0","0","0","0","0","0","0","0","0","0","0","0","0","0","0","0","0","0","0","0","0","0","0","0","0","0","0","0","0","0","0","0","0","0","0","0","0","0","0","0","0","0","10022659","13861357"
"D3","39","Hillsborough","2014","3953646","TAQUERIA LA MEXICANA 2","13002 N 15 ST","TAMPA","33612","1344047","1","Food","Routine - Food","Inspection Completed - No Further Action","07/14/2026","","","1","1","0","0","Y","0","0","0","0","0","0","0","1","0","0","0","0","0","0","0","0","0","0","0","0","0","0","0","0","0","0","0","0","0","0","0","0","0","0","0","0","0","0","0","0","0","0","0","0","0","0","0","0","0","0","0","0","0","0","0","0","0","0","8687617","13735590"
"D3","39","Hillsborough","2014","3953684","CATRINAS TACOS Y MAS LLC","8311 SHELDON RD","TAMPA","33604","1343092","1","Food","Routine - Food","Inspection Completed - No Further Action","07/16/2026","","","7","2","3","2","Y","0","1","1","0","0","0","0","1","0","0","1","1","0","0","0","0","0","0","0","0","0","1","0","0","0","0","0","0","0","0","0","0","0","0","0","0","0","0","0","0","1","0","0","0","0","0","0","0","0","0","0","0","0","0","0","0","0","0","8522530","13734635"
"D3","39","Hillsborough","2014","3953731","ANACHILANGAS","4908 E BROADWAY AVE","TAMPA","33605","1338444","1","Food","Routine - Food","Warning Issued","07/27/2026","","","1","1","0","0","Y","0","0","0","0","0","0","0","0","0","0","0","0","0","0","0","0","0","0","0","0","0","0","0","0","0","0","0","0","0","0","0","0","0","0","1","0","0","0","0","0","0","0","0","0","0","0","0","0","0","0","0","0","0","0","0","0","0","0","9512880","13729987"
"D3","39","Hillsborough","2014","3953731","ANACHILANGAS","4908 E BROADWAY AVE","TAMPA","33605","1338444","2","Food","Routine - Food","Call Back - Complied","07/31/2026","","","0","0","0","0","Y","0","0","0","0","0","0","0","0","0","0","0","0","0","0","0","0","0","0","0","0","0","0","0","0","0","0","0","0","0","0","0","0","0","0","0","0","0","0","0","0","0","0","0","0","0","0","0","0","0","0","0","0","0","0","0","0","0","0","9512880","13860341"
"D3","39","Hillsborough","2014","3953783","LAS MEXICANAS CATRACHAS LLC","12201 N FLORIDA AVE","TAMPA","33612","1347380","1","Food","Complaint Full","Warning Issued","07/30/2026","","","9","2","5","2","Y","0","1","0","0","0","0","0","2","0","0","1","0","0","0","0","1","0","0","0","0","0","0","0","0","0","0","0","0","1","0","1","0","0","0","0","0","0","0","0","0","0","0","0","0","0","0","0","0","0","1","0","0","1","0","0","0","0","0","8804761","13865076"
"D3","39","Hillsborough","2014","3953991","LA SENORA DE LOS TACOS LLC","8806 W FLORA ST","TAMPA","33615","1340589","1","Food","Routine - Food","Inspection Completed - No Further Action","07/09/2026","","","3","0","1","2","Y","0","0","0","0","0","0","0","1","0","0","0","0","0","0","0","0","0","0","0","0","1","0","0","0","0","0","0","0","0","0","1","0","0","0","0","0","0","0","0","0","0","0","0","0","0","0","0","0","0","0","0","0","0","0","0","0","0","0","8994046","13732132"
"D3","39","Hillsborough","2014","3954003","COLONY GRILL","3640 MIDTOWN DR","TAMPA","33607","1339116","1","Food","Routine - Food","Inspection Completed - No Further Action","07/20/2026","","","0","0","0","0","Y","0","0","0","0","0","0","0","0","0","0","0","0","0","0","0","0","0","0","0","0","0","0","0","0","0","0","0","0","0","0","0","0","0","0","0","0","0","0","0","0","0","0","0","0","0","0","0","0","0","0","0","0","0","0","0","0","0","0","9108197","13730659"
"D3","39","Hillsborough","2014","3954024","DELICIAS DE CENTRO AMERICA LLC","11733 N 15TH ST","TAMPA","33612","1339179","1","Food","Routine - Food","Inspection Completed - No Further Action","07/15/2026","","","3","0","1","2","Y","0","1","0","0","0","0","0","1","0","0","0","0","0","0","0","1","0","0","0","0","0","0","0","0","0","0","0","0","0","0","0","0","0","0","0","0","0","0","0","0","0","0","0","0","0","0","0","0","0","0","0","0","0","0","0","0","0","0","9142172","13730722"
"D3","39","Hillsborough","2014","3954048","CENTRAL CAFE","308 E ZACK ST","TAMPA","33602","1339238","1","Food","Routine - Food","Warning Issued","07/14/2026","","","6","2","3","1","Y","0","0","0","0","0","0","0","0","0","0","0","1","0","1","0","0","0","0","0","0","0","0","0","0","0","0","0","1","0","0","1","0","0","0","1","0","0","0","0","0","0","0","0","0","0","0","0","0","0","0","0","0","1","0","0","0","0","0","9142116","13730781"
"D3","39","Hillsborough","2014","3954076","STREET NOSH","4908 E BROADWAY AVE","TAMPA","33605","1332676","1","Food","Food-Licensing Inspection","Inspection Completed - No Further Action","07/30/2026","","","0","0","0","0","Y","0","0","0","0","0","0","0","0","0","0","0","0","0","0","0","0","0","0","0","0","0","0","0","0","0","0","0","0","0","0","0","0","0","0","0","0","0","0","0","0","0","0","0","0","0","0","0","0","0","0","0","0","0","0","0","0","0","0","9860113","13631235"
"D3","39","Hillsborough","2014","3954106","Q PASO CHAMO","7906 W HILLSBOROUGH AVE","TAMPA","33615","1345011","1","Food","Routine - Food","Inspection Completed - No Further Action","07/24/2026","","","6","2","3","1","Y","1","0","1","0","0","0","0","1","0","0","0","0","0","0","0","0","0","0","0","0","0","1","0","0","0","0","0","0","0","0","2","0","0","0","0","0","0","0","0","0","0","0","0","0","0","0","0","0","0","0","0","0","0","0","0","0","0","0","9986602","13736555"
"D3","39","Hillsborough","2014","3954125","NINOS TAQUERIA Y MAS","2901 W HILLSBOROUGH AVE","TAMPA","33614","1337219","1","Food","Routine - Food","Inspection Completed - No Further Action","07/22/2026","","","6","0","2","4","Y","0","0","0","0","0","0","0","1","0","1","1","0","0","1","0","0","0","0","0","0","0","0","0","0","0","0","0","0","0","0","1","0","0","0","0","0","0","0","0","0","0","0","0","0","0","0","0","0","0","0","1","0","0","0","0","0","0","0","9222163","13728761"
"D3","39","Hillsborough","2014","3954129","ADS FAMILY MARKET","12320 FOUR OAKS RD","TAMPA ","33624","1334737","1","Food","Food-Licensing Inspection","Inspection Completed - No Further Action","07/21/2026","","","1","1","0","0","Y","0","0","0","0","0","0","0","0","0","0","0","0","0","0","0","0","0","0","0","0","0","0","0","0","0","0","0","0","1","0","0","0","0","0","0","0","0","0","0","0","0","0","0","0","0","0","0","0","0","0","0","0","0","0","0","0","0","0","9986310","13717031"
"D3","39","Hillsborough","2014","3954145","ICICLE DELIGHTS","6617 NEBRASKA AVE","TAMPA","33604","1326562","2","Food","Routine - Food","Call Back - Complied","07/10/2026","","","0","0","0","0","Y","0","0","0","0","0","0","0","0","0","0","0","0","0","0","0","0","0","0","0","0","0","0","0","0","0","0","0","0","0","0","0","0","0","0","0","0","0","0","0","0","0","0","0","0","0","0","0","0","0","0","0","0","0","0","0","0","0","0","9193402","13720782"
"D3","39","Hillsborough","2014","3954147","BREAKFAST-EXPRESS","901 W BUSCH BLVD","TAMPA","33612","1335645","1","Food","Routine - Food","Inspection Completed - No Further Action","07/14/2026","","","1","1","0","0","Y","0","0","1","0","0","0","0","0","0","0","0","0","0","0","0","0","0","0","0","0","0","0","0","0","0","0","0","0","0","0","0","0","0","0","0","0","0","0","0","0","0","0","0","0","0","0","0","0","0","0","0","0","0","0","0","0","0","0","9246742","13727186"
"D3","39","Hillsborough","2014","3954190","CTRUS TAMPA","2300 GRAND CYPRESS DR","LUTZ","33559","1323351","2","Food","Routine - Food","Call Back - Complied","07/08/2026","","","0","0","0","0","Y","0","0","0","0","0","0","0","0","0","0","0","0","0","0","0","0","0","0","0","0","0","0","0","0","0","0","0","0","0","0","0","0","0","0","0","0","0","0","0","0","0","0","0","0","0","0","0","0","0","0","0","0","0","0","0","0","0","0","9140992","13688419"
"D3","39","Hillsborough","2014","3954252","SHAMA'S KITCHEN","7819 N 56 ST ST B","TAMPA","33617","1347235","1","Food","Food-Licensing Inspection","Inspection Completed - No Further Action","07/30/2026","","","0","0","0","0","Y","0","0","0","0","0","0","0","0","0","0","0","0","0","0","0","0","0","0","0","0","0","0","0","0","0","0","0","0","0","0","0","0","0","0","0","0","0","0","0","0","0","0","0","0","0","0","0","0","0","0","0","0","0","0","0","0","0","0","10026802","13857965"
"D3","39","Hillsborough","2014","3954288","CULTURE 1501","1501 E SLIGH AVE","TAMPA","33610","1338107","1","Food","Routine - Food","Inspection Completed - No Further Action","07/22/2026","","","0","0","0","0","Y","0","0","0","0","0","0","0","0","0","0","0","0","0","0","0","0","0","0","0","0","0","0","0","0","0","0","0","0","0","0","0","0","0","0","0","0","0","0","0","0","0","0","0","0","0","0","0","0","0","0","0","0","0","0","0","0","0","0","9477531","13729649"
"D3","39","Hillsborough","2014","3954318","EL SABOR DE TAMPA","7657 W HILLSBOROUGH AVE","TAMPA","33615","1330647","2","Food","Routine - Food","Call Back - Complied","07/20/2026","","","0","0","0","0","Y","0","0","0","0","0","0","0","0","0","0","0","0","0","0","0","0","0","0","0","0","0","0","0","0","0","0","0","0","0","0","0","0","0","0","0","0","0","0","0","0","0","0","0","0","0","0","0","0","0","0","0","0","0","0","0","0","0","0","9488234","13682276"
"D3","39","Hillsborough","2014","3954327","SABOR ARILEYA","7657 W HILLSBOROUGH AVE","TAMPA","33615","1335673","1","Food","Routine - Food","Inspection Completed - No Further Action","07/20/2026","","","2","2","0","0","Y","0","0","0","0","0","0","0","1","0","0","0","0","0","1","0","0","0","0","0","0","0","0","0","0","0","0","0","0","0","0","0","0","0","0","0","0","0","0","0","0","0","0","0","0","0","0","0","0","0","0","0","0","0","0","0","0","0","0","9486885","13727214"
"D3","39","Hillsborough","2014","3954366","MIRNA CARIBBEAN RESTAURANT","11201 E DR MARTIN LUTHER KING JR, BLVD","SEFFNER","33584","1340937","1","Food","Routine - Food","Inspection Completed - No Further Action","07/21/2026","","","3","0","1","2","Y","0","1","0","0","0","1","0","1","0","0","0","0","0","0","0","0","0","0","0","0","0","0","0","0","0","0","0","0","0","0","0","0","0","0","0","0","0","0","0","0","0","0","0","0","0","0","0","1","0","0","0","0","0","0","0","0","0","0","9543982","13732480"
"D3","39","Hillsborough","2014","3954386","FARANDULERO PIZZERIA","9743 W HILLSBOROUGH AVE","TAMPA","33615","1339867","1","Food","Routine - Food","Emergency order recommended","07/16/2026","","","12","4","3","5","Y","0","0","0","0","0","0","0","0","0","0","0","0","0","1","0","0","0","0","0","0","0","0","1","0","0","0","0","0","1","0","2","0","0","0","5","1","0","0","0","0","0","0","0","0","0","0","0","0","0","0","0","0","1","0","0","0","0","0","9567125","13731410"
"D3","39","Hillsborough","2014","3954386","FARANDULERO PIZZERIA","9743 W HILLSBOROUGH AVE","TAMPA","33615","1339867","2","Food","Routine - Food","Emergency Order Callback Not Complied","07/17/2026","","","6","2","1","3","Y","0","0","0","0","0","0","0","0","0","0","0","0","0","0","0","0","0","0","0","0","0","0","0","0","0","0","0","0","1","0","0","0","0","0","3","1","0","0","0","0","0","0","0","0","0","0","0","0","0","0","0","0","1","0","0","0","0","0","9567125","13849975"
"D3","39","Hillsborough","2014","3954386","FARANDULERO PIZZERIA","9743 W HILLSBOROUGH AVE","TAMPA","33615","1339867","3","Food","Routine - Food","Emergency Order Callback Not Complied","07/20/2026","","","3","2","1","0","Y","0","0","0","0","0","0","0","0","0","0","0","0","0","0","0","0","0","0","0","0","0","0","0","0","0","0","0","0","0","0","0","0","0","0","2","0","0","0","0","0","0","0","0","0","0","0","0","0","0","0","0","0","1","0","0","0","0","0","9567125","13851304"
"D3","39","Hillsborough","2014","3954386","FARANDULERO PIZZERIA","9743 W HILLSBOROUGH AVE","TAMPA","33615","1339867","4","Food","Routine - Food","Emergency Order Callback Not Complied","07/21/2026","","","3","2","1","0","Y","0","0","0","0","0","0","0","0","0","0","0","0","0","0","0","0","0","0","0","0","0","0","0","0","0","0","0","0","0","0","0","0","0","0","2","0","0","0","0","0","0","0","0","0","0","0","0","0","0","0","0","0","1","0","0","0","0","0","9567125","13852522"
"D3","39","Hillsborough","2014","3954386","FARANDULERO PIZZERIA","9743 W HILLSBOROUGH AVE","TAMPA","33615","1339867","5","Food","Routine - Food","Emergency Order Callback Not Complied","07/21/2026","","","3","2","1","0","Y","0","0","0","0","0","0","0","0","0","0","0","0","0","0","0","0","0","0","0","0","0","0","0","0","0","0","0","0","0","0","0","0","0","0","2","0","0","0","0","0","0","0","0","0","0","0","0","0","0","0","0","0","1","0","0","0","0","0","9567125","13853432"
"D3","39","Hillsborough","2014","3954386","FARANDULERO PIZZERIA","9743 W HILLSBOROUGH AVE","TAMPA","33615","1339867","6","Food","Routine - Food","Emergency Order Callback Not Complied","07/23/2026","","","2","1","1","0","Y","0","0","0","0","0","0","0","0","0","0","0","0","0","0","0","0","0","0","0","0","0","0","0","0","0","0","0","0","0","0","0","0","0","0","1","0","0","0","0","0","0","0","0","0","0","0","0","0","0","0","0","0","1","0","0","0","0","0","9567125","13853951"
"D3","39","Hillsborough","2014","3954386","FARANDULERO PIZZERIA","9743 W HILLSBOROUGH AVE","TAMPA","33615","1339867","7","Food","Routine - Food","Emergency Order Callback Time Extension","07/24/2026","","","1","0","1","0","Y","0","0","0","0","0","0","0","0","0","0","0","0","0","0","0","0","0","0","0","0","0","0","0","0","0","0","0","0","0","0","0","0","0","0","0","0","0","0","0","0","0","0","0","0","0","0","0","0","0","0","0","0","1","0","0","0","0","0","9567125","13857017"
"D3","39","Hillsborough","2014","3954402","TAQUITO REGIO","3434 W COLUMBUS DR STE 107A","TAMPA","33607","1322212","2","Food","Routine - Food","Call Back - Complied","07/24/2026","","","0","0","0","0","Y","0","0","0","0","0","0","0","0","0","0","0","0","0","0","0","0","0","0","0","0","0","0","0","0","0","0","0","0","0","0","0","0","0","0","0","0","0","0","0","0","0","0","0","0","0","0","0","0","0","0","0","0","0","0","0","0","0","0","9557323","13701011"
"D3","39","Hillsborough","2014","3954429","TAQUERIA SAN MARTIN 2","11706 TAMPA GATEWAY BLVD","SEFFNER","33584","1343190","1","Food","Routine - Food","Inspection Completed - No Further Action","07/14/2026","","","2","1","0","1","Y","0","0","0","0","0","0","0","0","0","0","0","0","0","1","0","0","0","0","0","0","0","0","0","0","0","0","0","0","0","0","0","0","0","0","1","0","0","0","0","0","0","0","0","0","0","0","0","0","0","0","0","0","0","0","0","0","0","0","9472991","13734733"
"D3","39","Hillsborough","2014","3954482","SIGUARAYA FOOD","9202 ANDERSON RD","TAMPA","33634","1336982","1","Food","Routine - Food","Inspection Completed - No Further Action","07/22/2026","","","1","0","0","1","Y","0","0","0","0","0","0","0","1","0","0","0","0","0","0","0","0","0","0","0","0","0","0","0","0","0","0","0","0","0","0","0","0","0","0","0","0","0","0","0","0","0","0","0","0","0","0","0","0","0","0","0","0","0","0","0","0","0","0","9666584","13728524"
"D3","39","Hillsborough","2014","3954511","STUFFED & SKEWER'D","1936 W MAIN ST","TAMPA","33607","1346978","1","Food","Food-Licensing Inspection","Inspection Completed - No Further Action","07/30/2026","","","0","0","0","0","Y","0","0","0","0","0","0","0","0","0","0","0","0","0","0","0","0","0","0","0","0","0","0","0","0","0","0","0","0","0","0","0","0","0","0","0","0","0","0","0","0","0","0","0","0","0","0","0","0","0","0","0","0","0","0","0","0","0","0","10006799","13849057"
"D3","39","Hillsborough","2014","3954512","LA PATRONA","9212 ANDERSON RD","TAMPA","33634","1340815","1","Food","Routine - Food","Warning Issued","07/15/2026","","","9","4","3","2","Y","0","0","2","0","0","1","0","1","0","0","0","1","0","0","0","0","0","0","0","0","0","1","0","0","0","0","0","0","0","0","1","0","0","0","0","0","0","0","0","0","0","0","0","0","0","0","0","0","0","0","0","0","2","0","0","0","0","0","9698244","13732358"
"D3","39","Hillsborough","2014","3954562","PA' QUE CARLOS FOOD TRUCK","1727 W FLETCHER AVE","TAMPA","33612","1330752","3","Food","Routine - Food","Call Back - Complied","07/15/2026","","","0","0","0","0","Y","0","0","0","0","0","0","0","0","0","0","0","0","0","0","0","0","0","0","0","0","0","0","0","0","0","0","0","0","0","0","0","0","0","0","0","0","0","0","0","0","0","0","0","0","0","0","0","0","0","0","0","0","0","0","0","0","0","0","9772018","13686430"
"D3","39","Hillsborough","2014","3954566","STICK TO THE CULTURE","9912 E US HIGHWAY 92","TAMPA","33610","1331443","2","Food","Routine - Food","Call Back - Admin. complaint recommended","07/15/2026","","","1","0","1","0","Y","0","0","0","0","0","0","0","0","0","0","0","0","0","0","0","0","0","0","0","0","0","0","0","0","0","0","0","0","0","0","0","0","0","0","0","0","0","0","0","0","0","0","0","0","0","0","0","0","0","0","0","0","1","0","0","0","0","0","9787305","13674675"
"D3","39","Hillsborough","2014","3954584","TACOS CHIAPAS","107 N KINGS AVE","BRANDON","33510","1339599","1","Food","Routine - Food","Inspection Completed - No Further Action","07/23/2026","","","1","0","1","0","Y","0","0","0","0","0","0","0","0","0","0","0","0","0","0","0","0","0","0","0","0","0","1","0","0","0","0","0","0","0","0","0","0","0","0","0","0","0","0","0","0","0","0","0","0","0","0","0","0","0","0","0","0","0","0","0","0","0","0","9795353","13731142"
"D3","39","Hillsborough","2014","3954591","TACOS AL PASTO EL PRIMO","14670 E DR MARTIN LUTHER KING JR BLV","DOVER","33527","1334071","2","Food","Complaint Full","Call Back - Complied","07/08/2026","","","0","0","0","0","Y","0","0","0","0","0","0","0","0","0","0","0","0","0","0","0","0","0","0","0","0","0","0","0","0","0","0","0","0","0","0","0","0","0","0","0","0","0","0","0","0","0","0","0","0","0","0","0","0","0","0","0","0","0","0","0","0","0","0","9773613","13689297"
"D3","39","Hillsborough","2014","3954634","LA CALLE ","9401 US HWY 301 S","RIVERVIEW","33578","1334745","1","Food","Complaint Full","Inspection Completed - No Further Action","07/15/2026","","","4","0","2","2","Y","0","1","0","0","0","0","0","0","0","1","0","0","0","0","0","0","0","0","0","0","0","1","0","0","0","0","0","0","0","0","0","0","0","0","0","0","0","0","0","0","1","0","0","0","0","0","0","0","0","0","0","0","0","0","0","0","0","0","9798986","13717650"
"D3","39","Hillsborough","2014","3954647","TORTAS CHEPO","6943 W HILLSBOROUGH AVE","TAMPA","33634","1343544","1","Food","Routine - Food","Inspection Completed - No Further Action","07/17/2026","","","5","2","1","2","Y","1","1","1","0","0","0","0","2","0","0","0","0","0","0","0","0","0","0","0","0","0","0","0","0","0","0","0","0","0","0","0","0","0","0","0","0","0","0","0","0","0","0","0","0","0","0","0","0","0","0","0","0","0","0","0","0","0","0","9864005","13735087"
"D3","39","Hillsborough","2014","3954685","SIGUARAYA FOOD","9202 ANDERSON RD","TAMPA","33634","1344967","1","Food","Routine - Food","Inspection Completed - No Further Action","07/22/2026","","","2","1","0","1","Y","0","0","0","0","0","0","0","2","0","0","0","0","0","0","0","0","0","0","0","0","0","0","0","0","0","0","0","0","0","0","0","0","0","0","0","0","0","0","0","0","0","0","0","0","0","0","0","0","0","0","0","0","0","0","0","0","0","0","9929733","13736511"
"D3","39","Hillsborough","2014","3954711","TACOS EL BORACHO","2602 W KENNEDY BLVD","TAMPA","33609","1334865","1","Food","Food-Licensing Inspection","Inspection Completed - No Further Action","07/01/2026","","","0","0","0","0","Y","0","0","0","0","0","0","0","0","0","0","0","0","0","0","0","0","0","0","0","0","0","0","0","0","0","0","0","0","0","0","0","0","0","0","0","0","0","0","0","0","0","0","0","0","0","0","0","0","0","0","0","0","0","0","0","0","0","0","9970006","13722884"
"D3","39","Hillsborough","2014","3954737","HAPPY JALAPENO #1","2113 W REYNOLDS ST ","PLANT CITY","33563","1334882","1","Food","Food-Licensing Inspection","Inspection Completed - No Further Action","07/01/2026","","","0","0","0","0","Y","0","0","0","0","0","0","0","0","0","0","0","0","0","0","0","0","0","0","0","0","0","0","0","0","0","0","0","0","0","0","0","0","0","0","0","0","0","0","0","0","0","0","0","0","0","0","0","0","0","0","0","0","0","0","0","0","0","0","9998722","13723024"
"D3","39","Hillsborough","2014","3954745","MASCA CHASKA","1730 E FOWLER AVE # 3","TAMPA","33612","1334823","1","Food","Food-Licensing Inspection","Inspection Completed - No Further Action","07/01/2026","","","0","0","0","0","Y","0","0","0","0","0","0","0","0","0","0","0","0","0","0","0","0","0","0","0","0","0","0","0","0","0","0","0","0","0","0","0","0","0","0","0","0","0","0","0","0","0","0","0","0","0","0","0","0","0","0","0","0","0","0","0","0","0","0","9991947","13721039"
"D3","39","Hillsborough","2014","3954748","TAQUERIA LOS PAISAS","4908 E BROADWAY AVE","TAMPA","33605","1334829","1","Food","Food-Licensing Inspection","Inspection Completed - No Further Action","07/10/2026","","","0","0","0","0","Y","0","0","0","0","0","0","0","0","0","0","0","0","0","0","0","0","0","0","0","0","0","0","0","0","0","0","0","0","0","0","0","0","0","0","0","0","0","0","0","0","0","0","0","0","0","0","0","0","0","0","0","0","0","0","0","0","0","0","9996293","13721056"
"D3","39","Hillsborough","2014","3954749","FRUTERIA LUPITA","7075 N US HIGHWAY 41","GIBSONTON","33572","1334395","1","Food","Food-Licensing Inspection","Inspection Completed - No Further Action","07/14/2026","","","2","0","1","1","Y","0","0","0","0","0","0","0","0","0","0","0","0","0","0","0","0","0","0","0","0","0","0","0","0","0","0","0","0","0","0","1","0","0","0","0","0","0","0","0","0","0","0","0","0","0","0","0","0","0","0","1","0","0","0","0","0","0","0","9962688","13703095"
"D3","39","Hillsborough","2014","3954750","THE BANANA PUDDING LADY","4601  N LOIS AVE ","TAMPA ","33614","1334851","1","Food","Food-Licensing Inspection","Inspection Completed - No Further Action","07/14/2026","","","0","0","0","0","Y","0","0","0","0","0","0","0","0","0","0","0","0","0","0","0","0","0","0","0","0","0","0","0","0","0","0","0","0","0","0","0","0","0","0","0","0","0","0","0","0","0","0","0","0","0","0","0","0","0","0","0","0","0","0","0","0","0","0","9994463","13721961"
"D3","39","Hillsborough","2014","3954751","LA GUANTANAMERA","7730 PALM RIVER RD #850","TAMPA","33619","1327780","1","Food","Food-Licensing Inspection","Inspection Completed - No Further Action","07/15/2026","","","0","0","0","0","Y","0","0","0","0","0","0","0","0","0","0","0","0","0","0","0","0","0","0","0","0","0","0","0","0","0","0","0","0","0","0","0","0","0","0","0","0","0","0","0","0","0","0","0","0","0","0","0","0","0","0","0","0","0","0","0","0","0","0","9644336","13472091"
"D3","39","Hillsborough","2014","3954752","MASTER BBQ ZONE","206 W SHELL POINT RD","RUSKIN","33570","1334338","1","Food","Food-Licensing Inspection","Inspection Completed - No Further Action","07/15/2026","","","0","0","0","0","Y","0","0","0","0","0","0","0","0","0","0","0","0","0","0","0","0","0","0","0","0","0","0","0","0","0","0","0","0","0","0","0","0","0","0","0","0","0","0","0","0","0","0","0","0","0","0","0","0","0","0","0","0","0","0","0","0","0","0","9960913","13700291"
"D3","39","Hillsborough","2014","3954753","G&C FOOD SERVICES","4601  N LOIS AVE ","TAMPA ","33614","1346762","1","Food","Food-Licensing Inspection","Inspection Completed - No Further Action","07/15/2026","","","0","0","0","0","Y","0","0","0","0","0","0","0","0","0","0","0","0","0","0","0","0","0","0","0","0","0","0","0","0","0","0","0","0","0","0","0","0","0","0","0","0","0","0","0","0","0","0","0","0","0","0","0","0","0","0","0","0","0","0","0","0","0","0","9994788","13842238"
"D3","39","Hillsborough","2014","3954754","TAYLOR-QUE RIBS N' SUCH","9330 E COLUMBUS DR.","TAMPA","33619","1334727","1","Food","Food-Licensing Inspection","Inspection Completed - No Further Action","07/17/2026","","","0","0","0","0","Y","0","0","0","0","0","0","0","0","0","0","0","0","0","0","0","0","0","0","0","0","0","0","0","0","0","0","0","0","0","0","0","0","0","0","0","0","0","0","0","0","0","0","0","0","0","0","0","0","0","0","0","0","0","0","0","0","0","0","9943901","13717014"
"D3","39","Hillsborough","2014","3954755","ADIS FLAVOR ","1936 W MAIN ST","TAMPA","33607","1334478","1","Food","Food-Licensing Inspection","Inspection Completed - No Further Action","07/17/2026","","","0","0","0","0","Y","0","0","0","0","0","0","0","0","0","0","0","0","0","0","0","0","0","0","0","0","0","0","0","0","0","0","0","0","0","0","0","0","0","0","0","0","0","0","0","0","0","0","0","0","0","0","0","0","0","0","0","0","0","0","0","0","0","0","9970250","13706371"
"D3","39","Hillsborough","2014","3954756","DOC'S BBQ","1936 W MAIN ST","TAMPA","33607","1334905","1","Food","Food-Licensing Inspection","Inspection Completed - No Further Action","07/17/2026","","","0","0","0","0","Y","0","0","0","0","0","0","0","0","0","0","0","0","0","0","0","0","0","0","0","0","0","0","0","0","0","0","0","0","0","0","0","0","0","0","0","0","0","0","0","0","0","0","0","0","0","0","0","0","0","0","0","0","0","0","0","0","0","0","9981271","13724732"
"D3","39","Hillsborough","2014","3954757","SWEETSHACK MOBILE","11270 BOYETTE RD","RIVERVIEW","33569","1346778","1","Food","Food-Licensing Inspection","Inspection Completed - No Further Action","07/17/2026","","","1","0","0","1","Y","0","0","0","0","0","0","0","0","0","0","0","0","0","0","0","0","0","0","0","0","0","0","0","0","0","0","0","0","0","0","0","0","0","0","0","0","0","0","0","0","0","0","0","0","0","0","0","0","0","0","1","0","0","0","0","0","0","0","10006577","13843342"
"D3","39","Hillsborough","2014","3954759","BYTE","301  N WESTSHORE BLVD","TAMPA","33609","1346992","1","Food","Food-Licensing Inspection","Inspection Completed - No Further Action","07/22/2026","","","0","0","0","0","Y","0","0","0","0","0","0","0","0","0","0","0","0","0","0","0","0","0","0","0","0","0","0","0","0","0","0","0","0","0","0","0","0","0","0","0","0","0","0","0","0","0","0","0","0","0","0","0","0","0","0","0","0","0","0","0","0","0","0","10016689","13849082"
"D3","39","Hillsborough","2014","3954760","EMPANADAS EXPRESS AND MORE","5224 S DALE MABRY HWY","TAMPA","33611","1346984","1","Food","Food-Licensing Inspection","Inspection Completed - No Further Action","07/23/2026","","","0","0","0","0","Y","0","0","0","0","0","0","0","0","0","0","0","0","0","0","0","0","0","0","0","0","0","0","0","0","0","0","0","0","0","0","0","0","0","0","0","0","0","0","0","0","0","0","0","0","0","0","0","0","0","0","0","0","0","0","0","0","0","0","10013713","13849066"
"D3","39","Hillsborough","2014","3954761","ISLAND DUDE FOOD","11555 E SLIGH AVE","SEFFNER","33584","1347092","1","Food","Food-Licensing Inspection","Inspection Completed - No Further Action","07/23/2026","","","0","0","0","0","Y","0","0","0","0","0","0","0","0","0","0","0","0","0","0","0","0","0","0","0","0","0","0","0","0","0","0","0","0","0","0","0","0","0","0","0","0","0","0","0","0","0","0","0","0","0","0","0","0","0","0","0","0","0","0","0","0","0","0","10020946","13853326"
"D3","39","Hillsborough","2014","3954762","EL SABOR LATINO","220 W BRANDON BLVD #105","BRANDON","33511","1333913","1","Food","Food-Licensing Inspection","Inspection Completed - No Further Action","07/24/2026","","","0","0","0","0","Y","0","0","0","0","0","0","0","0","0","0","0","0","0","0","0","0","0","0","0","0","0","0","0","0","0","0","0","0","0","0","0","0","0","0","0","0","0","0","0","0","0","0","0","0","0","0","0","0","0","0","0","0","0","0","0","0","0","0","9927610","13680560"
"D3","39","Hillsborough","2014","3954763","UNCLE MARV'S BBQ LLC","220 W BRANDON BLVD #105","BRANDON","33511","1346976","1","Food","Food-Licensing Inspection","Inspection Completed - No Further Action","07/24/2026","","","0","0","0","0","Y","0","0","0","0","0","0","0","0","0","0","0","0","0","0","0","0","0","0","0","0","0","0","0","0","0","0","0","0","0","0","0","0","0","0","0","0","0","0","0","0","0","0","0","0","0","0","0","0","0","0","0","0","0","0","0","0","0","0","10004285","13849053"
"D3","39","Hillsborough","2014","3954764","MI ENCANTO FOODTRUCK","1936 W MAIN ST","TAMPA","33607","1347031","1","Food","Food-Licensing Inspection","Inspection Completed - No Further Action","07/27/2026","","","0","0","0","0","Y","0","0","0","0","0","0","0","0","0","0","0","0","0","0","0","0","0","0","0","0","0","0","0","0","0","0","0","0","0","0","0","0","0","0","0","0","0","0","0","0","0","0","0","0","0","0","0","0","0","0","0","0","0","0","0","0","0","0","10018600","13850525"
"D3","39","Hillsborough","2014","3954765","AMERICA'S EAT N' GO LLC","4202 EAST BUSCH BLVD STE 1","TAMPA","33617","1333184","1","Food","Food-Licensing Inspection","Inspection Completed - No Further Action","07/28/2026","","","0","0","0","0","Y","0","0","0","0","0","0","0","0","0","0","0","0","0","0","0","0","0","0","0","0","0","0","0","0","0","0","0","0","0","0","0","0","0","0","0","0","0","0","0","0","0","0","0","0","0","0","0","0","0","0","0","0","0","0","0","0","0","0","9892504","13650575"
"D3","39","Hillsborough","2014","3954766","FLORIDA SENIOR SOFTBALL ASSOCIATION ","11555 E SLIGH AVE","SEFFNER","33584","1347188","1","Food","Food-Licensing Inspection","Inspection Completed - No Further Action","07/28/2026","","","0","0","0","0","Y","0","0","0","0","0","0","0","0","0","0","0","0","0","0","0","0","0","0","0","0","0","0","0","0","0","0","0","0","0","0","0","0","0","0","0","0","0","0","0","0","0","0","0","0","0","0","0","0","0","0","0","0","0","0","0","0","0","0","10024154","13856600"
"D3","39","Hillsborough","2014","3954767","KEBAB MASTERS LLC","110 E DR MARTIN LUTHER KING JR BLV","TAMPA","33603","1347374","1","Food","Food-Licensing Inspection","Warning Issued","07/31/2026","","","5","1","1","3","Y","0","0","0","0","0","0","0","0","0","0","0","0","0","0","0","0","0","0","0","0","0","1","0","0","0","0","0","0","0","0","1","0","0","0","1","0","0","0","0","0","0","0","0","0","0","0","0","0","0","1","1","0","0","0","0","0","0","0","10033564","13864663"
"D3","39","Hillsborough","2014","3954768","IRENE'S","4601 N LOIS AVE ","TAMPA ","33614","1347076","1","Food","Food-Licensing Inspection","Inspection Completed - No Further Action","07/29/2026","","","0","0","0","0","Y","0","0","0","0","0","0","0","0","0","0","0","0","0","0","0","0","0","0","0","0","0","0","0","0","0","0","0","0","0","0","0","0","0","0","0","0","0","0","0","0","0","0","0","0","0","0","0","0","0","0","0","0","0","0","0","0","0","0","10019815","13851853"
"D3","39","Hillsborough","2014","3954769","242 PIZZA","4908 E BROADWAY AVE","TAMPA","33605","1347354","1","Food","Food-Licensing Inspection","Inspection Completed - No Further Action","07/30/2026","","","0","0","0","0","Y","0","0","0","0","0","0","0","0","0","0","0","0","0","0","0","0","0","0","0","0","0","0","0","0","0","0","0","0","0","0","0","0","0","0","0","0","0","0","0","0","0","0","0","0","0","0","0","0","0","0","0","0","0","0","0","0","0","0","10027275","13863976"
"D3","39","Hillsborough","2014","3954770","TOP CHEF LLC","3401 N 50 ST","TAMPA","33619","1347345","1","Food","Food-Licensing Inspection","Inspection Completed - No Further Action","07/30/2026","","","0","0","0","0","Y","0","0","0","0","0","0","0","0","0","0","0","0","0","0","0","0","0","0","0","0","0","0","0","0","0","0","0","0","0","0","0","0","0","0","0","0","0","0","0","0","0","0","0","0","0","0","0","0","0","0","0","0","0","0","0","0","0","0","10026756","13863100"
"D3","39","Hillsborough","2014","3954771","FOOD TRUCK RANCH","2325 W ST JOSEPH ST","TAMPA","33607","1347403","1","Food","Food-Licensing Inspection","Inspection Completed - No Further Action","07/31/2026","","","0","0","0","0","Y","0","0","0","0","0","0","0","0","0","0","0","0","0","0","0","0","0","0","0","0","0","0","0","0","0","0","0","0","0","0","0","0","0","0","0","0","0","0","0","0","0","0","0","0","0","0","0","0","0","0","0","0","0","0","0","0","0","0","10030914","13866055"
"D3","39","Hillsborough","2015","3900268","TGH ICE PLEX","10222 ELIZABETH PL","TAMPA ","33619","1116973","1","Food","Routine - Food","Inspection Completed - No Further Action","07/14/2026","","","0","0","0","0","Y","0","0","0","0","0","0","0","0","0","0","0","0","0","0","0","0","0","0","0","0","0","0","0","0","0","0","0","0","0","0","0","0","0","0","0","0","0","0","0","0","0","0","0","0","0","0","0","0","0","0","0","0","0","0","0","0","0","0","8443986","13726268"
"D3","39","Hillsborough","2015","3900279","SZTAMPA","10137  E ADAMO DR","TAMPA","33619","1116762","1","Food","Routine - Food","Inspection Completed - No Further Action","07/15/2026","","","0","0","0","0","Y","0","0","0","0","0","0","0","0","0","0","0","0","0","0","0","0","0","0","0","0","0","0","0","0","0","0","0","0","0","0","0","0","0","0","0","0","0","0","0","0","0","0","0","0","0","0","0","0","0","0","0","0","0","0","0","0","0","0","8863693","13726056"
"D3","39","Hillsborough","2015","3900292","QUALITY INN AIRPORT","1020 S DALE MABRY HWY","TAMPA","33629","1116995","1","Food","Routine - Food","Inspection Completed - No Further Action","07/10/2026","","","0","0","0","0","Y","0","0","0","0","0","0","0","0","0","0","0","0","0","0","0","0","0","0","0","0","0","0","0","0","0","0","0","0","0","0","0","0","0","0","0","0","0","0","0","0","0","0","0","0","0","0","0","0","0","0","0","0","0","0","0","0","0","0","9480828","13726290"
"D3","39","Hillsborough","2015","3900298","WESTSHORE01","250 WESTSHORE PLAZA","TAMPA","33609","1116946","1","Food","Routine - Food","Inspection Completed - No Further Action","07/27/2026","","","0","0","0","0","Y","0","0","0","0","0","0","0","0","0","0","0","0","0","0","0","0","0","0","0","0","0","0","0","0","0","0","0","0","0","0","0","0","0","0","0","0","0","0","0","0","0","0","0","0","0","0","0","0","0","0","0","0","0","0","0","0","0","0","9640116","13726241"
"D3","39","Hillsborough","2015","3900299","WESTSHORE02","2540 WESTSHORE PLAZA","TAMPA","33609","1116637","1","Food","Routine - Food","Inspection Completed - No Further Action","07/27/2026","","","0","0","0","0","Y","0","0","0","0","0","0","0","0","0","0","0","0","0","0","0","0","0","0","0","0","0","0","0","0","0","0","0","0","0","0","0","0","0","0","0","0","0","0","0","0","0","0","0","0","0","0","0","0","0","0","0","0","0","0","0","0","0","0","9640117","13725931"
"D3","39","Hillsborough","2015","3900300","WESTSHORE03","250 WESTSHORE PLAZA","TAMPA","33609","1117082","1","Food","Routine - Food","Inspection Completed - No Further Action","07/27/2026","","","0","0","0","0","Y","0","0","0","0","0","0","0","0","0","0","0","0","0","0","0","0","0","0","0","0","0","0","0","0","0","0","0","0","0","0","0","0","0","0","0","0","0","0","0","0","0","0","0","0","0","0","0","0","0","0","0","0","0","0","0","0","0","0","9640122","13726377"
"D3","39","Hillsborough","2015","3900301","HEALTHY NOURISHMENTS 2GO","9610 PRINCESS PALM AVE","TAMPA ","33619","1116573","1","Food","Routine - Food","Administrative complaint recommended","07/15/2026","","","1","1","0","0","Y","0","0","0","0","0","0","0","0","0","0","0","0","0","0","0","0","0","0","0","0","0","0","0","0","0","0","0","0","0","0","0","0","0","0","0","0","0","0","0","0","0","0","0","0","0","0","0","0","0","1","0","0","0","0","0","0","0","0","9546025","13725867"
"D3","39","Hillsborough","2015","3900302","DAVE & BUSTER'S #120 TAMPA 0015446","10209 ESTUARY LAKES DR","TAMPA","33619","1116711","1","Food","Routine - Food","Inspection Completed - No Further Action","07/15/2026","","","0","0","0","0","Y","0","0","0","0","0","0","0","0","0","0","0","0","0","0","0","0","0","0","0","0","0","0","0","0","0","0","0","0","0","0","0","0","0","0","0","0","0","0","0","0","0","0","0","0","0","0","0","0","0","0","0","0","0","0","0","0","0","0","9666229","13726005"
"D3","39","Hillsborough","2015","3900303","CIAOFTAMPA","6404 E COLUMBUS DR","TAMPA","33619","1117153","1","Food","Routine - Food","Inspection Completed - No Further Action","07/15/2026","","","0","0","0","0","Y","0","0","0","0","0","0","0","0","0","0","0","0","0","0","0","0","0","0","0","0","0","0","0","0","0","0","0","0","0","0","0","0","0","0","0","0","0","0","0","0","0","0","0","0","0","0","0","0","0","0","0","0","0","0","0","0","0","0","9679287","13726448"
"D3","39","Hillsborough","2015","3900306","DAVIS DAUGHTERS SMART VENDING","353 30 ST NE","RUSKIN","33570","1116947","1","Food","Routine - Food","Inspection Completed - No Further Action","07/23/2026","","","0","0","0","0","Y","0","0","0","0","0","0","0","0","0","0","0","0","0","0","0","0","0","0","0","0","0","0","0","0","0","0","0","0","0","0","0","0","0","0","0","0","0","0","0","0","0","0","0","0","0","0","0","0","0","0","0","0","0","0","0","0","0","0","9667079","13726242"
"D3","39","Hillsborough","2015","3900307","THE APOLLO BEACH VENDING COMPANY","9650 OLD BIG BEND RD","RIVERVIEW","33578","1117133","1","Food","Routine - Food","Inspection Completed - No Further Action","07/22/2026","","","0","0","0","0","Y","0","0","0","0","0","0","0","0","0","0","0","0","0","0","0","0","0","0","0","0","0","0","0","0","0","0","0","0","0","0","0","0","0","0","0","0","0","0","0","0","0","0","0","0","0","0","0","0","0","0","0","0","0","0","0","0","0","0","9453228","13726428"
"D3","39","Hillsborough","2015","3900312","THE APOLLO BEACH VENDING COMPANY","9650 OLD BIG BEND RD","APOLLO BEACH","33572","1117014","1","Food","Routine - Food","Inspection Completed - No Further Action","07/22/2026","","","0","0","0","0","Y","0","0","0","0","0","0","0","0","0","0","0","0","0","0","0","0","0","0","0","0","0","0","0","0","0","0","0","0","0","0","0","0","0","0","0","0","0","0","0","0","0","0","0","0","0","0","0","0","0","0","0","0","0","0","0","0","0","0","9828933","13726309"
"D3","39","Hillsborough","2015","3900323","FLORIDA'S HEALTHY MART","220 E MADISON ST","TAMPA","33602","1116491","1","Food","Food-Licensing Inspection","Inspection Completed - No Further Action","07/07/2026","","","0","0","0","0","Y","0","0","0","0","0","0","0","0","0","0","0","0","0","0","0","0","0","0","0","0","0","0","0","0","0","0","0","0","0","0","0","0","0","0","0","0","0","0","0","0","0","0","0","0","0","0","0","0","0","0","0","0","0","0","0","0","0","0","9985607","13712217"
"D3","61","Pasco","2010","6100163","MCDONALDS #1264","5309 HWY 19","NEW PORT RICHEY","34652","3755983","1","Food","Complaint Full","Inspection Completed - No Further Action","07/23/2026","","","4","2","0","2","Y","0","0","0","0","0","0","0","1","0","0","0","0","1","0","0","0","0","0","0","0","1","0","0","0","0","0","0","0","0","0","0","0","0","0","0","0","0","0","0","0","1","0","0","0","0","0","0","0","0","0","0","0","0","0","0","0","0","0","8674691","13842084"
"D3","61","Pasco","2010","6100429","WENDY'S OLD FASHIONED HAMBURGERS ","4240 US 19 S","NEW PORT RICHEY","34652","3705094","1","Food","Routine - Food","Inspection Completed - No Further Action","07/17/2026","","","4","1","1","2","Y","0","0","0","0","0","0","0","0","0","0","0","0","0","0","0","0","0","0","0","0","0","1","0","1","0","0","0","0","1","0","0","0","0","0","0","1","0","0","0","0","0","0","0","0","0","0","0","0","0","0","0","0","0","0","0","0","0","0","8393812","13743574"
"D3","61","Pasco","2010","6100646","GRAND SUSHI HIBACHI BUFFET","10421 US HWY 19","PORT RICHEY","34668","3756117","1","Food","Complaint Full","Administrative complaint recommended","07/16/2026","","","54","15","12","27","Y","4","3","4","0","1","1","0","2","1","2","0","2","0","8","0","1","0","0","0","0","0","1","0","1","0","0","0","0","2","0","4","1","0","0","5","6","0","0","0","1","3","0","0","0","0","0","0","0","0","0","0","0","1","0","0","0","0","0","9406703","13844076"
"D3","61","Pasco","2010","6100646","GRAND SUSHI HIBACHI BUFFET","10421 US HWY 19","PORT RICHEY","34668","3756117","2","Food","Complaint Full","Call Back - Extension given, pending","07/17/2026","","","29","2","8","19","Y","1","2","0","0","1","0","0","1","0","1","0","0","0","7","0","1","0","0","0","0","0","1","0","1","0","0","0","0","2","0","1","1","0","0","2","6","0","0","0","0","1","0","0","0","0","0","0","0","0","0","0","0","0","0","0","0","0","0","9406703","13850935"
"D3","61","Pasco","2010","6101032","ART'S TAP HOUSE","8631 OLD COUNTY ROAD 54","NEW PORT RICHEY","34653","3694164","2","Food","Routine - Food","Call Back - Complied","07/07/2026","","","0","0","0","0","Y","0","0","0","0","0","0","0","0","0","0","0","0","0","0","0","0","0","0","0","0","0","0","0","0","0","0","0","0","0","0","0","0","0","0","0","0","0","0","0","0","0","0","0","0","0","0","0","0","0","0","0","0","0","0","0","0","0","0","2232584","13701855"
"D3","61","Pasco","2010","6101444","GOING COASTAL DELI","10039 US HWY 19 N","PORT RICHEY","34668","3739477","1","Food","Routine - Food","Warning Issued","07/10/2026","","","2","0","1","1","Y","0","0","0","0","0","0","0","0","0","0","0","0","0","0","0","0","0","0","0","0","0","0","0","1","0","0","0","0","0","0","0","0","0","0","0","0","0","0","0","0","0","0","0","0","0","0","0","0","0","0","0","0","1","0","0","0","0","0","9582512","13777979"
"D3","61","Pasco","2010","6101458","SONNYS REAL PIT BBQ","6606 GALL BLVD","ZEPHYRHILLS","33542","3747115","1","Food","Routine - Food","Inspection Completed - No Further Action","07/22/2026","","","2","1","0","1","Y","0","0","0","0","0","0","0","0","0","0","0","0","0","0","0","0","0","0","0","0","0","0","0","0","0","0","0","0","1","0","0","0","0","0","0","1","0","0","0","0","0","0","0","0","0","0","0","0","0","0","0","0","0","0","0","0","0","0","2232691","13785617"
"D3","61","Pasco","2010","6101467","MOLLY MALONES","4106 LITTLE RD","NEW PORT RICHEY","34655","3711497","1","Food","Routine - Food","Inspection Completed - No Further Action","07/10/2026","","","5","0","2","3","Y","0","0","0","0","0","0","0","0","0","0","0","0","0","0","0","0","0","0","0","0","0","1","1","1","0","0","1","0","0","0","0","0","0","0","0","1","0","0","0","0","0","0","0","0","0","0","0","0","0","0","0","0","0","0","0","0","0","0","6801277","13749990"
"D3","61","Pasco","2010","6101473","WAFFLE HOUSE #650","5421 VILLAGE MARKET","WESLEY CHAPEL","33544","3709064","1","Food","Routine - Food","Inspection Completed - No Further Action","07/31/2026","","","1","0","0","1","Y","0","0","0","0","0","0","0","0","0","0","0","0","0","0","0","0","0","0","0","0","0","0","0","1","0","0","0","0","0","0","0","0","0","0","0","0","0","0","0","0","0","0","0","0","0","0","0","0","0","0","0","0","0","0","0","0","0","0","3979285","13747557"
"D3","61","Pasco","2010","6101485","BURGER KING #5851","28136 COUNTY RD 54","WESLEY CHAPEL","33543","3709997","1","Food","Routine - Food","Inspection Completed - No Further Action","07/31/2026","","","1","0","0","1","Y","0","0","0","0","0","0","0","0","0","0","0","0","0","1","0","0","0","0","0","0","0","0","0","0","0","0","0","0","0","0","0","0","0","0","0","0","0","0","0","0","0","0","0","0","0","0","0","0","0","0","0","0","0","0","0","0","0","0","3646554","13748490"
"D3","61","Pasco","2010","6101685","TRAKAS TACOS","2337 SEVEN SPRINGS BLVD","NEW PORT RICHEY","34655","3720550","1","Food","Routine - Food","Warning Issued","07/28/2026","","","9","2","3","4","Y","0","0","0","0","0","0","0","1","0","1","0","0","1","1","0","0","0","0","0","0","0","1","0","1","0","0","0","0","0","0","0","0","0","0","0","1","0","0","0","0","0","0","0","0","0","0","0","0","0","0","0","0","1","0","1","0","0","0","9896069","13759043"
"D3","61","Pasco","2010","6101797","LITTLE CAESARS 642","5538 GALL BLVD","ZEPHYRHILLS","33541","3747769","1","Food","Routine - Food","Inspection Completed - No Further Action","07/28/2026","","","1","0","0","1","Y","0","0","0","0","0","0","0","0","0","0","0","0","0","0","0","0","0","0","0","0","0","0","0","0","0","0","0","0","0","0","0","0","0","0","0","1","0","0","0","0","0","0","0","0","0","0","0","0","0","0","0","0","0","0","0","0","0","0","6080628","13786271"
"D3","61","Pasco","2010","6101798","PIZZA HUT 4638","6666 RIDGE RD","PORT RICHEY","34668","3731721","1","Food","Routine - Food","Inspection Completed - No Further Action","07/10/2026","","","1","1","0","0","Y","0","0","0","0","0","0","0","0","0","0","0","0","0","0","0","0","0","0","0","0","0","0","0","0","0","0","0","0","1","0","0","0","0","0","0","0","0","0","0","0","0","0","0","0","0","0","0","0","0","0","0","0","0","0","0","0","0","0","7950915","13770214"
"D3","61","Pasco","2010","6101927","SAIGON CAFE","5118 GALL BLVD","ZEPHYRHILLS","33542","3728755","1","Food","Routine - Food","Warning Issued","07/28/2026","","","5","1","2","2","Y","0","0","0","0","0","0","0","0","0","1","0","1","0","0","0","1","0","0","0","0","0","2","0","0","0","0","0","0","0","0","0","0","0","0","0","0","0","0","0","0","0","0","0","0","0","0","0","0","0","0","0","0","0","0","0","0","0","0","6520625","13767248"
"D3","61","Pasco","2010","6101934","HARDEES","36502 W SR 54","ZEPHYRHILLS","33541-6938","3700515","1","Food","Complaint Full","Inspection Completed - No Further Action","07/30/2026","","","6","1","1","4","Y","0","0","0","0","0","0","0","0","0","0","0","2","0","0","0","0","0","0","0","0","0","0","0","1","0","0","0","0","0","0","1","0","0","0","0","2","0","0","0","0","0","0","0","0","0","0","0","0","0","0","0","0","0","0","0","0","0","0","5645071","13718605"
"D3","61","Pasco","2010","6101966","ARBYS 5906","7446 GALL BLVD","ZEPHYRHILLS","33541","3732830","1","Food","Routine - Food","Inspection Completed - No Further Action","07/23/2026","","","2","1","0","1","Y","0","0","0","0","0","0","0","0","0","0","0","0","0","1","0","0","0","0","0","0","0","0","0","0","0","0","0","0","1","0","0","0","0","0","0","0","0","0","0","0","0","0","0","0","0","0","0","0","0","0","0","0","0","0","0","0","0","0","9577794","13771323"
"D3","61","Pasco","2010","6101974","CRACKER BARREL #82","5636 OAKLEY BLVD","WESLEY CHAPEL","33544","3722722","1","Food","Routine - Food","Inspection Completed - No Further Action","07/09/2026","","","3","0","0","3","Y","0","0","0","0","0","0","0","0","0","0","0","0","0","1","0","1","0","0","0","0","0","0","0","1","0","0","0","0","0","0","0","0","0","0","0","0","0","0","0","0","0","0","0","0","0","0","0","0","0","0","0","0","0","0","0","0","0","0","2232808","13761215"
"D3","61","Pasco","2010","6102085","CRAZY BURRITO AUTHENTIC MEXICAN GRILL VI","8165 SR 52","HUDSON","34667","3731374","1","Food","Routine - Food","Inspection Completed - No Further Action","07/09/2026","","","2","0","0","2","Y","0","0","0","0","0","0","0","0","0","1","0","0","0","0","0","0","0","0","0","0","0","0","0","0","0","0","0","0","0","0","0","0","0","0","0","0","0","0","0","0","0","0","0","0","0","0","0","0","0","1","0","0","0","0","0","0","0","0","8658574","13769867"
"D3","61","Pasco","2010","6102098","CHECKERS #5212","9104 SR 52","HUDSON","34667","3709419","1","Food","Routine - Food","Inspection Completed - No Further Action","07/09/2026","","","2","0","0","2","Y","0","0","0","0","0","0","0","0","0","0","0","0","0","0","0","0","0","0","0","0","0","1","0","0","0","0","0","0","0","0","0","0","0","0","0","1","0","0","0","0","0","0","0","0","0","0","0","0","0","0","0","0","0","0","0","0","0","0","2232844","13747912"
"D3","61","Pasco","2010","6102123","TACO BELL","7313 GALL BLVD","ZEPHYRHILLS","33541","3719188","1","Food","Routine - Food","Inspection Completed - No Further Action","07/22/2026","","","2","0","1","1","Y","0","0","0","0","0","0","0","0","0","0","0","0","0","0","0","0","0","0","0","0","0","1","1","0","0","0","0","0","0","0","0","0","0","0","0","0","0","0","0","0","0","0","0","0","0","0","0","0","0","0","0","0","0","0","0","0","0","0","5654779","13757681"
"D3","61","Pasco","2010","6102183","LUCIO'S BREAKFAST PLACE","7335 LITTLE RD","NEW PORT RICHEY","34654","3688111","2","Food","Routine - Food","Call Back - Complied","07/22/2026","","","2","2","0","0","Y","0","0","0","0","0","0","0","0","1","0","0","1","0","0","0","0","0","0","0","0","0","0","0","0","0","0","0","0","0","0","0","0","0","0","0","0","0","0","0","0","0","0","0","0","0","0","0","0","0","0","0","0","0","0","0","0","0","0","8916520","13698795"
"D3","61","Pasco","2010","6102245","BAGELS GALORE","7303 STATE ROAD 52","HUDSON","34667","3743009","1","Food","Routine - Food","Inspection Completed - No Further Action","07/17/2026","","","2","0","1","1","Y","0","0","0","0","0","0","0","0","0","0","0","0","0","0","0","0","0","0","0","0","0","1","0","0","0","0","0","0","0","0","0","0","0","0","0","1","0","0","0","0","0","0","0","0","0","0","0","0","0","0","0","0","0","0","0","0","0","0","2629330","13781511"
"D3","61","Pasco","2010","6102266","TWISTEE TREAT ICE CREAM SHOP","7449 LOREDO DR","BAYONET POINT","346677010","3741746","1","Food","Routine - Food","Inspection Completed - No Further Action","07/09/2026","","","1","0","0","1","Y","0","0","0","0","0","0","0","0","0","0","0","0","0","0","0","0","0","0","0","0","0","0","1","0","0","0","0","0","0","0","0","0","0","0","0","0","0","0","0","0","0","0","0","0","0","0","0","0","0","0","0","0","0","0","0","0","0","0","2232922","13780248"
"D3","61","Pasco","2010","6102354","DAIRY QUEEN OF ZEPHYRHILLS","37930 MEDICAL ARTS CT","ZEPHYRHILLS","33541-4323","3704176","1","Food","Routine - Food","Inspection Completed - No Further Action","07/22/2026","","","4","1","0","3","Y","1","0","0","0","0","0","0","1","0","0","0","0","0","0","0","0","0","0","0","0","0","0","1","0","0","0","0","0","0","0","0","0","0","0","0","1","0","0","0","0","0","0","0","0","0","0","0","0","0","0","0","0","0","0","0","0","0","0","2232981","13742653"
"D3","61","Pasco","2010","6102364","CHIPOTLE MEXICAN GRILL","9203 US 19","PORT RICHEY","34668","3744065","1","Food","Routine - Food","Inspection Completed - No Further Action","07/31/2026","","","4","0","0","4","Y","0","0","0","0","0","0","0","0","0","0","0","0","0","1","0","0","0","0","0","0","0","0","1","1","0","0","0","0","0","0","0","0","0","0","0","1","0","0","0","0","0","0","0","0","0","0","0","0","0","0","0","0","0","0","0","0","0","0","6167725","13782567"
"D3","61","Pasco","2010","6102391","PAPA JOHN'S #970","7250 GALL BLVD","ZEPHYRHILLS","33541","3701921","1","Food","Routine - Food","Warning Issued","07/21/2026","","","4","1","1","2","Y","0","0","0","0","0","0","0","0","0","0","0","0","0","1","0","0","0","0","0","0","0","0","0","0","0","0","0","0","0","0","0","0","0","0","0","1","0","0","0","0","1","0","0","0","0","0","0","0","0","0","0","0","1","0","0","0","0","0","3788609","13740396"
"D3","61","Pasco","2010","6102535","AYOKI LLC","23042 SR 54","LUTZ","33549","3746245","1","Food","Routine - Food","Warning Issued","07/08/2026","","","10","0","5","5","Y","0","1","0","0","0","0","0","0","0","1","0","0","1","0","0","1","0","0","0","0","0","1","1","0","0","0","0","0","0","0","0","0","0","0","0","2","0","0","0","0","0","0","0","0","0","0","0","0","0","0","0","0","2","0","0","0","0","0","9758304","13784747"
"D3","61","Pasco","2010","6102542","SUBWAY #4080","2406 LAND O LAKES BLVD","LAND O' LAKES","34639","3748371","1","Food","Routine - Food","Inspection Completed - No Further Action","07/14/2026","","","3","0","1","2","Y","0","0","0","0","0","0","0","0","0","0","0","0","1","0","0","0","0","0","0","0","0","0","0","0","0","0","0","0","0","0","0","0","0","0","0","0","0","0","0","0","0","0","0","0","0","0","0","0","0","0","1","0","1","0","0","0","0","0","7076942","13786873"
"D3","61","Pasco","2010","6102558","THE BREAKFAST NOOK","1532 LAND O LAKES BLVD STE A","LUTZ","33549","3710579","1","Food","Routine - Food","Inspection Completed - No Further Action","07/09/2026","","","6","1","2","3","Y","0","1","0","0","0","0","0","1","0","0","0","1","0","0","0","0","0","0","0","0","1","1","0","0","0","0","0","0","0","0","0","0","0","0","0","0","0","0","0","0","1","0","0","0","0","0","0","0","0","0","0","0","0","0","0","0","0","0","3767225","13749072"
"D3","61","Pasco","2010","6102559","SONNYS BBQ 137","5130 LITTLE RD","NEW PORT RICHEY","34655","3719543","1","Food","Routine - Food","Inspection Completed - No Further Action","07/10/2026","","","6","0","0","6","Y","0","0","0","0","0","0","0","0","0","0","0","0","0","0","0","2","0","0","0","0","0","0","1","1","1","0","0","0","0","0","0","0","0","0","0","1","0","0","0","0","0","0","0","0","0","0","0","0","0","0","0","0","0","0","0","0","0","0","8464946","13758036"
"D3","61","Pasco","2010","6102694","THE PEEPLE CO","15525  SHADY HILL RD","SPRINGHILL","34610","3744287","1","Food","Routine - Food","Inspection Completed - No Further Action","07/14/2026","","","1","1","0","0","Y","0","0","0","0","0","0","0","1","0","0","0","0","0","0","0","0","0","0","0","0","0","0","0","0","0","0","0","0","0","0","0","0","0","0","0","0","0","0","0","0","0","0","0","0","0","0","0","0","0","0","0","0","0","0","0","0","0","0","7957575","13782789"
"D3","61","Pasco","2010","6102702","PIZZA CHEF","3438 US HIGHWAY 19","HOLIDAY","34691","3759183","1","Food","Complaint Full","Inspection Completed - No Further Action","07/22/2026","","","5","0","3","2","Y","0","0","0","0","0","0","0","0","0","0","0","0","0","0","0","2","0","0","0","0","0","0","0","0","0","0","1","0","0","0","1","0","0","0","0","1","0","0","0","0","0","0","0","0","0","0","0","0","0","0","0","0","0","0","0","0","0","0","2233313","13852404"
"D3","61","Pasco","2010","6102719","MESA LATINA CUISINE RESTAURANT","5327  GALL BLVD","ZEPHYRHILLS","33542","3732747","1","Food","Routine - Food","Warning Issued","07/28/2026","","","1","1","0","0","Y","0","0","0","0","0","0","0","0","0","0","0","0","0","0","0","0","0","0","0","0","0","1","0","0","0","0","0","0","0","0","0","0","0","0","0","0","0","0","0","0","0","0","0","0","0","0","0","0","0","0","0","0","0","0","0","0","0","0","9374590","13771240"
"D3","61","Pasco","2010","6102753","CHINA WOK","7254 GALL BLVD","ZEPHYRHILLS","33541","3747513","1","Food","Routine - Food","Inspection Completed - No Further Action","07/21/2026","","","2","2","0","0","Y","0","0","0","0","0","0","0","1","0","0","0","0","0","0","0","0","0","0","0","0","0","0","0","0","0","0","0","0","0","0","0","0","0","0","0","0","0","0","0","0","1","0","0","0","0","0","0","0","0","0","0","0","0","0","0","0","0","0","5577973","13786015"
"D3","61","Pasco","2010","6102768","1916 IRISH PUB","27315  SR 54 W","WESLEY CHAPEL ","33544","3746522","1","Food","Routine - Food","Inspection Completed - No Further Action","07/08/2026","","","1","0","0","1","Y","0","0","0","0","0","0","0","0","0","0","0","0","0","0","0","0","0","0","0","0","0","0","0","0","0","0","0","0","0","0","0","0","0","0","0","0","0","1","0","0","0","0","0","0","0","0","0","0","0","0","0","0","0","0","0","0","0","0","9991281","13785024"
"D3","61","Pasco","2010","6102834","EUROTASTE GRILL","2412 LAND O LAKES BLVD #104","LAND O' LAKES","34639","3713196","1","Food","Routine - Food","Inspection Completed - No Further Action","07/31/2026","","","4","0","1","3","Y","0","0","0","0","0","0","0","0","0","0","0","1","0","0","0","0","0","0","0","0","0","1","1","0","0","0","0","0","0","0","0","0","0","0","0","0","0","0","0","1","0","0","0","0","0","0","0","0","0","0","0","0","0","0","0","0","0","0","3919675","13751689"
"D3","61","Pasco","2010","6102844","LOS VALLARTA MEXICAN REST","5335 VILLAGE MARKET","WESLEY CHAPEL","33544","3749394","1","Food","Routine - Food","Inspection Completed - No Further Action","07/22/2026","","","5","0","1","4","Y","0","0","0","0","0","0","0","2","0","0","0","0","0","0","0","0","0","0","0","0","0","1","0","1","0","0","0","0","0","0","0","0","0","0","0","0","0","0","0","1","0","0","0","0","0","0","0","0","0","0","0","0","0","0","0","0","0","0","2233456","13787896"
"D3","61","Pasco","2010","6112860","KING'S WOK","36516 SR 54 W","ZEPHYRHILLS","33541-6938","3714529","1","Food","Routine - Food","Warning Issued","07/22/2026","","","2","0","1","1","Y","0","0","0","0","0","0","0","0","0","0","0","0","0","1","0","0","0","0","0","0","0","0","0","0","0","0","1","0","0","0","0","0","0","0","0","0","0","0","0","0","0","0","0","0","0","0","0","0","0","0","0","0","0","0","0","0","0","0","2480163","13753022"
"D3","61","Pasco","2010","6112860","KING'S WOK","36516 SR 54 W","ZEPHYRHILLS","33541-6938","3714529","2","Food","Routine - Food","Call Back - Complied","07/30/2026","","","1","0","0","1","Y","0","0","0","0","0","0","0","0","0","0","0","0","0","1","0","0","0","0","0","0","0","0","0","0","0","0","0","0","0","0","0","0","0","0","0","0","0","0","0","0","0","0","0","0","0","0","0","0","0","0","0","0","0","0","0","0","0","0","2480163","13856025"
"D3","61","Pasco","2010","6112872","CHILI'S GRILL & BAR","7643 GALL BLVD","ZEPHYRHILLS","33541","3714538","1","Food","Routine - Food","Warning Issued","07/23/2026","","","1","1","0","0","Y","0","0","0","0","0","0","0","0","0","0","0","0","0","0","0","0","0","0","0","0","0","0","0","0","0","0","0","0","0","0","0","0","0","0","1","0","0","0","0","0","0","0","0","0","0","0","0","0","0","0","0","0","0","0","0","0","0","0","2505085","13753031"
"D3","61","Pasco","2010","6112872","CHILI'S GRILL & BAR","7643 GALL BLVD","ZEPHYRHILLS","33541","3714538","2","Food","Routine - Food","Call Back - Complied","07/30/2026","","","0","0","0","0","Y","0","0","0","0","0","0","0","0","0","0","0","0","0","0","0","0","0","0","0","0","0","0","0","0","0","0","0","0","0","0","0","0","0","0","0","0","0","0","0","0","0","0","0","0","0","0","0","0","0","0","0","0","0","0","0","0","0","0","2505085","13857424"
"D3","61","Pasco","2010","6112875","QUALITY INN","6815 GALL BLVD","ZEPHYRHILLS","33542","3755769","1","Food","Complaint Full","Inspection Completed - No Further Action","07/08/2026","","","3","0","3","0","Y","0","0","0","0","1","0","0","0","0","0","0","0","0","0","0","1","0","0","0","0","0","0","0","0","0","0","0","0","0","0","1","0","0","0","0","0","0","0","0","0","0","0","0","0","0","0","0","0","0","0","0","0","0","0","0","0","0","0","7348877","13821111"
"D3","61","Pasco","2010","6112897","CHILI'S GRILL AND BAR","22629 SR 54","LAND O' LAKES","34639","3760516","1","Food","Complaint Full","Inspection Completed - No Further Action","07/23/2026","","","2","1","0","1","Y","0","0","0","0","0","0","0","0","0","0","0","1","1","0","0","0","0","0","0","0","0","0","0","0","0","0","0","0","0","0","0","0","0","0","0","0","0","0","0","0","0","0","0","0","0","0","0","0","0","0","0","0","0","0","0","0","0","0","2553539","13856979"
"D3","61","Pasco","2010","6112901","CHINA WOK AT VILLAGE MARKET","5313 VILLAGE MARKET DR","WESLEY CHAPEL","33544","3702641","1","Food","Routine - Food","Inspection Completed - No Further Action","07/31/2026","","","1","0","0","1","Y","0","0","0","0","0","0","0","0","0","0","0","0","0","0","0","0","0","0","0","0","0","0","0","0","1","0","0","0","0","0","0","0","0","0","0","0","0","0","0","0","0","0","0","0","0","0","0","0","0","0","0","0","0","0","0","0","0","0","2574407","13741116"
"D3","61","Pasco","2010","6112917","CHINA WOK LIAN INC","2143 COLLOER PKWY","LAND O' LAKES","34639","3737659","1","Food","Routine - Food","Inspection Completed - No Further Action","07/30/2026","","","7","0","4","3","Y","0","1","0","0","0","0","0","0","0","0","0","0","1","0","0","0","0","0","0","0","0","2","1","0","0","0","0","0","0","0","2","0","0","0","0","0","0","0","0","0","0","0","0","0","0","0","0","0","0","0","0","0","0","0","0","0","0","0","7598871","13776152"
"D3","61","Pasco","2010","6112946","AMICI PIZZA II","5328 LITTLE RD","NEW PORT RICHEY","34655","3740529","1","Food","Routine - Food","Inspection Completed - No Further Action","07/10/2026","","","8","2","2","4","Y","0","0","1","0","0","0","0","0","0","0","0","1","1","1","0","0","0","0","0","0","0","1","0","0","0","0","0","0","0","0","0","0","0","0","0","0","0","0","0","1","1","0","0","0","0","0","0","0","0","0","0","0","1","0","0","0","0","0","3178038","13779031"
"D3","61","Pasco","2010","6112953","WENDY'S PROPERTIES LLC","32725 EILAND BLVD","ZEPHYRHILLS","33545","3723195","1","Food","Routine - Food","Warning Issued","07/24/2026","","","4","2","0","2","Y","0","0","0","0","0","0","0","0","0","0","0","0","0","1","0","0","0","0","0","0","0","1","0","0","0","0","0","0","0","0","0","0","0","0","1","0","0","1","0","0","0","0","0","0","0","0","0","0","0","0","0","0","0","0","0","0","0","0","6388233","13761688"
"D3","61","Pasco","2010","6112953","WENDY'S PROPERTIES LLC","32725 EILAND BLVD","ZEPHYRHILLS","33545","3723195","2","Food","Routine - Food","Call Back - Complied","07/27/2026","","","0","0","0","0","Y","0","0","0","0","0","0","0","0","0","0","0","0","0","0","0","0","0","0","0","0","0","0","0","0","0","0","0","0","0","0","0","0","0","0","0","0","0","0","0","0","0","0","0","0","0","0","0","0","0","0","0","0","0","0","0","0","0","0","6388233","13858365"
"D3","61","Pasco","2010","6112988","BUFFALO WILD WINGS GRILL AND BAR","10936 SR 54","NEW PORT RICHEY","34655","3711374","1","Food","Routine - Food","Inspection Completed - No Further Action","07/23/2026","","","6","1","1","4","Y","0","0","0","0","0","0","0","0","0","0","0","0","1","1","0","1","0","0","0","0","1","0","0","1","0","0","0","0","0","0","0","0","0","0","0","0","0","0","0","0","1","0","0","0","0","0","0","0","0","0","0","0","0","0","0","0","0","0","7583539","13749867"
"D3","61","Pasco","2010","6113014","BEEF O BRADYS - ZEPHYRHILLS","7833 GALL BLVD","ZEPHYRHILLS ","33541","3705241","1","Food","Routine - Food","Warning Issued","07/16/2026","","","2","1","0","1","Y","0","0","0","0","0","0","0","0","0","0","0","0","0","0","0","0","0","0","0","0","0","2","0","0","0","0","0","0","0","0","0","0","0","0","0","0","0","0","0","0","0","0","0","0","0","0","0","0","0","0","0","0","0","0","0","0","0","0","8528352","13743722"
"D3","61","Pasco","2010","6113014","BEEF O BRADYS - ZEPHYRHILLS","7833 GALL BLVD","ZEPHYRHILLS ","33541","3705241","2","Food","Routine - Food","Call Back - Complied","07/30/2026","","","1","0","0","1","Y","0","0","0","0","0","0","0","0","0","0","0","0","0","0","0","0","0","0","0","0","0","1","0","0","0","0","0","0","0","0","0","0","0","0","0","0","0","0","0","0","0","0","0","0","0","0","0","0","0","0","0","0","0","0","0","0","0","0","8528352","13850021"
"D3","61","Pasco","2010","6113037","IHOP 36-207","10740 STATE ROAD 54","NEW PORT RICHEY","34655","3756199","1","Food","Complaint Full","Inspection Completed - No Further Action","07/15/2026","","","7","1","2","4","Y","0","1","0","0","0","0","0","0","0","0","0","1","0","0","0","0","0","0","0","0","0","1","1","1","0","0","0","0","0","0","1","0","0","0","0","1","0","0","0","0","0","0","0","0","0","0","0","0","0","0","0","0","0","0","0","0","0","0","4103563","13844890"
"D3","61","Pasco","2010","6113042","TIJUANA FLATS BURRITO CO","27709 SR 56 #101","WESLEY CHAPEL","33543","3754775","1","Food","Routine - Food","Administrative complaint recommended","07/14/2026","","","2","1","0","1","Y","0","0","0","0","0","0","0","0","0","0","0","1","0","0","0","0","0","0","0","0","0","0","0","0","0","0","0","0","0","0","0","0","0","0","0","0","0","0","0","0","0","0","0","0","0","0","0","0","0","1","0","0","0","0","0","0","0","0","4440198","13793277"
"D3","61","Pasco","2010","6113057","SENOR TEQUILA MEXICAN GRILL","1640 BRUCE B DOWNS BLVD","WESLEY CHAPEL","33544","3717458","1","Food","Routine - Food","Inspection Completed - No Further Action","07/24/2026","","","3","0","0","3","Y","0","0","0","0","0","0","0","0","0","0","0","0","0","1","0","0","0","0","0","0","0","0","0","1","0","0","0","0","0","0","0","0","0","0","0","1","0","0","0","0","0","0","0","0","0","0","0","0","0","0","0","0","0","0","0","0","0","0","7944356","13755951"
"D3","61","Pasco","2010","6113062","FIRST WATCH RESTAURANT #85","1648 BRUCE B DOWNS","WESLEY CHAPEL","33543","3708246","1","Food","Routine - Food","Inspection Completed - No Further Action","07/29/2026","","","2","2","0","0","Y","0","0","0","0","0","0","0","0","0","0","0","0","0","0","0","0","0","0","0","0","0","0","0","0","0","0","0","0","0","0","0","0","0","0","1","0","0","0","0","0","1","0","0","0","0","0","0","0","0","0","0","0","0","0","0","0","0","0","3365493","13746738"
"D3","61","Pasco","2010","6113070","SUBWAY RESTAURANT","8925 SR 52","HUDSON","34667","3740719","1","Food","Routine - Food","Inspection Completed - No Further Action","07/17/2026","","","4","0","1","3","Y","0","0","0","0","0","0","0","0","0","0","0","0","0","0","0","0","0","0","0","0","0","1","1","0","0","0","0","0","0","0","1","0","0","0","0","1","0","0","0","0","0","0","0","0","0","0","0","0","0","0","0","0","0","0","0","0","0","0","4038861","13779221"
"D3","61","Pasco","2010","6113101","JOHNNY BRUSCOS PIZZA","10730 STATE ROAD 54 STE 101","NEW PORT RICHEY","34655","3690182","2","Food","Routine - Food","Call Back - Complied","07/23/2026","","","0","0","0","0","Y","0","0","0","0","0","0","0","0","0","0","0","0","0","0","0","0","0","0","0","0","0","0","0","0","0","0","0","0","0","0","0","0","0","0","0","0","0","0","0","0","0","0","0","0","0","0","0","0","0","0","0","0","0","0","0","0","0","0","6093445","13700216"
"D3","61","Pasco","2010","6113108","CRACKER BARREL #626","5341 US HWY 19","NEW PORT RICHEY","34652","3755810","1","Food","Complaint Full","Warning Issued","07/07/2026","","","4","1","1","2","Y","0","0","1","0","0","0","0","0","0","0","0","0","0","0","0","0","0","0","0","0","0","2","0","0","0","0","0","0","0","0","0","0","0","0","0","1","0","0","0","0","0","0","0","0","0","0","0","0","0","0","0","0","0","0","0","0","0","0","3503561","13821283"
"D3","61","Pasco","2010","6113108","CRACKER BARREL #626","5341 US HWY 19","NEW PORT RICHEY","34652","3755810","2","Food","Complaint Full","Call Back - Complied","07/09/2026","","","0","0","0","0","Y","0","0","0","0","0","0","0","0","0","0","0","0","0","0","0","0","0","0","0","0","0","0","0","0","0","0","0","0","0","0","0","0","0","0","0","0","0","0","0","0","0","0","0","0","0","0","0","0","0","0","0","0","0","0","0","0","0","0","3503561","13821467"
"D3","61","Pasco","2010","6113152","HAMPTON INN","13215 US HWY 301","DADE CITY","33525","3711365","1","Food","Routine - Food","Warning Issued","07/30/2026","","","2","0","2","0","Y","0","0","0","0","0","0","0","1","0","0","0","0","0","0","0","0","0","0","0","0","0","0","0","0","0","0","0","0","0","0","0","0","0","0","0","0","0","0","0","0","0","0","0","0","0","0","0","0","0","0","0","0","1","0","0","0","0","0","8309540","13749858"
"D3","61","Pasco","2010","6113158","CAPRI PIZZA & MORE","7825 GALL BLVD","ZEPHYRHILLS","33541","3711649","1","Food","Routine - Food","Inspection Completed - No Further Action","07/30/2026","","","3","1","1","1","Y","1","1","0","0","0","0","0","1","0","0","0","0","0","0","0","0","0","0","0","0","0","0","0","0","0","0","0","0","0","0","0","0","0","0","0","0","0","0","0","0","0","0","0","0","0","0","0","0","0","0","0","0","0","0","0","0","0","0","3687429","13750142"
"D3","61","Pasco","2010","6113176","365 CAFE","28210 PASEO DR #100","WESLEY CHAPEL","33543","3754477","1","Food","Routine - Food","Warning Issued","07/17/2026","","","4","1","2","1","Y","0","0","0","0","0","0","0","0","0","0","0","0","0","0","0","0","0","0","0","0","0","0","0","0","0","0","0","0","1","0","1","0","0","0","0","0","0","0","0","0","0","0","0","0","0","0","0","0","0","1","0","0","1","0","0","0","0","0","6416328","13792979"
"D3","61","Pasco","2010","6113176","365 CAFE","28210 PASEO DR #100","WESLEY CHAPEL","33543","3754477","2","Food","Routine - Food","Call Back - Extension given, pending","07/27/2026","","","1","0","1","0","Y","0","0","0","0","0","0","0","0","0","0","0","0","0","0","0","0","0","0","0","0","0","0","0","0","0","0","0","0","0","0","0","0","0","0","0","0","0","0","0","0","0","0","0","0","0","0","0","0","0","0","0","0","1","0","0","0","0","0","6416328","13851135"
"D3","61","Pasco","2010","6113229","PIZZA MANIA","1734 BRUCE B DOWNS BLVD","WESLEY CHAPEL","33543","3716935","1","Food","Routine - Food","Inspection Completed - No Further Action","07/29/2026","","","0","0","0","0","Y","0","0","0","0","0","0","0","0","0","0","0","0","0","0","0","0","0","0","0","0","0","0","0","0","0","0","0","0","0","0","0","0","0","0","0","0","0","0","0","0","0","0","0","0","0","0","0","0","0","0","0","0","0","0","0","0","0","0","3950659","13755428"
"D3","61","Pasco","2010","6113240","CHINA STAR","7940 GALL BLVD","ZEPHYRHILLS","33541","3703440","1","Food","Routine - Food","Inspection Completed - No Further Action","07/23/2026","","","3","2","0","1","Y","0","0","0","0","0","0","0","1","0","1","0","0","0","1","0","0","0","0","0","0","0","0","0","0","0","0","0","0","0","0","0","0","0","0","0","0","0","0","0","0","0","0","0","0","0","0","0","0","0","0","0","0","0","0","0","0","0","0","7205871","13741915"
"D3","61","Pasco","2010","6113274","DICKEYS BARBECUE PIT","2653 BRUCE B DOWNS BLVD STE101","WESLEY CHAPEL","33544","3731202","1","Food","Routine - Food","Inspection Completed - No Further Action","07/10/2026","","","1","0","0","1","Y","0","0","0","0","0","0","0","1","0","0","0","0","0","0","0","0","0","0","0","0","0","0","0","0","0","0","0","0","0","0","0","0","0","0","0","0","0","0","0","0","0","0","0","0","0","0","0","0","0","0","0","0","0","0","0","0","0","0","8556327","13769695"
"D3","61","Pasco","2010","6113285","ASIAN BUFFET","1742 BRUCE B DOWNS BLVD","WESLEY CHAPEL","33543","3725717","1","Food","Routine - Food","Inspection Completed - No Further Action","07/29/2026","","","2","0","0","2","Y","0","1","0","0","0","0","0","1","0","0","0","0","0","0","0","0","0","0","0","0","0","0","0","0","0","0","0","0","0","0","0","0","0","0","0","0","0","0","0","0","0","0","0","0","0","0","0","0","0","0","0","0","0","0","0","0","0","0","8921317","13764210"
"D3","61","Pasco","2010","6113300","900 DEGREES WOOD FIRED PIZZA","28152 PASEO DR STE 195","WESLEY CHAPEL","33543","3734500","1","Food","Routine - Food","Inspection Completed - No Further Action","07/29/2026","","","1","0","0","1","Y","0","0","0","0","0","0","0","0","0","0","0","0","0","0","0","0","0","0","0","0","0","0","0","0","1","0","0","0","0","0","0","0","0","0","0","0","0","0","0","0","0","0","0","0","0","0","0","0","0","0","0","0","0","0","0","0","0","0","4273436","13772993"
"D3","61","Pasco","2010","6113356","MCDONALD'S","34367 SR 54","WESLEY CHAPEL","33545","3699842","1","Food","Complaint Full","Administrative complaint recommended","07/08/2026","","","4","1","0","3","Y","0","0","0","0","0","0","0","0","0","0","0","0","0","0","0","1","0","0","0","0","0","0","0","0","1","0","0","0","0","0","0","0","0","0","1","1","0","0","0","0","0","0","0","0","0","0","0","0","0","0","0","0","0","0","0","0","0","0","8619865","13713306"
"D3","61","Pasco","2010","6113356","MCDONALD'S","34367 SR 54","WESLEY CHAPEL","33545","3699842","2","Food","Complaint Full","Call Back - Complied","07/09/2026","","","1","0","0","1","Y","0","0","0","0","0","0","0","0","0","0","0","0","0","0","0","1","0","0","0","0","0","0","0","0","0","0","0","0","0","0","0","0","0","0","0","0","0","0","0","0","0","0","0","0","0","0","0","0","0","0","0","0","0","0","0","0","0","0","8619865","13841418"
"D3","61","Pasco","2010","6113367","NATALIE'S RESTAURANT","8226 SR 52","HUDSON","34667","3724112","1","Food","Routine - Food","Inspection Completed - No Further Action","07/15/2026","","","1","1","0","0","Y","1","0","0","0","0","0","0","0","0","0","0","0","0","0","0","0","0","0","0","0","0","0","0","0","0","0","0","0","0","0","0","0","0","0","0","0","0","0","0","0","0","0","0","0","0","0","0","0","0","0","0","0","0","0","0","0","0","0","8141800","13762605"
"D3","61","Pasco","2010","6113374","FIREHOUSE SUBS #51","1824 BRUCE B DOWNS BLVD","WESLEY CHAPEL","33543","3731266","1","Food","Routine - Food","Inspection Completed - No Further Action","07/24/2026","","","1","1","0","0","Y","0","0","0","0","0","0","0","0","0","0","0","0","0","0","0","0","0","0","0","0","0","0","0","0","0","0","0","0","1","0","0","0","0","0","0","0","0","0","0","0","0","0","0","0","0","0","0","0","0","0","0","0","0","0","0","0","0","0","5425022","13769759"
"D3","61","Pasco","2010","6113377","HIBACHI EXPRESS WESLEY CHAPEL INC","5315 VILLAGE MARKET","WESLEY CHAPEL","33544","3722473","1","Food","Routine - Food","Inspection Completed - No Further Action","07/31/2026","","","3","1","0","2","Y","0","0","0","0","0","0","0","0","0","0","0","0","0","1","0","0","0","0","0","0","0","0","0","0","1","0","0","0","0","0","0","0","0","0","0","0","0","0","0","0","1","0","0","0","0","0","0","0","0","0","0","0","0","0","0","0","0","0","7008258","13760966"
"D3","61","Pasco","2010","6113379","MAMA B'S PIZZERIA","27607 STATE RD 56 STE 105","WESLEY CHAPEL","33544","3737655","1","Food","Routine - Food","Inspection Completed - No Further Action","07/09/2026","","","0","0","0","0","Y","0","0","0","0","0","0","0","0","0","0","0","0","0","0","0","0","0","0","0","0","0","0","0","0","0","0","0","0","0","0","0","0","0","0","0","0","0","0","0","0","0","0","0","0","0","0","0","0","0","0","0","0","0","0","0","0","0","0","8679119","13776148"
"D3","61","Pasco","2010","6113405","PANERA BREAD #1693","7242 GALL BLVD","ZEPHYRHILLS","33541","3715224","1","Food","Routine - Food","Inspection Completed - No Further Action","07/23/2026","","","0","0","0","0","Y","0","0","0","0","0","0","0","0","0","0","0","0","0","0","0","0","0","0","0","0","0","0","0","0","0","0","0","0","0","0","0","0","0","0","0","0","0","0","0","0","0","0","0","0","0","0","0","0","0","0","0","0","0","0","0","0","0","0","5472851","13753717"
"D3","61","Pasco","2010","6113428","CHILI'S GRILL & BAR","28444 SR 54","WESLEY CHAPEL","33543","3723693","1","Food","Routine - Food","Inspection Completed - No Further Action","07/30/2026","","","0","0","0","0","Y","0","0","0","0","0","0","0","0","0","0","0","0","0","0","0","0","0","0","0","0","0","0","0","0","0","0","0","0","0","0","0","0","0","0","0","0","0","0","0","0","0","0","0","0","0","0","0","0","0","0","0","0","0","0","0","0","0","0","5842306","13762186"
"D3","61","Pasco","2010","6113437","JOEY'S II NEW YORK PIZZERIA & ITALIAN RESTAURANT","5205 US 19 N","NEW PORT RICHEY","34652","3741335","1","Food","Routine - Food","Inspection Completed - No Further Action","07/29/2026","","","9","2","0","7","Y","0","0","1","0","0","0","0","0","0","0","0","2","1","1","0","0","0","0","0","0","0","1","1","1","0","0","0","0","0","0","0","0","0","0","0","1","0","0","0","0","0","0","0","0","0","0","0","0","0","0","0","0","0","0","0","0","0","0","5840578","13779837"
"D3","61","Pasco","2010","6113443","PINCHERS CRAB SHACK","28330 PASEO DR STE 185","WESLEY CHAPEL","33543","3761025","1","Food","Complaint Full","Inspection Completed - No Further Action","07/27/2026","","","2","0","1","1","Y","0","0","0","0","0","0","0","0","0","0","0","0","0","0","0","0","0","0","0","0","0","0","0","1","0","0","0","0","0","0","1","0","0","0","0","0","0","0","0","0","0","0","0","0","0","0","0","0","0","0","0","0","0","0","0","0","0","0","5783713","13858482"
"D3","61","Pasco","2010","6113451","POPEYES LOUISIANA KITCHEN OPERATED BY TICE","8968 STATE RD 52","HUDSON","34667","3745208","1","Food","Routine - Food","Inspection Completed - No Further Action","07/15/2026","","","11","1","1","9","Y","0","0","0","0","1","0","0","0","0","0","0","0","0","0","0","0","0","0","0","0","1","0","2","0","0","0","0","0","1","0","0","1","1","0","2","1","0","0","0","0","0","0","0","0","0","0","0","0","0","1","0","0","0","0","0","0","0","0","9165780","13783710"
"D3","61","Pasco","2010","6113459","HANGRY JOE'S HOT CHICKEN","5347 GALL BLVD","ZEPHYRHILLS","33542","3712768","1","Food","Routine - Food","Warning Issued","07/28/2026","","","7","4","0","3","Y","1","0","1","0","0","0","0","0","0","0","0","0","0","2","0","0","0","0","0","0","0","0","0","0","0","0","0","0","0","0","0","0","0","0","1","1","0","0","0","0","1","0","0","0","0","0","0","0","0","0","0","0","0","0","0","0","0","0","8901503","13751261"
"D3","61","Pasco","2010","6113472","LITTLE GREEK","7810 LAND O LAKES BLVD","LAND O LAKES","34638","3724450","1","Food","Routine - Food","Warning Issued","07/16/2026","","","4","0","4","0","Y","0","0","0","0","0","0","0","0","0","0","0","0","0","0","0","0","0","0","0","0","0","1","0","0","0","0","0","0","0","0","1","0","0","0","0","0","0","0","0","0","0","0","0","0","0","0","0","0","0","0","0","0","2","0","0","0","0","0","8206867","13762943"
"D3","61","Pasco","2010","6113481","BUFFALO WILD WINGS","26725 SR 56","WESLEY CHAPEL","33544","3710827","1","Food","Routine - Food","Inspection Completed - No Further Action","07/27/2026","","","1","0","0","1","Y","0","0","0","0","0","0","0","1","0","0","0","0","0","0","0","0","0","0","0","0","0","0","0","0","0","0","0","0","0","0","0","0","0","0","0","0","0","0","0","0","0","0","0","0","0","0","0","0","0","0","0","0","0","0","0","0","0","0","7583930","13749320"
"D3","61","Pasco","2010","6113519","JERSEY MIKES SUBS","2081 COLLIER PKWY","LAND O' LAKES","34639","3704312","1","Food","Routine - Food","Inspection Completed - No Further Action","07/10/2026","","","2","0","0","2","Y","0","0","0","0","0","0","0","0","0","0","0","0","0","0","0","0","0","0","0","0","0","1","0","0","0","0","0","0","0","0","0","0","0","0","0","0","0","0","0","1","0","0","0","0","0","0","0","0","0","0","0","0","0","0","0","0","0","0","6256557","13742789"
"D3","61","Pasco","2010","6113527","CHEDDAR'S CASUAL CAFE","2391 SUN VISTA DR","LUTZ","33559","3761470","1","Food","Complaint Full","Warning Issued","07/28/2026","","","4","3","1","0","Y","1","1","1","0","0","0","0","0","0","0","0","0","0","0","0","0","0","0","0","0","0","1","0","0","0","0","0","0","0","0","0","0","0","0","0","0","0","0","0","0","0","0","0","0","0","0","0","0","0","0","0","0","0","0","0","0","0","0","6816469","13860359"
"D3","61","Pasco","2010","6113527","CHEDDAR'S CASUAL CAFE","2391 SUN VISTA DR","LUTZ","33559","3761470","2","Food","Complaint Full","Call Back - Complied","07/29/2026","","","0","0","0","0","Y","0","0","0","0","0","0","0","0","0","0","0","0","0","0","0","0","0","0","0","0","0","0","0","0","0","0","0","0","0","0","0","0","0","0","0","0","0","0","0","0","0","0","0","0","0","0","0","0","0","0","0","0","0","0","0","0","0","0","6816469","13862482"
"D3","61","Pasco","2010","6113551","MARCOS PIZZA","7808 LAND O'LAKES BLVD","LAND O'LAKES","34638","3716331","1","Food","Routine - Food","Inspection Completed - No Further Action","07/16/2026","","","5","0","0","5","Y","0","0","0","0","0","0","0","0","0","0","0","0","1","0","0","0","0","0","0","0","0","0","1","0","0","0","0","0","0","0","0","0","0","0","0","1","0","0","0","0","0","1","0","0","0","0","0","0","0","1","0","0","0","0","0","0","0","0","7276745","13754824"
"D3","61","Pasco","2010","6113574","PANDA EXPRESS #2630","2468 SUN VISTA DR","WESLEY CHAPEL","33559","3704938","1","Food","Routine - Food","Warning Issued","07/10/2026","","","5","1","0","4","Y","0","0","1","0","0","0","0","0","0","0","0","0","0","1","0","0","0","0","0","0","0","2","1","0","0","0","0","0","0","0","0","0","0","0","0","0","0","0","0","0","0","0","0","0","0","0","0","0","0","0","0","0","0","0","0","0","0","0","6441732","13743417"
"D3","61","Pasco","2010","6113574","PANDA EXPRESS #2630","2468 SUN VISTA DR","WESLEY CHAPEL","33559","3704938","2","Food","Routine - Food","Call Back - Complied","07/14/2026","","","3","0","0","3","Y","0","0","0","0","0","0","0","0","0","0","0","0","0","1","0","0","0","0","0","0","0","1","1","0","0","0","0","0","0","0","0","0","0","0","0","0","0","0","0","0","0","0","0","0","0","0","0","0","0","0","0","0","0","0","0","0","0","0","6441732","13843270"
"D3","61","Pasco","2010","6113579","DUNKIN DONUTS","7044 LAND O LAKES BLVD","LAND O' LAKES","34638","3741681","1","Food","Routine - Food","Inspection Completed - No Further Action","07/22/2026","","","3","0","1","2","Y","0","0","0","0","0","0","0","0","0","0","0","1","1","0","0","0","0","0","0","0","0","0","0","0","0","0","0","0","0","0","0","0","0","0","0","0","0","0","0","0","0","0","0","0","0","0","0","0","0","0","0","0","1","0","0","0","0","0","6697535","13780183"
"D3","61","Pasco","2010","6113585","NOBLE CRUST","28330 PASEO DR UNIT 190","WESLEY CHAPEL","33543-5412","3718657","1","Food","Routine - Food","Inspection Completed - No Further Action","07/17/2026","","","1","0","0","1","Y","0","0","0","0","0","0","0","0","0","0","0","0","0","0","0","0","0","0","0","0","0","0","0","1","0","0","0","0","0","0","0","0","0","0","0","0","0","0","0","0","0","0","0","0","0","0","0","0","0","0","0","0","0","0","0","0","0","0","6634061","13757150"
"D3","61","Pasco","2010","6113585","NOBLE CRUST","28330 PASEO DR UNIT 190","WESLEY CHAPEL","33543-5412","3760999","1","Food","Complaint Partial","Inspection Completed - No Further Action","07/28/2026","","","0","0","0","0","Y","0","0","0","0","0","0","0","0","0","0","0","0","0","0","0","0","0","0","0","0","0","0","0","0","0","0","0","0","0","0","0","0","0","0","0","0","0","0","0","0","0","0","0","0","0","0","0","0","0","0","0","0","0","0","0","0","0","0","6634061","13858267"
"D3","61","Pasco","2010","6113619","OLIVIA'S SUBS & PIZZA","2318 SEVEN SPRINGS BLVD","NEW PORT RICHEY","34655","3697953","2","Food","Complaint Full","Call Back - Complied","07/28/2026","","","1","0","1","0","Y","0","0","0","0","0","0","0","0","0","0","0","0","0","0","0","0","0","0","0","0","0","1","0","0","0","0","0","0","0","0","0","0","0","0","0","0","0","0","0","0","0","0","0","0","0","0","0","0","0","0","0","0","0","0","0","0","0","0","7043355","13703920"
"D3","61","Pasco","2010","6113630","HIBACHI EXPRESS","7306 GALL BLVD","ZEPHYRHILLS","33541","3716865","1","Food","Routine - Food","Administrative complaint recommended","07/15/2026","","","7","4","0","3","Y","1","0","2","0","0","0","0","1","0","0","0","0","0","0","0","0","0","0","0","0","0","1","0","0","0","0","0","0","0","0","0","0","0","0","2","0","0","0","0","0","0","0","0","0","0","1","0","0","0","0","0","0","0","0","0","0","0","0","7062668","13755358"
"D3","61","Pasco","2010","6113630","HIBACHI EXPRESS","7306 GALL BLVD","ZEPHYRHILLS","33541","3716865","2","Food","Routine - Food","Call Back - Complied","07/21/2026","","","0","0","0","0","Y","0","0","0","0","0","0","0","0","0","0","0","0","0","0","0","0","0","0","0","0","0","0","0","0","0","0","0","0","0","0","0","0","0","0","0","0","0","0","0","0","0","0","0","0","0","1","0","0","0","0","0","0","0","0","0","0","0","0","7062668","13848578"
"D3","61","Pasco","2010","6113633","SLICE OF THE HILLZ","5317 GALL BLVD","ZEPHYRHILLS","33542","3706684","1","Food","Routine - Food","Inspection Completed - No Further Action","07/28/2026","","","0","0","0","0","Y","0","0","0","0","0","0","0","0","0","0","0","0","0","0","0","0","0","0","0","0","0","0","0","0","0","0","0","0","0","0","0","0","0","0","0","0","0","0","0","0","0","0","0","0","0","0","0","0","0","0","0","0","0","0","0","0","0","0","9392925","13745171"
"D3","61","Pasco","2010","6113648","CULVERS OF WIREGRASS","28831 ST RD 56","WESLEY CHAPEL","33543","3742242","1","Food","Routine - Food","Inspection Completed - No Further Action","07/23/2026","","","0","0","0","0","Y","0","0","0","0","0","0","0","0","0","0","0","0","0","0","0","0","0","0","0","0","0","0","0","0","0","0","0","0","0","0","0","0","0","0","0","0","0","0","0","0","0","0","0","0","0","0","0","0","0","0","0","0","0","0","0","0","0","0","6958148","13780744"
"D3","61","Pasco","2010","6113659","TWISTEE TREAT","5258 VILLAGE MARKET","WESLEY CHAPEL","33544","3716351","1","Food","Routine - Food","Inspection Completed - No Further Action","07/31/2026","","","2","0","0","2","Y","0","0","0","0","0","0","0","0","0","1","0","0","0","0","0","0","0","0","0","0","0","0","0","0","1","0","0","0","0","0","0","0","0","0","0","0","0","0","0","0","0","0","0","0","0","0","0","0","0","0","0","0","0","0","0","0","0","0","7230475","13754844"
"D3","61","Pasco","2010","6113674","PLAZA MEXICO RESTAURANT BAR & GRILL","38361 COUNTY RD 54 E","ZEPHYRHILLS","33542","3704968","1","Food","Routine - Food","Warning Issued","07/15/2026","","","5","3","0","2","Y","0","0","1","0","0","0","0","2","0","0","0","0","0","0","0","0","0","0","0","0","0","0","0","0","0","0","0","0","1","0","0","0","0","0","0","1","0","0","0","0","0","0","0","0","0","0","0","0","0","0","0","0","0","0","0","0","0","0","7244942","13743447"
"D3","61","Pasco","2010","6113674","PLAZA MEXICO RESTAURANT BAR & GRILL","38361 COUNTY RD 54 E","ZEPHYRHILLS","33542","3704968","2","Food","Routine - Food","Call Back - Complied","07/22/2026","","","1","0","0","1","Y","0","0","0","0","0","0","0","0","0","0","0","0","0","0","0","0","0","0","0","0","0","0","0","0","0","0","0","0","0","0","0","0","0","0","0","1","0","0","0","0","0","0","0","0","0","0","0","0","0","0","0","0","0","0","0","0","0","0","7244942","13848577"
"D3","61","Pasco","2010","6113676","BREAKFAST STATION 14 LLC","21519 VILLAGE LAKES SHOPPING CENTER","LAND O' LAKES","34639","3736394","1","Food","Routine - Food","Warning Issued","07/28/2026","","","6","3","1","2","Y","1","0","1","0","0","0","0","1","0","0","0","0","1","1","0","0","0","0","0","0","0","0","0","0","0","0","0","0","0","0","0","0","0","0","0","0","0","0","0","1","0","0","0","0","0","0","0","0","0","0","0","0","0","0","0","0","0","0","7341342","13774887"
"D3","61","Pasco","2010","6113676","BREAKFAST STATION 14 LLC","21519 VILLAGE LAKES SHOPPING CENTER","LAND O' LAKES","34639","3736394","2","Food","Routine - Food","Call Back - Admin. complaint recommended","07/30/2026","","","2","2","0","0","Y","1","0","1","0","0","0","0","0","0","0","0","0","0","0","0","0","0","0","0","0","0","0","0","0","0","0","0","0","0","0","0","0","0","0","0","0","0","0","0","0","0","0","0","0","0","0","0","0","0","0","0","0","0","0","0","0","0","0","7341342","13861579"
"D3","61","Pasco","2010","6113676","BREAKFAST STATION 14 LLC","21519 VILLAGE LAKES SHOPPING CENTER","LAND O' LAKES","34639","3736394","3","Food","Routine - Food","Call Back - Complied","07/31/2026","","","0","0","0","0","Y","0","0","0","0","0","0","0","0","0","0","0","0","0","0","0","0","0","0","0","0","0","0","0","0","0","0","0","0","0","0","0","0","0","0","0","0","0","0","0","0","0","0","0","0","0","0","0","0","0","0","0","0","0","0","0","0","0","0","7341342","13865194"
"D3","61","Pasco","2010","6113681","CHIPOTLE MEXICAN GRILL OF COLORADO LLC","3286 WORD WAY STE G1","NEW PORT RICHEY","34655","3743075","1","Food","Routine - Food","Inspection Completed - No Further Action","07/29/2026","","","2","0","1","1","Y","0","0","0","0","0","0","0","0","0","0","0","0","0","0","0","1","0","0","0","0","0","1","0","0","0","0","0","0","0","0","0","0","0","0","0","0","0","0","0","0","0","0","0","0","0","0","0","0","0","0","0","0","0","0","0","0","0","0","7199870","13781577"
"D3","61","Pasco","2010","6113687","NIKOS NEW YORK DINER","13824 US HWY 19","HUDSON","34667","3755721","1","Food","Complaint Full","Inspection Completed - No Further Action","07/07/2026","","","7","1","2","4","Y","1","0","0","0","0","0","0","0","0","0","0","0","0","0","0","0","0","0","0","0","0","0","1","0","0","0","0","0","0","0","1","0","1","0","0","2","0","0","0","0","1","0","0","0","0","0","0","0","0","0","0","0","0","0","0","0","0","0","9699506","13821013"
"D3","61","Pasco","2010","6113696","CHECKERS DRIVE-IN","5505 GALL BLVD","ZEPHYRHILLS","33542","3703730","1","Food","Routine - Food","Inspection Completed - No Further Action","07/28/2026","","","1","0","1","0","Y","0","0","0","0","0","0","0","0","0","0","0","0","0","0","0","0","0","0","0","0","0","0","0","0","0","0","0","0","0","0","1","0","0","0","0","0","0","0","0","0","0","0","0","0","0","0","0","0","0","0","0","0","0","0","0","0","0","0","7424284","13742205"
"D3","61","Pasco","2010","6113705","DOMINOS","8730 SR 52","HUDSON","34667","3717101","1","Food","Routine - Food","Inspection Completed - No Further Action","07/10/2026","","","4","2","1","1","Y","0","0","0","0","0","0","0","0","0","0","0","1","0","0","0","0","0","0","0","0","0","0","0","0","0","0","0","0","0","0","0","0","0","0","0","0","0","0","0","0","2","1","0","0","0","0","0","0","0","0","0","0","0","0","0","0","0","0","7926976","13755594"
"D3","61","Pasco","2010","6113711","DUMMY CRABBY","5325 VILLAGE MARKET","WESLEY CHAPEL","33544","3725521","1","Food","Routine - Food","Inspection Completed - No Further Action","07/31/2026","","","1","0","0","1","Y","0","0","0","0","0","0","0","0","0","0","0","0","0","1","0","0","0","0","0","0","0","0","0","0","0","0","0","0","0","0","0","0","0","0","0","0","0","0","0","0","0","0","0","0","0","0","0","0","0","0","0","0","0","0","0","0","0","0","9189325","13764014"
"D3","61","Pasco","2010","6113712","DUNKIN DONUTS","28343 STATE ROAD 54","WESLEY CHAPEL","33543","3724233","1","Food","Routine - Food","Inspection Completed - No Further Action","07/10/2026","","","1","0","0","1","Y","0","0","0","0","0","0","0","0","0","0","0","0","0","1","0","0","0","0","0","0","0","0","0","0","0","0","0","0","0","0","0","0","0","0","0","0","0","0","0","0","0","0","0","0","0","0","0","0","0","0","0","0","0","0","0","0","0","0","7369398","13762726"
"D3","61","Pasco","2010","6113755","KEKE'S BREAKFAST CAFE","1830 NORTH BRUCE B DOWNS BLVD","WESLEY CHAPEL","33544","3760542","1","Food","Complaint Full","Inspection Completed - No Further Action","07/24/2026","","","1","0","0","1","Y","0","0","0","0","0","0","0","0","0","0","0","0","0","0","0","0","0","0","0","0","0","0","0","0","0","0","0","0","0","0","0","0","0","0","0","1","0","0","0","0","0","0","0","0","0","0","0","0","0","0","0","0","0","0","0","0","0","0","7761499","13857275"
"D3","61","Pasco","2010","6113761","ZUKKU SAN SUSHI BAR AND GRILL","25916  SIERRA CENTER BLVD","LUTZ","33559","3716988","1","Food","Routine - Food","Administrative complaint recommended","07/31/2026","","","7","3","1","3","Y","1","0","1","0","0","0","0","1","0","0","0","1","0","0","0","0","0","0","0","0","0","1","0","0","0","0","0","0","0","0","0","0","0","0","0","0","0","0","0","0","1","1","0","0","0","0","0","0","0","0","0","0","0","0","0","0","0","0","7690571","13755481"
"D3","61","Pasco","2010","6113784","TACO BELL 6309","34140 SR 54","WESLEY CHAPEL","33543","3711241","1","Food","Routine - Food","Inspection Completed - No Further Action","07/24/2026","","","0","0","0","0","Y","0","0","0","0","0","0","0","0","0","0","0","0","0","0","0","0","0","0","0","0","0","0","0","0","0","0","0","0","0","0","0","0","0","0","0","0","0","0","0","0","0","0","0","0","0","0","0","0","0","0","0","0","0","0","0","0","0","0","7946157","13749734"
"D3","61","Pasco","2010","6113789","CRAZY BURRITO AUTHENTIC MEXICAN GRILL  ","16138  STATE RD 54","ODESSA","33556","3751187","1","Food","Routine - Food","Warning Issued","07/27/2026","","","5","1","3","1","Y","0","0","0","0","0","0","0","1","0","0","1","0","0","0","0","0","0","0","0","0","0","1","0","0","0","0","0","0","0","0","0","0","0","0","0","0","0","0","0","0","0","0","0","0","0","0","0","0","0","1","0","0","1","0","0","0","0","0","9062024","13789689"
"D3","61","Pasco","2010","6113810","EPPERSON CLUB","31885 OVERPASS RD","WESLEY CHAPEL","33545","3743563","1","Food","Routine - Food","Inspection Completed - No Further Action","07/15/2026","","","2","0","0","2","Y","0","0","0","0","0","0","0","0","0","0","0","0","0","2","0","0","0","0","0","0","0","0","0","0","0","0","0","0","0","0","0","0","0","0","0","0","0","0","0","0","0","0","0","0","0","0","0","0","0","0","0","0","0","0","0","0","0","0","7912280","13782065"
"D3","61","Pasco","2010","6113811","PROVISIONS COFFEE & KITCHEN","5862 GOLDVIEW PARKWAY UNIT 102","WESLEY CHAPEL","33544","3730225","1","Food","Routine - Food","Inspection Completed - No Further Action","07/30/2026","","","1","1","0","0","Y","0","0","0","0","0","0","0","0","0","0","0","0","0","0","0","0","0","0","0","0","0","0","0","0","0","0","0","0","0","0","0","0","0","0","0","0","0","0","0","0","1","0","0","0","0","0","0","0","0","0","0","0","0","0","0","0","0","0","7989756","13768718"
"D3","61","Pasco","2010","6113821","CHIPOTLE #3687","7646 GALL BLVD","ZEPHYRHILLS","33541","3724020","1","Food","Routine - Food","Inspection Completed - No Further Action","07/21/2026","","","1","1","0","0","Y","0","0","1","0","0","0","0","0","0","0","0","0","0","0","0","0","0","0","0","0","0","0","0","0","0","0","0","0","0","0","0","0","0","0","0","0","0","0","0","0","0","0","0","0","0","0","0","0","0","0","0","0","0","0","0","0","0","0","7895603","13762513"
"D3","61","Pasco","2010","6113825","CHIPOTLE 3799","16118 PRESERVE MARKETPLACE BLVD","ODESSA","33556","3711166","1","Food","Routine - Food","Inspection Completed - No Further Action","07/16/2026","","","1","0","0","1","Y","0","0","0","0","0","0","0","0","0","0","0","0","0","0","0","0","0","0","0","0","0","0","0","0","0","0","0","0","0","0","0","0","0","0","0","1","0","0","0","0","0","0","0","0","0","0","0","0","0","0","0","0","0","0","0","0","0","0","7918390","13749659"
"D3","61","Pasco","2010","6113844","LEONIDAS CHOCOLATES WESLEY CHAPEL INC","28163 PASEO DR SE 105","WESLEY CHAPEL","33543","3743956","1","Food","Routine - Food","Inspection Completed - No Further Action","07/23/2026","","","0","0","0","0","Y","0","0","0","0","0","0","0","0","0","0","0","0","0","0","0","0","0","0","0","0","0","0","0","0","0","0","0","0","0","0","0","0","0","0","0","0","0","0","0","0","0","0","0","0","0","0","0","0","0","0","0","0","0","0","0","0","0","0","8362233","13782458"
"D3","61","Pasco","2010","6113854","FIRST WATCH RESTAURANT #494","28876 SR 54","WESLEY CHAPEL","33543","3737546","1","Food","Routine - Food","Inspection Completed - No Further Action","07/14/2026","","","1","0","0","1","Y","0","0","0","0","0","0","0","0","0","0","0","1","0","0","0","0","0","0","0","0","0","0","0","0","0","0","0","0","0","0","0","0","0","0","0","0","0","0","0","0","0","0","0","0","0","0","0","0","0","0","0","0","0","0","0","0","0","0","8174520","13776039"
"D3","61","Pasco","2010","6113855","TASTY RAMEN","5817 GOLDVIEW PARKWAY UNIT 101","WESLEY CHAPEL","33544","3712261","1","Food","Routine - Food","Inspection Completed - No Further Action","07/15/2026","","","3","2","0","1","Y","0","0","0","0","0","0","0","0","0","0","0","0","0","2","0","0","0","0","0","0","0","1","0","0","0","0","0","0","0","0","0","0","0","0","0","0","0","0","0","0","0","0","0","0","0","0","0","0","0","0","0","0","0","0","0","0","0","0","8260666","13750754"
"D3","61","Pasco","2010","6113859","PALANI'S HAWAI'I NOODLES","5903 GOLDVIEW PARKWAY UNIT 105","WESLEY CHAPEL","33544","3737360","1","Food","Routine - Food","Inspection Completed - No Further Action","07/15/2026","","","0","0","0","0","Y","0","0","0","0","0","0","0","0","0","0","0","0","0","0","0","0","0","0","0","0","0","0","0","0","0","0","0","0","0","0","0","0","0","0","0","0","0","0","0","0","0","0","0","0","0","0","0","0","0","0","0","0","0","0","0","0","0","0","7765116","13775853"
"D3","61","Pasco","2010","6113860","THE HUNGRY GREEK OF ZEPHYRHILLS","7821 GALL BLVD","ZEPHYRHILLS","33541","3720707","1","Food","Routine - Food","Inspection Completed - No Further Action","07/16/2026","","","2","0","0","2","Y","0","0","0","0","0","0","0","0","0","0","0","0","0","0","0","0","0","0","0","0","0","0","1","0","0","0","0","0","0","0","0","0","0","0","0","1","0","0","0","0","0","0","0","0","0","0","0","0","0","0","0","0","0","0","0","0","0","0","9976342","13759200"
"D3","61","Pasco","2010","6113876","CHICKEN SALAD CHICK","25038 WESLEY CHAPEL BLVD","LUTZ","33559","3743043","1","Food","Routine - Food","Inspection Completed - No Further Action","07/09/2026","","","2","1","1","0","Y","0","0","1","0","0","0","0","0","0","0","0","0","0","0","0","0","0","0","0","0","0","1","0","0","0","0","0","0","0","0","0","0","0","0","0","0","0","0","0","0","0","0","0","0","0","0","0","0","0","0","0","0","0","0","0","0","0","0","7951944","13781545"
"D3","61","Pasco","2010","6113882","YOZI","7330 GALL BLVD","ZEPHYRHILLS","33541","3712761","1","Food","Routine - Food","Inspection Completed - No Further Action","07/21/2026","","","1","0","1","0","Y","0","0","0","0","0","0","0","0","0","0","0","0","0","0","0","0","0","0","0","0","0","0","0","0","0","0","0","0","0","0","1","0","0","0","0","0","0","0","0","0","0","0","0","0","0","0","0","0","0","0","0","0","0","0","0","0","0","0","8469468","13751254"
"D3","61","Pasco","2010","6113895","CAFE ZORBA","5804 GRAND ORO LN STE 102","WESLEY CHAPEL","33544","3705148","1","Food","Routine - Food","Inspection Completed - No Further Action","07/15/2026","","","2","0","0","2","Y","0","0","0","0","0","0","0","1","0","0","0","0","0","1","0","0","0","0","0","0","0","0","0","0","0","0","0","0","0","0","0","0","0","0","0","0","0","0","0","0","0","0","0","0","0","0","0","0","0","0","0","0","0","0","0","0","0","0","8476485","13743628"
"D3","61","Pasco","2010","6113897","DOUGH AND DRAFTS","6345 GRAND BLVD #103","NEW PORT RICHEY","34652","3759392","1","Food","Routine - Food","Inspection Completed - No Further Action","07/24/2026","","","2","1","0","1","Y","0","0","0","0","0","0","0","0","0","0","0","2","0","0","0","0","0","0","0","0","0","0","0","0","0","0","0","0","0","0","0","0","0","0","0","0","0","0","0","0","0","0","0","0","0","0","0","0","0","0","0","0","0","0","0","0","0","0","10019302","13853084"
"D3","61","Pasco","2010","6113914","KINKAS BAKERY CAFE","24020 SR 54","LUTZ","33559","3737803","1","Food","Routine - Food","Inspection Completed - No Further Action","07/28/2026","","","3","2","0","1","Y","0","0","1","0","0","0","0","0","0","0","0","2","0","0","0","0","0","0","0","0","0","0","0","0","0","0","0","0","0","0","0","0","0","0","0","0","0","0","0","0","0","0","0","0","0","0","0","0","0","0","0","0","0","0","0","0","0","0","8681041","13776296"
"D3","61","Pasco","2010","6113921","CHILLIN SHAVE ICE TREATS","1926 COLLIER PKWY","LUTZ","33549","3705490","1","Food","Routine - Food","Inspection Completed - No Further Action","07/30/2026","","","2","0","2","0","Y","0","1","0","0","0","0","0","0","0","0","0","0","0","0","0","0","0","0","0","0","0","1","0","0","0","0","0","0","0","0","0","0","0","0","0","0","0","0","0","0","0","0","0","0","0","0","0","0","0","0","0","0","0","0","0","0","0","0","8726778","13743971"
"D3","61","Pasco","2010","6113928","EINSTEIN BROS BAGELS 3913","13617 FL  54","ODESSA","33556","3718497","1","Food","Routine - Food","Inspection Completed - No Further Action","07/15/2026","","","4","3","1","0","Y","1","0","1","0","0","0","0","0","0","0","0","1","0","0","0","0","0","0","0","0","0","1","0","0","0","0","0","0","0","0","0","0","0","0","0","0","0","0","0","0","0","0","0","0","0","0","0","0","0","0","0","0","0","0","0","0","0","0","8789013","13756990"
"D3","61","Pasco","2010","6113942","MANDOLAS ITALIAN KITCHEN","16080 PRESERVE MARKETPLACE BLVD","ODESSA","33556","3738074","1","Food","Routine - Food","Inspection Completed - No Further Action","07/29/2026","","","5","2","1","2","Y","1","0","1","0","0","0","0","1","0","0","0","0","0","0","0","0","0","0","0","0","0","0","0","0","0","0","0","0","0","0","1","0","0","0","0","0","0","0","0","1","0","0","0","0","0","0","0","0","0","0","0","0","0","0","0","0","0","0","8384252","13776567"
"D3","61","Pasco","2010","6113943","WINGSTOP 1828","23044 SR 54","LUTZ","33549","3712132","1","Food","Routine - Food","Inspection Completed - No Further Action","07/08/2026","","","1","0","0","1","Y","0","0","0","0","0","0","0","0","0","0","0","1","0","0","0","0","0","0","0","0","0","0","0","0","0","0","0","0","0","0","0","0","0","0","0","0","0","0","0","0","0","0","0","0","0","0","0","0","0","0","0","0","0","0","0","0","0","0","8859637","13750625"
"D3","61","Pasco","2010","6113946","SLIM CHICKENS","27244 WESLEY CHAPEL BLVD","WESLEY CHAPEL","33544","3755469","1","Food","Routine - Food","Administrative complaint recommended","07/08/2026","","","2","1","0","1","Y","0","0","0","0","0","0","0","0","0","0","0","0","0","0","0","0","0","0","0","0","0","0","0","0","0","0","0","0","0","0","0","0","0","0","0","0","0","0","0","1","0","0","0","0","0","0","0","0","0","1","0","0","0","0","0","0","0","0","8847779","13793971"
"D3","61","Pasco","2010","6113951","BLAZE PIZZA STORE 1415","18701  SR 54","LUTZ","33558","3705867","1","Food","Routine - Food","Warning Issued","07/21/2026","","","3","0","1","2","Y","0","0","0","0","0","0","0","1","0","0","0","0","0","0","0","0","0","0","0","0","0","0","1","0","0","0","0","0","0","0","0","0","0","0","0","0","0","0","0","0","0","0","0","0","0","0","0","0","0","0","0","0","1","0","0","0","0","0","8778713","13744350"
"D3","61","Pasco","2010","6113968","ANDY'S FROZEN CUSTARD","13402 PINE GAP SPUR","ODESSA","33556","3725344","1","Food","Routine - Food","Inspection Completed - No Further Action","07/20/2026","","","3","1","1","1","Y","0","0","0","0","0","0","0","1","0","0","0","0","0","0","0","0","0","0","0","0","0","0","0","0","0","0","0","0","0","0","1","0","0","0","0","0","0","0","0","0","1","0","0","0","0","0","0","0","0","0","0","0","0","0","0","0","0","0","9085746","13763837"
"D3","61","Pasco","2010","6113977","CHICK-FIL A AT EPPERSON RANCH FSR","7910 CURLEY RD","WESLEY CHAPEL","33545","3732792","1","Food","Routine - Food","Inspection Completed - No Further Action","07/15/2026","","","1","0","0","1","Y","0","0","0","0","0","0","0","0","0","0","0","0","0","0","0","0","0","0","0","0","0","0","1","0","0","0","0","0","0","0","0","0","0","0","0","0","0","0","0","0","0","0","0","0","0","0","0","0","0","0","0","0","0","0","0","0","0","0","9135405","13771285"
"D3","61","Pasco","2010","6113983","MOE'S SOUTHWESTERN GRILL","5486 POST OAK BLVD STE 500","WESLEY CHAPEL","33544","3744249","1","Food","Routine - Food","Inspection Completed - No Further Action","07/23/2026","","","1","0","0","1","Y","0","0","0","0","0","0","0","0","0","0","0","0","0","0","0","0","0","0","0","0","0","0","0","0","1","0","0","0","0","0","0","0","0","0","0","0","0","0","0","0","0","0","0","0","0","0","0","0","0","0","0","0","0","0","0","0","0","0","8806610","13782751"
"D3","61","Pasco","2010","6114001","THE HUNGRY GREEK","12319 STATE RD 54","ODESSA","33556","3745018","1","Food","Routine - Food","Inspection Completed - No Further Action","07/20/2026","","","4","1","1","2","Y","0","1","0","0","0","0","0","2","0","0","0","1","0","0","0","0","0","0","0","0","0","0","0","0","0","0","0","0","0","0","0","0","0","0","0","0","0","0","0","0","0","0","0","0","0","0","0","0","0","0","0","0","0","0","0","0","0","0","9245305","13783520"
"D3","61","Pasco","2010","6114006","3 NATIVES WIREGRASS","28211 PASEO DR #170","WESLEY CHAPEL","33543","3714213","1","Food","Routine - Food","Inspection Completed - No Further Action","07/27/2026","","","0","0","0","0","Y","0","0","0","0","0","0","0","0","0","0","0","0","0","0","0","0","0","0","0","0","0","0","0","0","0","0","0","0","0","0","0","0","0","0","0","0","0","0","0","0","0","0","0","0","0","0","0","0","0","0","0","0","0","0","0","0","0","0","9210138","13752706"
"D3","61","Pasco","2010","6114014","PIZZA HUT 4972","2270 GUNN HWY","ODESSA","33556","3726601","1","Food","Routine - Food","Inspection Completed - No Further Action","07/15/2026","","","0","0","0","0","Y","0","0","0","0","0","0","0","0","0","0","0","0","0","0","0","0","0","0","0","0","0","0","0","0","0","0","0","0","0","0","0","0","0","0","0","0","0","0","0","0","0","0","0","0","0","0","0","0","0","0","0","0","0","0","0","0","0","0","9330799","13765094"
"D3","61","Pasco","2010","6114018","365 WOODFIRED PIZZA","3746 WINDCREST DR","WESLEY CHAPEL","33544","3751687","1","Food","Routine - Food","Warning Issued","07/10/2026","","","2","0","1","1","Y","0","0","0","0","0","0","0","1","0","0","0","0","0","0","0","0","0","0","0","0","0","0","0","0","0","0","0","0","0","0","0","0","0","0","0","0","0","0","0","0","0","0","0","0","0","0","0","0","0","0","0","0","1","0","0","0","0","0","9357931","13790189"
"D3","61","Pasco","2010","6114019","EL MEZCAL MEXICAN RESTAURANT","8818 SR 52","HUDSON","34667","3751905","1","Food","Routine - Food","Warning Issued","07/15/2026","","","5","1","1","3","Y","0","0","0","0","0","0","0","0","0","1","0","0","0","1","0","0","0","0","0","0","0","1","0","0","0","0","0","0","0","0","0","0","0","0","1","1","0","0","0","0","0","0","0","0","0","0","0","0","0","0","0","0","0","0","0","0","0","0","9233773","13790407"
"D3","61","Pasco","2010","6114019","EL MEZCAL MEXICAN RESTAURANT","8818 SR 52","HUDSON","34667","3751905","2","Food","Routine - Food","Call Back - Complied","07/17/2026","","","0","0","0","0","Y","0","0","0","0","0","0","0","0","0","0","0","0","0","0","0","0","0","0","0","0","0","0","0","0","0","0","0","0","0","0","0","0","0","0","0","0","0","0","0","0","0","0","0","0","0","0","0","0","0","0","0","0","0","0","0","0","0","0","9233773","13848451"
"D3","61","Pasco","2010","6114021","BANANA WIND BAR & GRILL","5536 GALL BLVD","ZEPHYRHILLS","33542","3700900","1","Food","Food-Licensing Inspection","Inspection Completed - No Further Action","07/16/2026","","","0","0","0","0","Y","0","0","0","0","0","0","0","0","0","0","0","0","0","0","0","0","0","0","0","0","0","0","0","0","0","0","0","0","0","0","0","0","0","0","0","0","0","0","0","0","0","0","0","0","0","0","0","0","0","0","0","0","0","0","0","0","0","0","9997012","13721065"
"D3","61","Pasco","2010","6114023","BUBBAQUES BBQ","8154 LITTLE RD","NEW PORT RICHEY","34654","3699707","1","Food","Food-Licensing Inspection","Inspection Completed - No Further Action","07/28/2026","","","0","0","0","0","Y","0","0","0","0","0","0","0","0","0","0","0","0","0","0","0","0","0","0","0","0","0","0","0","0","0","0","0","0","0","0","0","0","0","0","0","0","0","0","0","0","0","0","0","0","0","0","0","0","0","0","0","0","0","0","0","0","0","0","9966246","13712181"
"D3","61","Pasco","2010","6114024","DAVE'S HOT CHICKEN","28358 WILLET WAY","WESLEY CHAPEL","33543","3732518","1","Food","Routine - Food","Inspection Completed - No Further Action","07/27/2026","","","1","1","0","0","Y","0","0","0","0","0","0","0","0","0","0","0","0","0","0","0","0","0","0","0","0","0","0","0","0","0","0","0","0","1","0","0","0","0","0","0","0","0","0","0","0","0","0","0","0","0","0","0","0","0","0","0","0","0","0","0","0","0","0","9316893","13771011"
"D3","61","Pasco","2010","6114028","JC BAKERY AND COFFEE","38201 10TH AVE","ZEPHYRHILLS","33542","3756173","1","Food","Food-Licensing Inspection","Warning Issued","07/22/2026","","","2","1","1","0","Y","0","0","0","0","0","0","0","0","0","0","0","0","0","0","0","0","0","0","0","0","0","0","0","0","0","0","0","0","0","0","0","0","0","0","0","0","0","0","0","0","0","0","0","0","0","0","0","0","0","1","1","0","0","0","0","0","0","0","9990749","13844410"
"D3","61","Pasco","2010","6114029","SAKURA HIBACHI RAMEN SUSHI","8822 STATE RD 52","HUDSON","34667","3719442","1","Food","Routine - Food","Inspection Completed - No Further Action","07/15/2026","","","6","1","4","1","Y","0","0","0","0","0","0","0","0","0","0","0","0","0","1","0","0","0","0","0","0","0","0","0","0","0","0","0","0","0","0","3","0","0","0","0","0","0","0","0","1","1","0","0","0","0","0","0","0","0","0","0","0","0","0","0","0","0","0","9105178","13757935"
"D3","61","Pasco","2010","6114031","CHICKEN GUY OF WESLEY CHAPEL","25769 SIERRA CENTER BLVD","WESLEY CHAPEL","33559","3733245","1","Food","Routine - Food","Warning Issued","07/14/2026","","","7","1","2","4","Y","0","1","0","0","0","0","0","1","0","0","0","0","1","0","0","0","0","0","0","0","0","2","1","0","0","0","0","0","0","0","1","0","0","0","0","0","0","0","0","0","0","0","0","0","0","0","0","0","0","0","0","0","0","0","0","0","0","0","9394343","13771738"
"D3","61","Pasco","2010","6114031","CHICKEN GUY OF WESLEY CHAPEL","25769 SIERRA CENTER BLVD","WESLEY CHAPEL","33559","3733245","2","Food","Routine - Food","Call Back - Admin. complaint recommended","07/22/2026","","","3","1","0","2","Y","0","0","0","0","0","0","0","0","0","0","0","0","0","0","0","0","0","0","0","0","0","2","1","0","0","0","0","0","0","0","0","0","0","0","0","0","0","0","0","0","0","0","0","0","0","0","0","0","0","0","0","0","0","0","0","0","0","0","9394343","13845001"
"D3","61","Pasco","2010","6114031","CHICKEN GUY OF WESLEY CHAPEL","25769 SIERRA CENTER BLVD","WESLEY CHAPEL","33559","3733245","3","Food","Routine - Food","Call Back - Complied","07/31/2026","","","0","0","0","0","Y","0","0","0","0","0","0","0","0","0","0","0","0","0","0","0","0","0","0","0","0","0","0","0","0","0","0","0","0","0","0","0","0","0","0","0","0","0","0","0","0","0","0","0","0","0","0","0","0","0","0","0","0","0","0","0","0","0","0","9394343","13855618"
"D3","61","Pasco","2010","6114037","LONGHORN STEAKHOUSE","7471 GALL BLVD","ZEPHYRHILLS","33541","3751960","1","Food","Routine - Food","Inspection Completed - No Further Action","07/23/2026","","","3","1","0","2","Y","0","0","0","0","0","0","0","0","0","0","0","0","0","1","0","0","0","0","0","0","0","1","0","0","0","0","0","0","0","0","0","0","0","0","0","0","0","0","0","0","1","0","0","0","0","0","0","0","0","0","0","0","0","0","0","0","0","0","9337931","13790462"
"D3","61","Pasco","2010","6114039","MELLOW MUSHROOM","25662 SIERRA CENTER BLVD","LUTZ","33559","3712984","1","Food","Routine - Food","Warning Issued","07/14/2026","","","5","1","1","3","Y","0","0","0","0","0","0","0","1","0","0","0","0","0","0","0","0","0","0","0","0","0","3","0","1","0","0","0","0","0","0","0","0","0","0","0","0","0","0","0","0","0","0","0","0","0","0","0","0","0","0","0","0","0","0","0","0","0","0","9333266","13751477"
"D3","61","Pasco","2010","6114039","MELLOW MUSHROOM","25662 SIERRA CENTER BLVD","LUTZ","33559","3712984","2","Food","Routine - Food","Call Back - Admin. complaint recommended","07/22/2026","","","2","1","1","0","Y","0","0","0","0","0","0","0","0","0","0","0","0","0","0","0","0","0","0","0","0","0","2","0","0","0","0","0","0","0","0","0","0","0","0","0","0","0","0","0","0","0","0","0","0","0","0","0","0","0","0","0","0","0","0","0","0","0","0","9333266","13845109"
"D3","61","Pasco","2010","6114039","MELLOW MUSHROOM","25662 SIERRA CENTER BLVD","LUTZ","33559","3712984","3","Food","Routine - Food","Call Back - Complied","07/31/2026","","","1","0","1","0","Y","0","0","0","0","0","0","0","0","0","0","0","0","0","0","0","0","0","0","0","0","0","1","0","0","0","0","0","0","0","0","0","0","0","0","0","0","0","0","0","0","0","0","0","0","0","0","0","0","0","0","0","0","0","0","0","0","0","0","9333266","13855754"
"D3","61","Pasco","2010","6114041","JIMMY JOHN'S #3613","16234 SR 54","ODESSA","33556","3712646","1","Food","Routine - Food","Administrative complaint recommended","07/27/2026","","","3","1","2","0","Y","0","0","0","0","0","0","0","0","0","0","1","0","0","0","0","0","0","0","0","0","0","0","0","0","0","0","0","0","1","0","0","0","0","0","0","0","0","0","0","0","0","0","0","0","0","0","0","0","0","0","0","0","1","0","0","0","0","0","9234222","13751139"
"D3","61","Pasco","2010","6114042","GOLDEN CORRAL","8928 US HWY 19","PORT RICHEY","34668","3738984","1","Food","Routine - Food","Warning Issued","07/31/2026","","","12","2","3","7","Y","0","0","1","0","0","0","0","0","0","0","0","0","0","0","0","1","0","0","0","0","2","1","1","1","0","0","0","0","0","0","1","1","0","0","2","1","0","0","0","0","0","0","0","0","0","0","0","0","0","0","0","0","0","0","0","0","0","0","9406530","13777485"
"D3","61","Pasco","2010","6114045","JOHNNY'S TABLE","11495 TRINITY BLVD","TRINITY","34655","3760993","1","Food","Food-Licensing Inspection","Inspection Completed - No Further Action","07/29/2026","","","0","0","0","0","Y","0","0","0","0","0","0","0","0","0","0","0","0","0","0","0","0","0","0","0","0","0","0","0","0","0","0","0","0","0","0","0","0","0","0","0","0","0","0","0","0","0","0","0","0","0","0","0","0","0","0","0","0","0","0","0","0","0","0","10027770","13857973"
"D3","61","Pasco","2010","6114049","CHEESECAKES CHICKS","11495 TRINITY BLVD #3","TRINITY","34655","3761433","1","Food","Food-Licensing Inspection","Inspection Completed - No Further Action","07/29/2026","","","0","0","0","0","Y","0","0","0","0","0","0","0","0","0","0","0","0","0","0","0","0","0","0","0","0","0","0","0","0","0","0","0","0","0","0","0","0","0","0","0","0","0","0","0","0","0","0","0","0","0","0","0","0","0","0","0","0","0","0","0","0","0","0","10026748","13859221"
"D3","61","Pasco","2010","6114052","TACO BELL","17077 SR 52","LAND O' LAKES","34638","3752842","1","Food","Routine - Food","Inspection Completed - No Further Action","07/10/2026","","","3","0","2","1","Y","0","0","0","0","0","0","0","0","0","0","0","0","1","0","0","0","0","0","0","0","0","1","0","0","0","0","0","0","0","0","1","0","0","0","0","0","0","0","0","0","0","0","0","0","0","0","0","0","0","0","0","0","0","0","0","0","0","0","9540123","13791344"
"D3","61","Pasco","2010","6114054","DAVE'S HOT CHICKEN","13446 PINE GAP SPUR","ODESSA","33556","3745426","1","Food","Routine - Food","Inspection Completed - No Further Action","07/20/2026","","","2","1","0","1","Y","0","0","0","0","0","0","0","1","0","0","0","0","0","0","0","0","0","0","0","0","0","0","0","0","0","0","0","0","1","0","0","0","0","0","0","0","0","0","0","0","0","0","0","0","0","0","0","0","0","0","0","0","0","0","0","0","0","0","9463934","13783928"
"D3","61","Pasco","2010","6114061","TRIAMO","5804 GRAND ORO LN UNIT 104","WESLEY CHAPEL","33544","3760051","1","Food","Routine - Food","Inspection Completed - No Further Action","07/22/2026","","","0","0","0","0","Y","0","0","0","0","0","0","0","0","0","0","0","0","0","0","0","0","0","0","0","0","0","0","0","0","0","0","0","0","0","0","0","0","0","0","0","0","0","0","0","0","0","0","0","0","0","0","0","0","0","0","0","0","0","0","0","0","0","0","9542724","13855610"
"D3","61","Pasco","2010","6114075","GREENLANE","19099 WINGSHOOTER WAY","LUTZ","33558","3713278","1","Food","Routine - Food","Inspection Completed - No Further Action","07/16/2026","","","6","1","0","5","Y","0","0","0","0","0","0","0","2","0","0","0","0","1","0","0","0","0","0","0","0","0","0","0","0","0","0","0","0","0","0","0","0","0","0","0","0","0","0","0","1","1","0","0","0","0","0","0","0","0","1","0","0","0","0","0","0","0","0","9478028","13751771"
"D3","61","Pasco","2010","6114076","ODDFELLOWS ICE CREAM","2001 PIAZZA AVE STE 125","WESLEY CHAPEL","33543","3732802","1","Food","Routine - Food","Inspection Completed - No Further Action","07/28/2026","","","3","0","1","2","Y","0","1","0","0","0","0","0","0","0","0","0","0","0","1","0","0","0","0","0","0","0","0","0","0","0","0","0","0","0","0","0","0","0","0","0","0","0","0","0","0","1","0","0","0","0","0","0","0","0","0","0","0","0","0","0","0","0","0","9616002","13771295"
"D3","61","Pasco","2010","6114079","MCDONALDS #41220","6604 MASSACHUSETTS AVE","NEW PORT RICHEY","34653","3739237","1","Food","Routine - Food","Warning Issued","07/10/2026","","","3","2","1","0","Y","0","0","0","0","0","0","0","1","0","0","0","0","0","0","0","0","0","0","0","0","0","1","0","0","0","0","1","0","0","0","0","0","0","0","0","0","0","0","0","0","0","0","0","0","0","0","0","0","0","0","0","0","0","0","0","0","0","0","9563450","13777739"
"D3","61","Pasco","2010","6114079","MCDONALDS #41220","6604 MASSACHUSETTS AVE","NEW PORT RICHEY","34653","3739237","2","Food","Routine - Food","Call Back - Complied","07/17/2026","","","0","0","0","0","Y","0","0","0","0","0","0","0","0","0","0","0","0","0","0","0","0","0","0","0","0","0","0","0","0","0","0","0","0","0","0","0","0","0","0","0","0","0","0","0","0","0","0","0","0","0","0","0","0","0","0","0","0","0","0","0","0","0","0","9563450","13842971"
"D3","61","Pasco","2010","6114088","HARAZ COFFEE HOUSE","1722 BRUCE B DOWNS BLVD","WESLEY CHAPEL","33544","3707408","1","Food","Routine - Food","Inspection Completed - No Further Action","07/29/2026","","","3","1","0","2","Y","0","0","0","0","0","0","0","0","0","0","0","1","0","0","0","0","0","0","0","0","0","0","0","0","0","0","0","0","0","0","0","0","0","0","0","0","0","0","0","1","1","0","0","0","0","0","0","0","0","0","0","0","0","0","0","0","0","0","9774671","13745897"
"D3","61","Pasco","2010","6114100","WENDY'S","7803 DYNAMIC BLVD","WESLEY CHAPEL","33545","3713741","1","Food","Routine - Food","Warning Issued","07/15/2026","","","2","1","0","1","Y","0","0","0","0","0","0","0","0","0","0","0","0","0","1","0","0","0","0","0","0","0","0","0","0","0","0","0","0","0","0","0","0","0","0","1","0","0","0","0","0","0","0","0","0","0","0","0","0","0","0","0","0","0","0","0","0","0","0","9207429","13752234"
"D3","61","Pasco","2010","6114100","WENDY'S","7803 DYNAMIC BLVD","WESLEY CHAPEL","33545","3713741","2","Food","Routine - Food","Call Back - Complied","07/17/2026","","","1","0","0","1","Y","0","0","0","0","0","0","0","0","0","0","0","0","0","1","0","0","0","0","0","0","0","0","0","0","0","0","0","0","0","0","0","0","0","0","0","0","0","0","0","0","0","0","0","0","0","0","0","0","0","0","0","0","0","0","0","0","0","0","9207429","13846073"
"D3","61","Pasco","2010","6114102","CHIPOTLE- #5418","34120 WESLEY CHAPEL BLVD","WESLEY CHAPEL","33543","3727176","1","Food","Routine - Food","Inspection Completed - No Further Action","07/24/2026","","","2","0","0","2","Y","0","1","0","0","0","0","0","0","0","0","0","0","0","0","0","0","0","0","0","0","0","0","0","0","1","0","0","0","0","0","0","0","0","0","0","0","0","0","0","0","0","0","0","0","0","0","0","0","0","0","0","0","0","0","0","0","0","0","9563708","13765669"
"D3","61","Pasco","2010","6114103","WING STOP","7936 GALL BLVD","ZEPHYRHILLS","33541","3727183","1","Food","Routine - Food","Inspection Completed - No Further Action","07/23/2026","","","2","0","0","2","Y","0","0","0","0","0","0","0","0","0","0","0","0","0","0","0","0","0","0","0","0","1","0","0","0","0","0","0","1","0","0","0","0","0","0","0","0","0","0","0","0","0","0","0","0","0","0","0","0","0","0","0","0","0","0","0","0","0","0","9627880","13765676"
"D3","61","Pasco","2010","6114104","TACO TIME","7810 US 19 UNIT D","PORT RICHEY","34668","3733151","1","Food","Routine - Food","Inspection Completed - No Further Action","07/31/2026","","","5","2","0","3","Y","0","0","0","0","0","0","0","1","0","0","0","1","0","1","0","0","0","0","0","0","0","0","0","1","0","0","0","0","0","0","0","1","0","0","0","0","0","0","0","0","0","0","0","0","0","0","0","0","0","0","0","0","0","0","0","0","0","0","9832132","13771644"
"D3","61","Pasco","2010","6114105","ESPRESSO GALLERY AND CAFE","6130 MASSACHUSETTS AVE ","NEW PORT RICHEY","34653","3727021","1","Food","Routine - Food","Administrative complaint recommended","07/31/2026","","","10","3","4","3","Y","0","2","0","0","0","0","0","1","0","0","0","1","0","0","0","0","0","0","0","0","1","0","0","0","0","0","0","0","0","0","1","1","1","0","0","0","0","0","0","0","1","0","0","0","0","0","0","0","0","0","0","1","0","0","0","0","0","0","9874235","13765514"
"D3","61","Pasco","2010","6114116","MCDONALD'S RESTAURANT","31431 WESLEY CHAPEL BLVD","WESLEY CHAPEL","33543","3746469","1","Food","Routine - Food","Inspection Completed - No Further Action","07/27/2026","","","0","0","0","0","Y","0","0","0","0","0","0","0","0","0","0","0","0","0","0","0","0","0","0","0","0","0","0","0","0","0","0","0","0","0","0","0","0","0","0","0","0","0","0","0","0","0","0","0","0","0","0","0","0","0","0","0","0","0","0","0","0","0","0","9682556","13784971"
"D3","61","Pasco","2010","6114126","BIMBIMGO & MOCHINUT","25704 SIERRA CENTER BLVD","LUTZ","33559","3755867","1","Food","Complaint Full","Warning Issued","07/09/2026","","","10","3","4","3","Y","2","0","1","0","1","0","0","2","0","0","0","0","0","2","0","1","0","0","0","0","0","1","0","0","0","0","0","0","0","0","0","0","0","0","0","0","0","0","0","0","0","0","0","0","0","0","0","0","0","0","0","0","0","0","0","0","0","0","9928752","13841298"
"D3","61","Pasco","2010","6114126","BIMBIMGO & MOCHINUT","25704 SIERRA CENTER BLVD","LUTZ","33559","3755867","2","Food","Complaint Full","Call Back - Complied","07/10/2026","","","2","0","2","0","Y","0","0","0","0","1","0","0","0","0","0","0","0","0","0","0","0","0","0","0","0","0","1","0","0","0","0","0","0","0","0","0","0","0","0","0","0","0","0","0","0","0","0","0","0","0","0","0","0","0","0","0","0","0","0","0","0","0","0","9928752","13842118"
"D3","61","Pasco","2010","6114132","COTEE RIVER CREAMERY AND DESSERTS","6745 LAND O' LAKES","LAND O' LAKES","34638","3693774","1","Food","Food-Licensing Inspection","Inspection Completed - No Further Action","07/07/2026","","","0","0","0","0","Y","0","0","0","0","0","0","0","0","0","0","0","0","0","0","0","0","0","0","0","0","0","0","0","0","0","0","0","0","0","0","0","0","0","0","0","0","0","0","0","0","0","0","0","0","0","0","0","0","0","0","0","0","0","0","0","0","0","0","9896222","13651614"
"D3","61","Pasco","2010","6114133","HUMMUS REPUBLIC","26963 HALTER LOOP","WESLEY CHAPEL","33544","3696142","1","Food","Food-Licensing Inspection","Inspection Completed - No Further Action","07/10/2026","","","0","0","0","0","Y","0","0","0","0","0","0","0","0","0","0","0","0","0","0","0","0","0","0","0","0","0","0","0","0","0","0","0","0","0","0","0","0","0","0","0","0","0","0","0","0","0","0","0","0","0","0","0","0","0","0","0","0","0","0","0","0","0","0","9926826","13677430"
"D3","61","Pasco","2010","6114134","CREAM N CRUNCH","38365 CO RD 54","ZEPHYRHILLS","33542","3684432","1","Food","Food-Licensing Inspection","Inspection Completed - No Further Action","07/15/2026","","","0","0","0","0","Y","0","0","0","0","0","0","0","0","0","0","0","0","0","0","0","0","0","0","0","0","0","0","0","0","0","0","0","0","0","0","0","0","0","0","0","0","0","0","0","0","0","0","0","0","0","0","0","0","0","0","0","0","0","0","0","0","0","0","9805260","13588015"
"D3","61","Pasco","2010","6114135","CHIPOTLE MEXICAN GRILL","8784 STATE RD 52","HUDSON","34667","3688968","1","Food","Food-Licensing Inspection","Inspection Completed - No Further Action","07/15/2026","","","1","0","0","1","Y","0","0","0","0","0","0","0","0","0","0","0","0","0","0","0","0","0","0","0","0","0","0","0","0","0","0","0","0","0","0","0","0","0","0","0","0","0","0","0","0","0","0","0","0","0","0","0","0","0","0","1","0","0","0","0","0","0","0","9833467","13609165"
"D3","61","Pasco","2010","6114136","TRATTORIA NAPOLI","5470 7TH ST","ZEPHYRHILLS","33542","3699708","1","Food","Food-Licensing Inspection","Warning Issued","07/15/2026","","","2","1","0","1","Y","0","0","0","0","0","0","0","0","0","0","0","0","0","0","0","0","0","0","0","0","0","0","0","0","0","0","0","0","1","0","0","0","0","0","0","0","0","0","0","0","0","0","0","0","0","0","0","0","0","1","0","0","0","0","0","0","0","0","9967878","13712182"
"D3","61","Pasco","2010","6114136","TRATTORIA NAPOLI","5470 7TH ST","ZEPHYRHILLS","33542","3699708","2","Food","Food-Licensing Inspection","Call Back - Complied","07/16/2026","","","0","0","0","0","Y","0","0","0","0","0","0","0","0","0","0","0","0","0","0","0","0","0","0","0","0","0","0","0","0","0","0","0","0","0","0","0","0","0","0","0","0","0","0","0","0","0","0","0","0","0","0","0","0","0","0","0","0","0","0","0","0","0","0","9967878","13846093"
"D3","61","Pasco","2010","6114137","EINSTEIN BROS BAGELS","22427 SR 54 STE A","LAND O' LAKES","34639","3690912","1","Food","Food-Licensing Inspection","Inspection Completed - No Further Action","07/30/2026","","","0","0","0","0","Y","0","0","0","0","0","0","0","0","0","0","0","0","0","0","0","0","0","0","0","0","0","0","0","0","0","0","0","0","0","0","0","0","0","0","0","0","0","0","0","0","0","0","0","0","0","0","0","0","0","0","0","0","0","0","0","0","0","0","9732749","13625389"
"D3","61","Pasco","2010","6114138","DUNKIN'","33613 WESLEY CHAPEL BLVD","WESLEY CHAPEL","33543","3696146","1","Food","Food-Licensing Inspection","Inspection Completed - No Further Action","07/30/2026","","","0","0","0","0","Y","0","0","0","0","0","0","0","0","0","0","0","0","0","0","0","0","0","0","0","0","0","0","0","0","0","0","0","0","0","0","0","0","0","0","0","0","0","0","0","0","0","0","0","0","0","0","0","0","0","0","0","0","0","0","0","0","0","0","9934861","13677446"
"D3","61","Pasco","2014","6150919","SANDY'S FLAVOR STATION","4724 ROWAN RD","NEW PORT RICHEY","34652","1320238","2","Food","Routine - Food","Call Back - Complied","07/09/2026","","","0","0","0","0","Y","0","0","0","0","0","0","0","0","0","0","0","0","0","0","0","0","0","0","0","0","0","0","0","0","0","0","0","0","0","0","0","0","0","0","0","0","0","0","0","0","0","0","0","0","0","0","0","0","0","0","0","0","0","0","0","0","0","0","8317452","13686419"
"D3","61","Pasco","2014","6151042","LA MEZCLA DEL SABOR LATINO","12601 US 19","HUDSON","34667","1337278","1","Food","Routine - Food","Inspection Completed - No Further Action","07/15/2026","","","3","1","1","1","Y","0","0","0","0","0","0","0","1","0","0","0","0","0","0","0","0","0","0","0","0","0","0","1","0","0","0","0","0","0","0","0","0","0","0","0","0","0","0","0","0","1","0","0","0","0","0","0","0","0","0","0","0","0","0","0","0","0","0","9152809","13728820"
"D3","61","Pasco","2014","6151045","EPPERSON LAGOON","31885 OVERPASS RD","WESLEY CHAPEL","33545","1341634","1","Food","Routine - Food","Inspection Completed - No Further Action","07/15/2026","","","0","0","0","0","Y","0","0","0","0","0","0","0","0","0","0","0","0","0","0","0","0","0","0","0","0","0","0","0","0","0","0","0","0","0","0","0","0","0","0","0","0","0","0","0","0","0","0","0","0","0","0","0","0","0","0","0","0","0","0","0","0","0","0","9083938","13733177"
"D3","61","Pasco","2014","6151064","EPPERSON LAGOON","31885 OVERPASS RD","WESLEY CHAPEL","33545","1336729","1","Food","Routine - Food","Inspection Completed - No Further Action","07/15/2026","","","0","0","0","0","Y","0","0","0","0","0","0","0","0","0","0","0","0","0","0","0","0","0","0","0","0","0","0","0","0","0","0","0","0","0","0","0","0","0","0","0","0","0","0","0","0","0","0","0","0","0","0","0","0","0","0","0","0","0","0","0","0","0","0","9260349","13728271"
"D3","61","Pasco","2014","6151067","SILVA'S COFFEE GRIND","34100 STATE RD 54","WESLEY CHAPEL","33543","1340511","1","Food","Routine - Food","Inspection Completed - No Further Action","07/23/2026","","","1","0","0","1","Y","0","0","0","0","0","0","0","0","0","0","0","0","0","0","0","0","0","0","0","0","0","0","0","0","1","0","0","0","0","0","0","0","0","0","0","0","0","0","0","0","0","0","0","0","0","0","0","0","0","0","0","0","0","0","0","0","0","0","9244808","13732054"
"D3","61","Pasco","2014","6151071","BANANA WIND BAR & GRILL","5536 GALL BLVD","ZEPHYRHILLS","33542","1334833","1","Food","Food-Licensing Inspection","Inspection Completed - No Further Action","07/16/2026","","","0","0","0","0","Y","0","0","0","0","0","0","0","0","0","0","0","0","0","0","0","0","0","0","0","0","0","0","0","0","0","0","0","0","0","0","0","0","0","0","0","0","0","0","0","0","0","0","0","0","0","0","0","0","0","0","0","0","0","0","0","0","0","0","9997028","13721066"
"D3","61","Pasco","2014","6151104","BEE COFFEE 2","2205 COLLIER PKWY","LAND O' LAKES","34639","1344408","1","Food","Routine - Food","Warning Issued","07/21/2026","","","6","1","3","2","Y","0","0","0","0","0","0","0","0","0","0","0","0","1","0","0","1","0","0","0","0","0","0","0","0","0","0","0","0","0","0","1","0","0","0","0","0","0","0","0","0","1","0","0","0","1","0","0","0","0","1","0","0","1","0","0","0","0","0","9473565","13735952"
"D3","61","Pasco","2014","6151130","ROSE AND THISTLE COFFEE COMPANY","5648 POST OAK BLVD","WESLEY CHAPEL","33543","1332072","1","Food","Food-Licensing Inspection","Inspection Completed - No Further Action","07/14/2026","","","0","0","0","0","Y","0","0","0","0","0","0","0","0","0","0","0","0","0","0","0","0","0","0","0","0","0","0","0","0","0","0","0","0","0","0","0","0","0","0","0","0","0","0","0","0","0","0","0","0","0","0","0","0","0","0","0","0","0","0","0","0","0","0","9827982","13607496"
"D3","61","Pasco","2014","6151190","OVA YAHSO JAMAICAN FOOD TRUCK","6520 FORT KING RD","ZEPHYRHILLS","33542","1334070","2","Food","Routine - Food","Call Back - Complied","07/08/2026","","","0","0","0","0","Y","0","0","0","0","0","0","0","0","0","0","0","0","0","0","0","0","0","0","0","0","0","0","0","0","0","0","0","0","0","0","0","0","0","0","0","0","0","0","0","0","0","0","0","0","0","0","0","0","0","0","0","0","0","0","0","0","0","0","9869065","13687857"
"D3","61","Pasco","2014","6151194","LA PALMIRENA","12228 US-19 N","HUDSON","34667","1343645","1","Food","Routine - Food","Inspection Completed - No Further Action","07/09/2026","","","3","0","1","2","Y","0","0","0","0","0","0","0","0","0","0","0","0","0","0","0","1","0","0","0","0","0","0","1","0","0","0","0","0","0","0","0","0","0","0","0","0","0","0","0","0","0","0","0","0","0","0","0","0","0","1","0","0","0","0","0","0","0","0","9800742","13735188"
"D3","61","Pasco","2014","6151217","MIKIE'S PARADISE","15925 US 19","HUDSON","34667","1346731","1","Food","Food-Licensing Inspection","Inspection Completed - No Further Action","07/09/2026","","","2","0","1","1","Y","0","0","0","0","0","0","0","0","0","0","0","0","0","0","0","1","0","0","0","0","0","0","0","0","0","0","0","0","0","0","1","0","0","0","0","0","0","0","0","0","0","0","0","0","0","0","0","0","0","0","0","0","0","0","0","0","0","0","9975590","13840595"
"D3","61","Pasco","2014","6151222","BEBAS GOURMET LLC","5841 GOLDVIEW PKWY STE 103","WESLEY CHAPEL","33544","1346982","1","Food","Food-Licensing Inspection","Inspection Completed - No Further Action","07/17/2026","","","0","0","0","0","Y","0","0","0","0","0","0","0","0","0","0","0","0","0","0","0","0","0","0","0","0","0","0","0","0","0","0","0","0","0","0","0","0","0","0","0","0","0","0","0","0","0","0","0","0","0","0","0","0","0","0","0","0","0","0","0","0","0","0","10013229","13849064"
"D3","61","Pasco","2014","6151223","LA MEZCLA DEL SABOR LATINO 2","7137 US HWY 19","NEW PORT RICHEY","34652","1334683","1","Food","Food-Licensing Inspection","Inspection Completed - No Further Action","07/23/2026","","","0","0","0","0","Y","0","0","0","0","0","0","0","0","0","0","0","0","0","0","0","0","0","0","0","0","0","0","0","0","0","0","0","0","0","0","0","0","0","0","0","0","0","0","0","0","0","0","0","0","0","0","0","0","0","0","0","0","0","0","0","0","0","0","9974306","13714585"
"D3","61","Pasco","2014","6151225","ALOHA PINOY 2","8820 CARMEN LN","PORT RICHEY","34668","1347243","1","Food","Food-Licensing Inspection","Inspection Completed - No Further Action","07/29/2026","","","0","0","0","0","Y","0","0","0","0","0","0","0","0","0","0","0","0","0","0","0","0","0","0","0","0","0","0","0","0","0","0","0","0","0","0","0","0","0","0","0","0","0","0","0","0","0","0","0","0","0","0","0","0","0","0","0","0","0","0","0","0","0","0","10015374","13858701"
"D3","61","Pasco","2015","6102841","THE COOL ESCAPE ICE CREAM","I-75 NORTHBOUND REST AREA, MILE MARKER #278","ZEPHYRHILLS ","33543","1116739","1","Food","Routine - Food","Inspection Completed - No Further Action","07/30/2026","","","0","0","0","0","Y","0","0","0","0","0","0","0","0","0","0","0","0","0","0","0","0","0","0","0","0","0","0","0","0","0","0","0","0","0","0","0","0","0","0","0","0","0","0","0","0","0","0","0","0","0","0","0","0","0","0","0","0","0","0","0","0","0","0","6462396","13726033"
"D3","62","Pinellas","2010","6200003","LITTLE ITALY PIZZA SHOP","3523 N 49 ST","ST PETERSBURG","337102149","3733989","1","Food","Routine - Food","Inspection Completed - No Further Action","07/23/2026","","","15","5","2","8","Y","1","0","1","0","0","0","0","3","0","1","0","1","0","0","0","1","0","0","0","0","0","2","1","1","0","0","0","0","0","0","0","0","0","0","0","2","0","0","0","0","1","0","0","0","0","0","0","0","0","0","0","0","0","0","0","0","0","0","2233783","13772482"
"D3","62","Pinellas","2010","6200009","CHURCH'S CHICKEN #399","3510 CENTRAL AVE","ST. PETERSBURG","33711","3747118","1","Food","Routine - Food","Inspection Completed - No Further Action","07/20/2026","","","4","0","1","3","Y","0","0","0","0","0","0","0","0","0","0","0","0","0","0","0","0","0","0","0","0","0","1","1","0","0","0","0","0","0","0","1","0","0","0","0","1","0","0","0","0","0","0","0","0","0","0","0","0","0","0","0","0","0","0","0","0","0","0","3998470","13785620"
"D3","62","Pinellas","2010","6200142","KFC","1960 GULF TO BAY BLVD","CLEARWATER","33765","3728119","1","Food","Routine - Food","Inspection Completed - No Further Action","07/22/2026","","","2","0","0","2","Y","0","0","0","0","0","0","0","0","0","0","0","0","0","0","0","0","0","0","0","0","0","0","1","0","0","0","0","0","0","0","0","0","0","0","0","1","0","0","0","0","0","0","0","0","0","0","0","0","0","0","0","0","0","0","0","0","0","0","4383845","13766612"
"D3","62","Pinellas","2010","6200341","THEE LIBERTY GRILL","1185 N HERCULES AVE","CLEARWATER","33765","3745959","1","Food","Routine - Food","Warning Issued","07/30/2026","","","12","2","6","4","Y","0","1","1","0","1","0","0","1","0","0","0","1","0","0","0","0","0","0","0","0","1","0","0","1","0","0","0","0","0","0","2","0","0","0","0","0","0","0","0","0","1","0","0","0","0","0","0","0","0","1","0","0","1","0","0","0","0","0","9755028","13784461"
"D3","62","Pinellas","2010","6200376","KFC (569059)","956 PATRICIA AVE","DUNEDIN","34698","3730715","1","Food","Routine - Food","Inspection Completed - No Further Action","07/22/2026","","","11","1","1","9","Y","0","0","0","0","0","0","0","0","0","0","0","1","1","3","0","0","0","0","0","0","0","2","0","0","0","0","0","0","0","0","0","0","0","0","0","4","0","0","0","0","0","0","0","0","0","0","0","0","0","0","0","0","0","0","0","0","0","0","7938307","13769208"
"D3","62","Pinellas","2010","6200446","CRAB SHACK","11400 N GANDY BLVD","ST PETERSBURG","337021908","3703241","1","Food","Routine - Food","Warning Issued","07/27/2026","","","12","2","1","9","Y","0","0","0","0","0","0","0","0","0","1","0","0","0","0","0","0","0","0","0","0","2","1","1","0","0","0","0","0","0","0","0","0","0","0","2","4","0","0","0","1","0","0","0","0","0","0","0","0","0","0","0","0","0","0","0","0","0","0","2234085","13741716"
"D3","62","Pinellas","2010","6200446","CRAB SHACK","11400 N GANDY BLVD","ST PETERSBURG","337021908","3703241","2","Food","Routine - Food","Call Back - Complied","07/28/2026","","","0","0","0","0","Y","0","0","0","0","0","0","0","0","0","0","0","0","0","0","0","0","0","0","0","0","0","0","0","0","0","0","0","0","0","0","0","0","0","0","0","0","0","0","0","0","0","0","0","0","0","0","0","0","0","0","0","0","0","0","0","0","0","0","2234085","13862268"
"D3","62","Pinellas","2010","6200448","SUNSET GRILLE","2996 DR MARTIN LUTHER KING JR ST N","ST. PETERSBURG","33704","3740747","1","Food","Routine - Food","Inspection Completed - No Further Action","07/17/2026","","","7","1","0","6","Y","0","0","1","0","0","1","0","0","0","0","0","0","0","0","0","0","0","0","0","0","0","1","2","0","0","0","0","0","0","0","0","0","0","0","0","2","0","0","0","0","0","0","0","0","0","0","0","0","0","0","0","0","0","0","0","0","0","0","4012171","13779249"
"D3","62","Pinellas","2010","6200456","TARPON TURTLE GRILL & MARINA","1513 LAKE TARPON AVE","TARPON SPRINGS","34689","3749472","1","Food","Routine - Food","Inspection Completed - No Further Action","07/24/2026","","","8","1","2","5","Y","1","0","1","0","0","0","0","0","0","0","0","1","0","2","0","0","0","0","0","0","0","1","1","0","0","0","0","0","0","0","0","0","0","0","0","1","0","0","0","0","0","0","0","0","0","0","0","0","0","0","0","0","0","0","0","0","0","0","7429590","13787974"
"D3","62","Pinellas","2010","6200494","HIGHLAND HOUSE","1050 PALM BLVD","DUNEDIN","34698","3745323","1","Food","Routine - Food","Inspection Completed - No Further Action","07/22/2026","","","11","1","2","8","Y","0","0","0","0","0","0","0","0","0","1","0","1","2","3","0","0","0","0","0","0","0","1","1","0","0","0","0","0","0","0","2","0","0","0","0","0","0","0","0","0","0","0","0","0","0","0","0","0","0","0","0","0","0","0","0","0","0","0","9317331","13783825"
"D3","62","Pinellas","2010","6200501","CARLOUEL YACHT CLUB","1091 ELDORADO AVE","CLEARWATER BCH","33767","3728007","1","Food","Routine - Food","Inspection Completed - No Further Action","07/09/2026","","","5","1","2","2","Y","1","0","3","0","0","0","0","0","0","0","0","0","0","0","0","0","0","0","0","0","0","0","0","0","0","0","0","0","0","0","1","0","0","0","0","0","0","0","0","0","0","0","0","0","0","0","0","0","0","0","0","0","0","0","0","0","0","0","2234119","13766500"
"D3","62","Pinellas","2010","6200528","FRIENDLY TAVERN","18121 GULF BLVD","REDINGTON SHORES","33708","3733243","1","Food","Routine - Food","Inspection Completed - No Further Action","07/31/2026","","","13","1","1","11","Y","0","0","1","0","0","0","0","1","0","1","0","0","0","0","0","1","0","0","0","0","0","2","2","0","1","0","0","0","1","0","0","0","1","0","2","0","0","0","0","0","0","0","0","0","0","0","0","0","0","0","0","0","0","0","0","0","0","0","9695860","13771736"
"D3","62","Pinellas","2010","6200634","DUNEDIN LANES","405 PATRICIA AVE","DUNEDIN","34698","3700477","2","Food","Food-Licensing Inspection","Call Back - Complied","07/24/2026","","","0","0","0","0","Y","0","0","0","0","0","0","0","0","0","0","0","0","0","0","0","0","0","0","0","0","0","0","0","0","0","0","0","0","0","0","0","0","0","0","0","0","0","0","0","0","0","0","0","0","0","0","0","0","0","0","0","0","0","0","0","0","0","0","9997656","13721811"
"D3","62","Pinellas","2010","6200729","DERBY CLUB 5 AND 6 FLOORS","10490 GANDY BLVD","ST. PETERSBURG","33702-2308","3736905","1","Food","Routine - Food","Administrative complaint recommended","07/27/2026","","","4","2","0","2","Y","1","0","0","0","0","0","0","0","0","0","0","0","0","1","0","0","0","0","0","0","0","1","0","0","0","0","0","0","0","0","0","0","0","0","1","0","0","0","0","0","0","0","0","0","0","0","0","0","0","0","0","0","0","0","0","0","0","0","2234195","13775398"
"D3","62","Pinellas","2010","6200729","DERBY CLUB 5 AND 6 FLOORS","10490 GANDY BLVD","ST. PETERSBURG","33702-2308","3736905","2","Food","Routine - Food","Call Back - Complied","07/28/2026","","","2","0","0","2","Y","0","0","0","0","0","0","0","0","0","0","0","0","0","1","0","0","0","0","0","0","0","1","0","0","0","0","0","0","0","0","0","0","0","0","0","0","0","0","0","0","0","0","0","0","0","0","0","0","0","0","0","0","0","0","0","0","0","0","2234195","13860610"
"D3","62","Pinellas","2010","6200851","TEN PIN LANE REST & LOUNGE","1453 PASADENA AVE","S PASADENA","33707-3715","3714048","1","Food","Routine - Food","Inspection Completed - No Further Action","07/22/2026","","","4","1","2","1","Y","0","1","0","0","0","0","0","1","0","0","0","0","0","0","0","0","0","0","0","0","0","0","0","0","0","0","0","0","1","0","0","0","0","0","0","0","0","0","0","0","0","0","0","0","0","0","0","0","0","0","0","0","1","0","0","0","0","0","2234248","13752541"
"D3","62","Pinellas","2010","6201120","TREASURE ISLAND R BAR","245 108 AVE","TREASURE ISLAND","33706","3756066","1","Food","Complaint Full","Inspection Completed - No Further Action","07/23/2026","","","25","5","5","15","Y","1","2","1","0","0","0","0","4","1","4","1","1","0","1","0","3","0","0","0","0","0","2","1","0","0","0","0","0","0","0","0","0","0","0","0","2","0","0","0","0","0","0","0","0","0","0","0","0","0","0","1","0","0","0","0","0","0","0","8645696","13843215"
"D3","62","Pinellas","2010","6205231","BURGER KING #1180","23904 US 19 N","CLEARWATER","33765","3744732","1","Food","Routine - Food","Inspection Completed - No Further Action","07/24/2026","","","3","1","0","2","Y","0","0","0","0","0","0","0","1","0","0","0","0","0","0","0","0","0","0","0","0","0","0","0","0","0","0","0","0","0","0","0","0","1","0","0","0","0","0","0","1","0","0","0","0","0","0","0","0","0","0","0","0","0","0","0","0","0","0","3646548","13783234"
"D3","62","Pinellas","2010","6205616","LEVEROCK'S SEAFOOD HOUSE","840 S PASADENA AVE","SOUTH PASADENA","33707","3728596","1","Food","Routine - Food","Inspection Completed - No Further Action","07/20/2026","","","14","2","2","10","Y","0","0","1","0","0","0","0","2","0","0","0","0","0","3","0","0","0","0","0","0","0","3","0","1","0","0","0","0","1","0","0","0","0","0","0","2","0","0","0","0","1","0","0","0","0","0","0","0","0","0","0","0","0","0","0","0","0","0","3504729","13767089"
"D3","62","Pinellas","2010","6205661","SUNSET SUPER SUB","23688 N US HWY 19","CLEARWATER","33765","3727622","1","Food","Routine - Food","Inspection Completed - No Further Action","07/20/2026","","","5","1","1","3","Y","0","0","1","0","0","0","0","1","0","0","0","0","1","1","0","0","0","0","0","0","0","1","0","0","0","0","0","0","0","0","0","0","0","0","0","0","0","0","0","0","0","0","0","0","0","0","0","0","0","0","0","0","0","0","0","0","0","0","2852223","13766115"
"D3","62","Pinellas","2010","6205852","MCDONALD'S","4085 TAMPA RD","OLDSMAR","34677","3718053","1","Food","Routine - Food","Inspection Completed - No Further Action","07/30/2026","","","2","2","0","0","Y","0","0","0","0","0","0","0","0","0","0","0","2","0","0","0","0","0","0","0","0","0","0","0","0","0","0","0","0","0","0","0","0","0","0","0","0","0","0","0","0","0","0","0","0","0","0","0","0","0","0","0","0","0","0","0","0","0","0","8618947","13756546"
"D3","62","Pinellas","2010","6206271","WENDY'S OLD FASHIONED HAMBURGERS","912 E TARPON AVE","TARPON SPRINGS","34689","3720397","1","Food","Routine - Food","Inspection Completed - No Further Action","07/07/2026","","","2","0","0","2","Y","0","0","0","0","0","0","0","0","0","0","0","0","0","0","0","0","0","0","0","0","0","1","0","0","0","0","0","0","0","0","0","0","0","0","1","0","0","0","0","0","0","0","0","0","0","0","0","0","0","0","0","0","0","0","0","0","0","0","8393820","13758890"
"D3","62","Pinellas","2010","6206460","SEMINOLE LANES INC","8668 PARK BLVD","SEMINOLE","337774345","3704437","1","Food","Routine - Food","Inspection Completed - No Further Action","07/30/2026","","","5","0","2","3","Y","0","0","0","0","1","0","0","0","0","0","0","0","0","0","0","1","0","0","0","0","1","1","0","0","0","0","0","0","0","0","0","0","0","0","0","1","0","0","0","0","0","0","0","0","0","0","0","0","0","0","0","0","0","0","0","0","0","0","2235627","13742914"
"D3","62","Pinellas","2010","6206581","LANSBROOK GOLF CLUB","4605 VILLAGE CENTER DR","PALM HARBOR","34685","3714704","1","Food","Routine - Food","Inspection Completed - No Further Action","07/24/2026","","","4","1","0","3","Y","0","0","1","0","0","0","0","0","0","0","0","0","0","1","0","0","0","0","0","0","0","0","1","0","0","0","0","0","1","0","0","0","0","0","0","0","0","0","0","0","0","0","0","0","0","0","0","0","0","0","0","0","0","0","0","0","0","0","3611180","13753197"
"D3","62","Pinellas","2010","6206749","CLEARWATER YACHT CLUB","830 BAYWAY BLVD","CLEARWATER BCH","33767","3749294","1","Food","Routine - Food","Warning Issued","07/29/2026","","","6","1","3","2","Y","0","1","0","0","0","0","0","0","0","0","0","0","0","0","0","0","0","0","0","0","0","1","0","1","0","0","0","0","1","0","0","0","0","0","0","0","0","0","0","0","0","0","0","0","0","0","0","0","0","0","0","0","2","0","0","0","0","0","2235698","13787796"
"D3","62","Pinellas","2010","6206786","PASADENA BAR & GRILL","796 PASADENA AVENUE S","SOUTH PASADENA","33707","3738861","1","Food","Routine - Food","Inspection Completed - No Further Action","07/20/2026","","","4","0","1","3","Y","0","0","0","0","0","0","0","0","0","0","0","0","0","1","0","0","0","0","0","0","0","0","1","0","0","0","0","0","0","0","0","0","0","0","0","1","0","0","0","0","0","0","0","0","0","0","0","0","0","0","0","0","1","0","0","0","0","0","8502541","13777362"
"D3","62","Pinellas","2010","6206856","ISLAND TIMEZ CARIBBEAN RESTAURANT & LOUNGE INC","9291 DR MARTIN LUTHER KING JR ST N","ST. PETERSBURG","33702","3707140","1","Food","Routine - Food","Inspection Completed - No Further Action","07/21/2026","","","3","1","1","1","Y","0","0","0","0","0","0","0","1","0","0","0","1","0","0","0","0","0","0","0","0","0","0","0","0","0","0","0","0","0","0","1","0","0","0","0","0","0","0","0","0","0","0","0","0","0","0","0","0","0","0","0","0","0","0","0","0","0","0","9660116","13745628"
"D3","62","Pinellas","2010","6206941","WENDY'S PROPERTIES LLC","1115 34 ST N","ST. PETERSBURG","33713","3724608","1","Food","Routine - Food","Inspection Completed - No Further Action","07/24/2026","","","4","1","0","3","Y","0","0","0","0","0","0","0","0","0","0","0","0","0","1","0","1","0","0","0","0","0","1","0","1","0","0","0","0","0","0","0","0","0","0","0","0","0","0","0","0","0","0","0","0","0","0","0","0","0","0","0","0","0","0","0","0","0","0","6388368","13763101"
"D3","62","Pinellas","2010","6207181","PARADISE RESTAURANT","443 MAIN ST","SAFETY HARBOR","34695","3724008","1","Food","Routine - Food","Inspection Completed - No Further Action","07/09/2026","","","7","1","2","4","Y","0","1","1","0","0","0","0","0","0","0","0","0","1","0","0","0","0","0","0","0","0","0","0","0","0","0","0","0","1","0","1","0","0","0","0","1","0","0","0","0","1","0","0","0","0","0","0","1","0","0","0","0","0","0","0","0","0","0","8230214","13762501"
"D3","62","Pinellas","2010","6207291","CRABBY BILLS","401 GULF BLVD","INDIAN ROCKS BEACH","33785","3756035","1","Food","Complaint Full","Inspection Completed - No Further Action","07/10/2026","","","3","0","0","3","Y","0","0","0","0","0","0","0","0","0","1","0","0","0","0","0","0","0","0","0","0","0","0","0","0","0","0","0","0","0","0","1","1","0","0","0","0","0","0","0","0","0","0","0","0","0","0","0","0","0","0","0","0","0","0","0","0","0","0","2235800","13842959"
"D3","62","Pinellas","2010","6207420","DENNY'S","4999 34 ST N","ST. PETERSBURG","33714","3704421","1","Food","Routine - Food","Emergency order recommended","07/21/2026","","","20","4","3","13","Y","1","0","0","0","0","0","0","0","0","0","0","1","0","1","0","2","0","0","0","0","0","1","2","0","0","0","1","0","1","0","1","0","0","0","4","3","0","0","0","0","0","0","0","0","0","0","0","0","0","0","1","0","1","0","0","0","0","0","6444333","13742898"
"D3","62","Pinellas","2010","6207420","DENNY'S","4999 34 ST N","ST. PETERSBURG","33714","3704421","2","Food","Routine - Food","Emergency Order Callback Complied","07/22/2026","","","6","0","0","6","Y","0","0","0","0","0","0","0","0","0","0","0","0","0","0","0","1","0","0","0","0","0","0","2","0","0","0","0","0","0","0","0","0","0","0","1","2","0","0","0","0","0","0","0","0","0","0","0","0","0","0","0","0","0","0","0","0","0","0","6444333","13853718"
"D3","62","Pinellas","2010","6207565","FRENCHY'S ROCKAWAY GRILL INC","7 ROCKAWAY ST","CLEARWATER BCH","33767","3734396","1","Food","Routine - Food","Inspection Completed - No Further Action","07/28/2026","","","6","2","2","2","Y","1","0","0","0","1","0","0","1","0","0","0","0","0","0","0","0","0","0","0","0","0","1","0","0","0","0","0","0","0","0","0","0","0","0","1","0","0","0","0","0","1","0","0","0","0","0","0","0","0","0","0","0","0","0","0","0","0","0","2235875","13772889"
"D3","62","Pinellas","2010","6207578","BURGER KING #2816","1888 GULF TO BAY BLVD","CLEARWATER","33765","3747421","1","Food","Routine - Food","Inspection Completed - No Further Action","07/15/2026","","","2","0","0","2","Y","0","0","0","0","0","0","0","0","0","0","0","0","0","0","0","0","0","0","0","0","0","0","1","0","0","0","0","0","0","0","0","0","0","0","1","0","0","0","0","0","0","0","0","0","0","0","0","0","0","0","0","0","0","0","0","0","0","0","5423728","13785923"
"D3","62","Pinellas","2010","6208055","RED LOBSTER #0348","26320 US 19 N","CLEARWATER","33761","3729593","1","Food","Routine - Food","Inspection Completed - No Further Action","07/14/2026","","","3","0","0","3","Y","0","0","0","0","0","0","0","0","0","0","0","0","0","0","0","0","0","0","0","0","0","1","0","0","0","0","0","0","0","0","0","0","0","0","0","2","0","0","0","0","0","0","0","0","0","0","0","0","0","0","0","0","0","0","0","0","0","0","5911301","13768086"
"D3","62","Pinellas","2010","6208151","FRENCHY'S SOUTH BEACH CAFE","351 GULFVIEW BLVD","CLEARWATER BEACH","33767","3722672","1","Food","Routine - Food","Inspection Completed - No Further Action","07/15/2026","","","3","1","0","2","Y","0","0","0","0","0","0","0","2","0","0","0","0","0","0","0","0","0","0","0","0","0","0","0","0","1","0","0","0","0","0","0","0","0","0","0","0","0","0","0","0","0","0","0","0","0","0","0","0","0","0","0","0","0","0","0","0","0","0","2431997","13761165"
"D3","62","Pinellas","2010","6208160","JAKES COASTAL CANTINA","500 1 STREET","INDIAN ROCKS BEACH","33785","3749231","1","Food","Routine - Food","Warning Issued","07/21/2026","","","7","3","2","2","Y","1","1","1","0","0","0","0","0","0","0","0","0","0","2","0","0","0","0","0","0","0","1","0","0","0","0","0","0","0","0","1","0","0","0","0","0","0","0","0","0","0","0","0","0","0","0","0","0","0","0","0","0","0","0","0","0","0","0","7726502","13787733"
"D3","62","Pinellas","2010","6208160","JAKES COASTAL CANTINA","500 1 STREET","INDIAN ROCKS BEACH","33785","3749231","2","Food","Routine - Food","Call Back - Complied","07/23/2026","","","1","0","0","1","Y","0","0","0","0","0","0","0","0","0","0","0","0","0","1","0","0","0","0","0","0","0","0","0","0","0","0","0","0","0","0","0","0","0","0","0","0","0","0","0","0","0","0","0","0","0","0","0","0","0","0","0","0","0","0","0","0","0","0","7726502","13853814"
"D3","62","Pinellas","2010","6208281","MR SUBMARINE","1010 CLEVELAND ST","CLEARWATER","33755","3756133","1","Food","Complaint Full","Inspection Completed - No Further Action","07/27/2026","","","5","2","0","3","Y","0","0","1","0","0","0","0","0","1","0","0","0","0","0","0","0","0","0","0","0","1","1","0","0","0","0","0","0","0","0","0","0","0","0","0","1","0","0","0","0","0","0","0","0","0","0","0","0","0","0","0","0","0","0","0","0","0","0","5378017","13844136"
"D3","62","Pinellas","2010","6208344","METRO DINER PALM HARBOR","35000 US HWY 19 N","PALM HARBOR","34684","3720083","1","Food","Routine - Food","Inspection Completed - No Further Action","07/30/2026","","","16","2","2","12","Y","1","0","0","0","0","0","0","1","0","0","0","1","0","4","0","1","0","0","0","0","2","3","0","1","0","0","0","0","0","0","0","0","0","0","1","1","0","0","0","0","0","0","0","0","0","0","0","0","0","0","0","0","0","0","0","0","0","0","9652931","13758576"
"D3","62","Pinellas","2010","6208359","4TH STREET SHRIMP STORE","1006 4 ST N","ST. PETERSBURG","33701","3701429","2","Food","Complaint Partial","Call Back - Admin. complaint recommended","07/01/2026","","","1","1","0","0","Y","0","0","0","0","0","0","0","0","0","0","0","0","0","0","0","0","0","0","0","0","0","0","0","0","0","0","0","0","0","0","0","0","0","0","1","0","0","0","0","0","0","0","0","0","0","0","0","0","0","0","0","0","0","0","0","0","0","0","3883990","13819770"
"D3","62","Pinellas","2010","6208359","4TH STREET SHRIMP STORE","1006 4 ST N","ST. PETERSBURG","33701","3701429","3","Food","Complaint Partial","Call Back - Complied","07/08/2026","","","0","0","0","0","Y","0","0","0","0","0","0","0","0","0","0","0","0","0","0","0","0","0","0","0","0","0","0","0","0","0","0","0","0","0","0","0","0","0","0","0","0","0","0","0","0","0","0","0","0","0","0","0","0","0","0","0","0","0","0","0","0","0","0","3883990","13819839"
"D3","62","Pinellas","2010","6208385","SEMINOLE SUBS EXPRESS","4131 PARK ST N","ST. PETERSBURG","33709","3712560","1","Food","Routine - Food","Inspection Completed - No Further Action","07/22/2026","","","6","0","3","3","Y","0","0","0","0","0","0","0","0","0","0","0","0","0","1","0","0","0","0","0","0","0","1","0","1","0","0","0","0","0","0","2","0","1","0","0","0","0","0","0","0","0","0","0","0","0","0","0","0","0","0","0","0","0","0","0","0","0","0","9171838","13751053"
"D3","62","Pinellas","2010","6208463","PIZZA SHACK","11963 INDIAN ROCKS RD","LARGO","33774","3734096","1","Food","Routine - Food","Inspection Completed - No Further Action","07/24/2026","","","5","1","3","1","Y","0","0","0","0","0","0","0","2","0","0","0","0","0","0","0","0","0","0","0","0","0","2","0","0","0","0","0","0","0","0","0","0","0","0","0","0","0","0","0","0","1","0","0","0","0","0","0","0","0","0","0","0","0","0","0","0","0","0","3168823","13772589"
"D3","62","Pinellas","2010","6208560","BURGER KING #4010","32375 US HWY 19 N","PALM HARBOR","34684","3702315","1","Food","Routine - Food","Inspection Completed - No Further Action","07/14/2026","","","11","0","2","9","Y","0","0","0","0","0","0","0","1","0","0","0","0","2","2","0","0","0","0","0","0","1","2","1","0","0","0","1","0","0","0","0","0","0","0","0","1","0","0","0","0","0","0","0","0","0","0","0","0","0","0","0","0","0","0","0","0","0","0","5423760","13740790"
"D3","62","Pinellas","2010","6208718","WENDY'S #969","34092 N US 19","PALM HARBOR","34684","3723194","1","Food","Routine - Food","Inspection Completed - No Further Action","07/20/2026","","","6","0","1","5","Y","0","0","0","0","0","0","0","0","0","0","0","0","2","2","0","1","0","0","0","0","0","0","0","1","0","0","0","0","0","0","0","0","0","0","0","0","0","0","0","0","0","0","0","0","0","0","0","0","0","0","0","0","0","0","0","0","0","0","6388380","13761687"
"D3","62","Pinellas","2010","6208845","COUNTRY BOY RESTAURANT","1353 MAIN ST","DUNEDIN","34698","3710040","1","Food","Routine - Food","Inspection Completed - No Further Action","07/24/2026","","","12","2","2","8","Y","1","0","0","0","0","0","0","0","0","1","0","0","1","3","0","1","0","0","0","0","0","2","0","1","0","0","0","0","0","0","0","1","0","0","0","0","0","0","0","0","1","0","0","0","0","0","0","0","0","0","0","0","0","0","0","0","0","0","6615753","13748533"
"D3","62","Pinellas","2010","6208861","SCULLEY'S","190 JOHN'S PASS BOARDWALK","MADEIRA BEACH","33708","3755817","1","Food","Complaint Full","Inspection Completed - No Further Action","07/09/2026","","","4","0","1","3","Y","1","0","0","0","0","0","0","1","0","0","0","1","0","1","0","0","0","0","0","0","0","0","0","0","0","0","0","0","0","0","0","0","0","0","0","0","0","0","0","0","0","0","0","0","0","0","0","0","0","0","0","0","0","0","0","0","0","0","8271930","13821330"
"D3","62","Pinellas","2010","6208964","HUNGRY HOWIES","5570 N 4 ST","ST PETERSBURG","337032252","3760514","1","Food","Complaint Full","Emergency order recommended","07/27/2026","","","30","4","6","20","Y","0","1","1","0","1","0","0","2","0","0","1","0","0","2","0","0","0","0","0","0","0","3","2","0","0","0","0","1","1","0","1","0","0","0","2","7","0","0","0","0","0","0","0","0","0","0","0","0","0","2","1","0","2","0","0","0","0","0","2236187","13856971"
"D3","62","Pinellas","2010","6208964","HUNGRY HOWIES","5570 N 4 ST","ST PETERSBURG","337032252","3760514","2","Food","Complaint Full","Emergency Order Callback Not Complied","07/28/2026","","","20","1","5","14","Y","0","1","0","0","0","0","0","1","0","0","1","0","0","2","0","0","0","0","0","0","0","3","2","0","0","0","0","1","1","0","0","0","0","0","1","4","0","0","0","0","0","0","0","0","0","0","0","0","0","0","1","0","2","0","0","0","0","0","2236187","13860682"
"D3","62","Pinellas","2010","6208964","HUNGRY HOWIES","5570 N 4 ST","ST PETERSBURG","337032252","3760514","3","Food","Complaint Full","Emergency Order Callback Complied","07/29/2026","","","15","0","3","12","Y","0","0","0","0","0","0","0","1","0","0","1","0","0","2","0","0","0","0","0","0","0","3","2","0","0","0","0","1","0","0","0","0","0","0","0","3","0","0","0","0","0","0","0","0","0","0","0","0","0","0","1","0","1","0","0","0","0","0","2236187","13862251"
"D3","62","Pinellas","2010","6209024","TOM YUM THAI & SUSHI RESTAURANT","104 PATRICIA AVE","DUNEDIN","34698","3691993","2","Food","Routine - Food","Call Back - Complied","07/08/2026","","","1","0","0","1","Y","0","0","0","0","0","0","0","0","0","0","0","0","0","1","0","0","0","0","0","0","0","0","0","0","0","0","0","0","0","0","0","0","0","0","0","0","0","0","0","0","0","0","0","0","0","0","0","0","0","0","0","0","0","0","0","0","0","0","7012781","13693106"
"D3","62","Pinellas","2010","6209138","VILLAGE INN RESTAURANT","3682 TAMPA RD","OLDSMAR","34677","3705649","1","Food","Routine - Food","Inspection Completed - No Further Action","07/08/2026","","","2","0","0","2","Y","0","0","0","0","0","0","0","1","0","0","0","0","0","0","0","0","0","0","0","0","0","0","0","0","0","0","0","0","0","0","0","0","0","0","0","1","0","0","0","0","0","0","0","0","0","0","0","0","0","0","0","0","0","0","0","0","0","0","8784504","13744131"
"D3","62","Pinellas","2010","6209157","MCDONALDS #7731","3470 ULMERTON RD","CLEARWATER","33762","3761494","1","Food","Complaint Full","Inspection Completed - No Further Action","07/29/2026","","","2","1","0","1","Y","0","0","0","0","0","0","0","0","0","0","0","0","0","1","0","0","0","0","0","0","0","0","0","0","0","0","0","0","0","0","0","0","0","0","1","0","0","0","0","0","0","0","0","0","0","0","0","0","0","0","0","0","0","0","0","0","0","0","2236319","13860511"
"D3","62","Pinellas","2010","6209217","KIMMY D'S","12211 N 49 ST","CLEARWATER","33762","3711492","1","Food","Routine - Food","Inspection Completed - No Further Action","07/09/2026","","","2","1","1","0","Y","0","0","1","0","0","0","0","0","0","0","0","0","0","0","0","0","0","0","0","0","0","0","0","0","0","0","0","0","0","0","1","0","0","0","0","0","0","0","0","0","0","0","0","0","0","0","0","0","0","0","0","0","0","0","0","0","0","0","8448111","13749985"
"D3","62","Pinellas","2010","6209298","TRATTORIA D'ANNA","1617 MAIN ST","DUNEDIN","34698","3694085","3","Food","Routine - Food","Call Back - Admin. complaint recommended","07/09/2026","","","8","1","1","6","Y","0","1","0","0","0","0","0","0","0","0","0","0","0","2","0","0","0","0","0","0","0","2","0","1","0","0","0","0","1","0","0","1","0","0","0","0","0","0","0","0","0","0","0","0","0","0","0","0","0","0","0","0","0","0","0","0","0","0","8749378","13721843"
"D3","62","Pinellas","2010","6209298","TRATTORIA D'ANNA","1617 MAIN ST","DUNEDIN","34698","3694085","4","Food","Routine - Food","Call Back - Admin. complaint recommended","07/22/2026","","","8","1","1","6","Y","0","1","0","0","0","0","0","0","0","0","0","0","0","2","0","0","0","0","0","0","0","2","0","1","0","0","0","0","1","0","0","1","0","0","0","0","0","0","0","0","0","0","0","0","0","0","0","0","0","0","0","0","0","0","0","0","0","0","8749378","13842184"
"D3","62","Pinellas","2010","6209341","WENDY'S #01291","4066 TAMPA RD","OLDSMAR","34677","3704001","1","Food","Routine - Food","Inspection Completed - No Further Action","07/27/2026","","","0","0","0","0","Y","0","0","0","0","0","0","0","0","0","0","0","0","0","0","0","0","0","0","0","0","0","0","0","0","0","0","0","0","0","0","0","0","0","0","0","0","0","0","0","0","0","0","0","0","0","0","0","0","0","0","0","0","0","0","0","0","0","0","6388394","13742477"
"D3","62","Pinellas","2010","6209342","WENDY'S #1113","10751 PARK BLVD","SEMINOLE","33772","3747936","1","Food","Routine - Food","Inspection Completed - No Further Action","07/09/2026","","","2","1","0","1","Y","0","0","1","0","0","0","0","0","0","0","0","0","0","1","0","0","0","0","0","0","0","0","0","0","0","0","0","0","0","0","0","0","0","0","0","0","0","0","0","0","0","0","0","0","0","0","0","0","0","0","0","0","0","0","0","0","0","0","6388389","13786438"
"D3","62","Pinellas","2010","6209365","JIMMY GUANA'S BAR & GRILL","401 E 2 ST","INDIAN ROCKS BCH","337853902","3755819","1","Food","Complaint Full","Warning Issued","07/08/2026","","","15","5","5","5","Y","3","0","1","0","0","0","0","2","0","0","0","0","0","0","0","1","0","0","0","0","0","1","1","0","0","0","0","0","0","0","0","0","0","0","0","2","0","0","0","0","0","0","0","0","0","0","0","0","0","0","1","0","3","0","0","0","0","0","2236476","13821339"
"D3","62","Pinellas","2010","6209365","JIMMY GUANA'S BAR & GRILL","401 E 2 ST","INDIAN ROCKS BCH","337853902","3755819","2","Food","Complaint Full","Call Back - Admin. complaint recommended","07/14/2026","","","8","2","4","2","Y","1","0","0","0","0","0","0","1","0","0","0","0","0","0","0","1","0","0","0","0","0","0","0","0","0","0","0","0","0","0","0","0","0","0","0","2","0","0","0","0","0","0","0","0","0","0","0","0","0","0","0","0","3","0","0","0","0","0","2236476","13841530"
"D3","62","Pinellas","2010","6209391","LIBERTY LANES","11401 STARKEY RD","LARGO","33773","3754187","1","Food","Routine - Food","Inspection Completed - No Further Action","07/15/2026","","","7","1","0","6","Y","0","0","0","0","0","0","0","0","0","0","0","1","0","0","0","2","0","0","0","0","0","1","0","0","0","0","0","0","1","0","0","0","0","0","0","1","0","0","0","0","0","0","0","0","0","0","0","0","0","1","0","0","0","0","0","0","0","0","2578118","13792689"
"D3","62","Pinellas","2010","6209402","ZOM HEE RESTAURANT","9015 PARK BLVD","SEMINOLE","337774153","3753928","1","Food","Routine - Food","Inspection Completed - No Further Action","07/30/2026","","","11","2","0","9","Y","0","0","0","0","0","1","0","1","0","2","0","0","0","3","0","0","0","0","0","0","0","2","1","0","0","0","0","0","0","0","0","0","0","0","0","0","0","0","0","0","0","0","0","0","0","0","0","0","0","1","0","0","0","0","0","0","0","0","2236494","13792430"
"D3","62","Pinellas","2010","6209562","HUNGRY HOWIES","3780 TAMPA RD","OLDSMAR","346773041","3740423","1","Food","Routine - Food","Inspection Completed - No Further Action","07/24/2026","","","1","0","1","0","Y","0","0","0","0","0","0","0","0","0","0","0","0","0","0","0","0","0","0","0","0","0","0","0","0","0","0","0","0","0","0","0","0","0","0","0","0","0","0","0","0","0","0","0","0","0","0","0","0","0","0","0","0","1","0","0","0","0","0","2236541","13778925"
"D3","62","Pinellas","2010","6209625","ORIGINAL PIZZA","10661 GULF BLVD","TREASURE ISLAND","33706","3733713","1","Food","Routine - Food","Inspection Completed - No Further Action","07/23/2026","","","2","0","1","1","Y","0","0","0","0","0","0","0","0","0","0","0","0","0","1","0","0","0","0","0","0","0","1","0","0","0","0","0","0","0","0","0","0","0","0","0","0","0","0","0","0","0","0","0","0","0","0","0","0","0","0","0","0","0","0","0","0","0","0","9928299","13772206"
"D3","62","Pinellas","2010","6209637","VILLAGE INN","13105 WALSINGHAM RD","LARGO","33774","3760552","1","Food","Complaint Full","Inspection Completed - No Further Action","07/24/2026","","","3","0","1","2","Y","0","0","0","0","0","0","0","0","0","0","0","0","0","0","0","0","0","0","0","0","0","1","1","0","0","0","0","0","0","0","0","0","0","0","0","1","0","0","0","0","0","0","0","0","0","0","0","0","0","0","0","0","0","0","0","0","0","0","4441676","13857342"
"D3","62","Pinellas","2010","6209659","BURGER KING #5313","3770 ULMERTON RD","CLEARWATER","33762","3722595","1","Food","Routine - Food","Inspection Completed - No Further Action","07/24/2026","","","6","2","2","2","Y","0","0","2","0","0","0","0","0","0","0","0","0","0","2","0","0","0","0","0","0","0","1","0","0","0","0","1","0","0","0","0","0","0","0","0","0","0","0","0","0","0","0","0","0","0","0","0","0","0","0","0","0","0","0","0","0","0","0","5423792","13761088"
"D3","62","Pinellas","2010","6209672","FLAP JACKS","3101 SR 580 G","SAFETY HARBOR","34695","3730583","1","Food","Routine - Food","Warning Issued","07/17/2026","","","10","4","2","4","Y","0","1","2","0","0","0","0","0","0","0","0","2","0","1","0","0","0","0","0","0","0","1","0","0","1","0","0","0","0","0","2","0","0","0","0","0","0","0","0","0","0","0","0","0","0","0","0","0","0","0","0","0","0","0","0","0","0","0","8122696","13769076"
"D3","62","Pinellas","2010","6209672","FLAP JACKS","3101 SR 580 G","SAFETY HARBOR","34695","3730583","2","Food","Routine - Food","Call Back - Complied","07/29/2026","","","1","0","0","1","Y","0","1","0","0","0","0","0","0","0","0","0","0","0","0","0","0","0","0","0","0","0","0","0","0","0","0","0","0","0","0","0","0","0","0","0","0","0","0","0","0","0","0","0","0","0","0","0","0","0","0","0","0","0","0","0","0","0","0","8122696","13851091"
"D3","62","Pinellas","2010","6209768","GYRO KING SUB'S AND SALADS","2671 ALT 19","PALM HARBOR","34683","3708248","1","Food","Routine - Food","Warning Issued","07/20/2026","","","12","0","3","9","Y","0","1","0","0","0","0","0","0","0","0","0","0","1","4","0","1","0","0","0","0","0","1","0","0","0","0","0","0","0","0","0","0","0","0","0","2","0","1","0","0","0","0","0","0","0","0","0","0","0","0","0","0","1","0","0","0","0","0","3496054","13746740"
"D3","62","Pinellas","2010","6209941","THE HAMPTON AT CLEARWATER DINING ROOM","1099 MCMULLEN BOOTH RD","CLEARWATER","33759","3730875","1","Food","Routine - Food","Inspection Completed - No Further Action","07/23/2026","","","0","0","0","0","Y","0","0","0","0","0","0","0","0","0","0","0","0","0","0","0","0","0","0","0","0","0","0","0","0","0","0","0","0","0","0","0","0","0","0","0","0","0","0","0","0","0","0","0","0","0","0","0","0","0","0","0","0","0","0","0","0","0","0","2236722","13769368"
"D3","62","Pinellas","2010","6209999","SUBWAY 3956","1895 N HIGHLAND AVE","CLEARWATER","33755","3717923","1","Food","Routine - Food","Inspection Completed - No Further Action","07/08/2026","","","7","1","0","6","Y","0","0","0","0","0","0","0","0","0","0","0","0","0","1","0","1","0","0","0","0","0","1","1","0","0","0","0","1","0","0","0","0","0","0","0","0","0","0","0","0","1","0","0","0","0","0","0","0","0","1","0","0","0","0","0","0","0","0","8399096","13756416"
"D3","62","Pinellas","2010","6210041","BEACH SHANTY CAFE","397 MANDALAY AVE","CLEARWATER BCH","33767","3732129","1","Food","Routine - Food","Inspection Completed - No Further Action","07/27/2026","","","3","2","0","1","Y","0","0","0","0","0","0","0","2","0","0","0","1","0","0","0","0","0","0","0","0","0","0","0","0","0","0","0","0","0","0","0","0","0","0","0","0","0","0","0","0","0","0","0","0","0","0","0","0","0","0","0","0","0","0","0","0","0","0","2236770","13770622"
"D3","62","Pinellas","2010","6210279","TACO BELL #029579","3600 4 ST N","ST. PETERSBURG","33704","3710436","1","Food","Routine - Food","Inspection Completed - No Further Action","07/20/2026","","","1","0","0","1","Y","0","0","0","0","0","0","0","0","0","0","0","0","0","0","0","0","0","0","0","0","0","0","0","1","0","0","0","0","0","0","0","0","0","0","0","0","0","0","0","0","0","0","0","0","0","0","0","0","0","0","0","0","0","0","0","0","0","0","5654826","13748929"
"D3","62","Pinellas","2010","6210303","EDDIES'S BAR AND GRILL","9685  BAY PINES BLVD","ST PETERSBURG","33708","3704984","1","Food","Routine - Food","Inspection Completed - No Further Action","07/23/2026","","","4","1","2","1","Y","0","1","1","0","0","0","0","0","0","0","0","0","0","0","0","1","0","0","0","0","0","1","0","0","0","0","0","0","0","0","0","0","0","0","0","0","0","0","0","0","0","0","0","0","0","0","0","0","0","0","0","0","0","0","0","0","0","0","8320799","13743463"
"D3","62","Pinellas","2010","6210381","TACO BELL #3880","1824 GULF TO BAY BLVD","CLEARWATER","33765","3710788","1","Food","Routine - Food","Inspection Completed - No Further Action","07/10/2026","","","2","0","1","1","Y","0","0","0","0","0","0","0","0","0","0","0","0","0","0","0","0","0","0","0","0","0","1","0","0","0","0","0","0","0","0","0","0","1","0","0","0","0","0","0","0","0","0","0","0","0","0","0","0","0","0","0","0","0","0","0","0","0","0","2236920","13749281"
"D3","62","Pinellas","2010","6210453","TACO BELL #3773","2456 MCMULLEN BOOTH RD","SAFETY HARBOR","34695","3710658","1","Food","Routine - Food","Inspection Completed - No Further Action","07/10/2026","","","4","2","0","2","Y","0","0","2","0","0","0","0","0","0","0","0","0","0","0","0","0","0","0","0","0","0","0","1","0","0","0","0","0","0","0","0","0","0","0","0","1","0","0","0","0","0","0","0","0","0","0","0","0","0","0","0","0","0","0","0","0","0","0","2236939","13749151"
"D3","62","Pinellas","2010","6210457","GLORY DAYS GRILL","4088 PARK ST NORTH","ST. PETERSBURG","33709","3710110","1","Food","Routine - Food","Inspection Completed - No Further Action","07/22/2026","","","8","1","2","5","Y","1","0","0","0","0","0","0","0","0","0","0","0","0","2","0","0","0","0","0","0","0","2","0","1","0","0","1","0","1","0","0","0","0","0","0","0","0","0","0","0","0","0","0","0","0","0","0","0","0","0","0","0","0","0","0","0","0","0","7340677","13748603"
"D3","62","Pinellas","2010","6210504","COPPER KETTLE","7390 GULF BLVD","ST.PETE BEACH","33706","3761979","1","Food","Complaint Full","Inspection Completed - No Further Action","07/30/2026","","","3","0","2","1","Y","0","0","0","0","0","0","0","0","0","1","1","0","0","0","0","0","0","0","0","0","0","0","0","0","0","0","0","0","0","0","1","0","0","0","0","0","0","0","0","0","0","0","0","0","0","0","0","0","0","0","0","0","0","0","0","0","0","0","9560920","13862387"
"D3","62","Pinellas","2010","6210912","DAIQUIRI SHAK RAW BAR AND GRILL","14995 GULF BLVD SUITE A","MADEIRA BEACH","33708","3755785","1","Food","Complaint Full","Administrative complaint recommended","07/09/2026","","","10","2","2","6","Y","2","0","0","0","0","1","0","0","0","0","0","0","0","1","0","1","0","0","0","0","0","0","0","0","0","0","0","0","0","0","0","0","1","0","2","2","0","0","0","0","0","0","0","0","0","0","0","0","0","0","0","0","0","0","0","0","0","0","2508496","13821163"
"D3","62","Pinellas","2010","6210912","DAIQUIRI SHAK RAW BAR AND GRILL","14995 GULF BLVD SUITE A","MADEIRA BEACH","33708","3755785","2","Food","Complaint Full","Call Back - Complied","07/10/2026","","","7","1","1","5","Y","2","0","0","0","0","1","0","0","0","0","0","0","0","1","0","0","0","0","0","0","0","0","0","0","0","0","0","0","0","0","0","0","0","0","1","2","0","0","0","0","0","0","0","0","0","0","0","0","0","0","0","0","0","0","0","0","0","0","2508496","13842155"
"D3","62","Pinellas","2010","6210947","MUGS JR DRIVE THRU GRILL","1972 GULF TO BAY BLVD","CLEARWATER","33765","3717868","1","Food","Routine - Food","Warning Issued","07/29/2026","","","11","1","3","7","Y","1","0","0","0","0","1","0","2","0","0","0","0","0","0","0","0","0","0","0","0","0","2","0","1","0","0","0","0","0","0","0","1","0","0","0","0","0","0","0","0","1","0","0","0","0","0","0","0","0","0","1","0","1","0","0","0","0","0","8127462","13756361"
"D3","62","Pinellas","2010","6211118","DOMINO'S PIZZA 5033","3800 TAMPA RD","OLDSMAR","34677","3719178","1","Food","Routine - Food","Inspection Completed - No Further Action","07/30/2026","","","0","0","0","0","Y","0","0","0","0","0","0","0","0","0","0","0","0","0","0","0","0","0","0","0","0","0","0","0","0","0","0","0","0","0","0","0","0","0","0","0","0","0","0","0","0","0","0","0","0","0","0","0","0","0","0","0","0","0","0","0","0","0","0","8119766","13757671"
"D3","62","Pinellas","2010","6211226","CROWN AND BULL","319 MAIN ST 5733","DUNEDIN","34698","3697753","3","Food","Complaint Full","Call Back - Complied","07/23/2026","","","8","0","0","8","Y","0","0","0","0","0","0","0","0","0","0","0","1","1","2","0","1","0","0","0","0","0","1","0","0","0","0","0","0","0","0","1","0","0","0","0","1","0","0","0","0","0","0","0","0","0","0","0","0","0","0","0","0","0","0","0","0","0","0","6784129","13698117"
"D3","62","Pinellas","2010","6211259","THE SALTY CRAB BAR & GRILL NORTH BEACH","462 MANDALAY AVE","CLEARWATER BEACH","33767","3736334","1","Food","Routine - Food","Inspection Completed - No Further Action","07/21/2026","","","1","0","1","0","Y","0","0","0","0","0","0","0","0","0","0","0","0","0","0","0","0","0","0","0","0","0","0","0","0","0","0","0","0","0","0","0","0","0","0","0","0","0","0","0","0","1","0","0","0","0","0","0","0","0","0","0","0","0","0","0","0","0","0","7371469","13774827"
"D3","62","Pinellas","2010","6211336","SANDBAR BILLS","4350 GULF BLVD","ST PETE BCH","337063831","3724475","1","Food","Routine - Food","Inspection Completed - No Further Action","07/10/2026","","","2","0","1","1","Y","0","0","0","0","0","0","0","0","0","0","0","0","0","0","0","0","0","0","0","0","0","0","0","0","0","0","0","0","0","0","1","0","0","0","0","0","0","0","0","0","0","0","0","0","0","0","0","0","0","1","0","0","0","0","0","0","0","0","2237246","13762968"
"D3","62","Pinellas","2010","6211373","CASTILLO'S RESTAURANT","1724 N FORT HARRISON AVE","CLEARWATER","33755","3722683","1","Food","Routine - Food","Inspection Completed - No Further Action","07/20/2026","","","2","0","1","1","Y","0","0","0","0","0","0","0","0","0","0","0","0","0","0","0","0","0","0","0","0","0","0","1","0","0","0","0","0","0","0","0","0","0","0","0","0","0","0","0","0","0","0","0","0","0","0","0","0","0","0","0","0","1","0","0","0","0","0","3869679","13761176"
"D3","62","Pinellas","2010","6211422","GONDOLIER PIZZA","674 S GULFVIEW BLVD","CLEARWATER BCH","33767","3721335","1","Food","Routine - Food","Inspection Completed - No Further Action","07/29/2026","","","10","1","2","7","Y","0","1","0","0","0","0","0","2","0","0","0","1","1","2","0","0","0","0","0","0","1","0","0","0","0","0","0","0","0","0","1","0","0","0","0","0","0","0","0","0","0","0","0","0","0","0","0","0","0","1","0","0","0","0","0","0","0","0","2237273","13759828"
"D3","62","Pinellas","2010","6211472","APPLEBEE'S NEIGHBORHOOD GRILL & BAR","30180 US HWY 19 N","CLEARWATER","33761","3757808","1","Food","Routine - Food","Warning Issued","07/17/2026","","","4","1","0","3","Y","0","0","0","0","0","0","0","0","0","0","0","0","0","0","0","0","0","0","0","0","0","1","0","0","0","0","0","0","1","0","0","0","0","0","0","2","0","0","0","0","0","0","0","0","0","0","0","0","0","0","0","0","0","0","0","0","0","0","10006998","13847842"
"D3","62","Pinellas","2010","6211472","APPLEBEE'S NEIGHBORHOOD GRILL & BAR","30180 US HWY 19 N","CLEARWATER","33761","3757808","2","Food","Routine - Food","Call Back - Complied","07/28/2026","","","3","0","0","3","Y","0","0","0","0","0","0","0","0","0","0","0","0","0","0","0","0","0","0","0","0","0","0","0","0","0","0","0","0","1","0","0","0","0","0","0","2","0","0","0","0","0","0","0","0","0","0","0","0","0","0","0","0","0","0","0","0","0","0","10006998","13851228"
"D3","62","Pinellas","2010","6211664","CURRENTS","200 E TARPON AVE","TARPON SPRINGS","34689","3719706","1","Food","Routine - Food","Inspection Completed - No Further Action","07/07/2026","","","5","0","1","4","Y","0","0","0","0","0","0","0","0","0","0","0","0","0","0","0","0","0","0","0","0","1","0","0","0","0","0","0","0","0","0","0","0","0","0","0","3","0","0","0","0","0","0","0","0","0","0","0","0","0","0","0","0","1","0","0","0","0","0","4051813","13758199"
"D3","62","Pinellas","2010","6211681","PETE'S RESTAURANT","2140 MAIN ST","DUNEDIN","34698","3735654","1","Food","Routine - Food","Inspection Completed - No Further Action","07/17/2026","","","11","1","3","7","Y","0","0","0","0","0","0","0","1","0","0","1","1","0","3","0","0","0","0","0","0","0","2","0","0","0","0","0","0","0","0","1","0","0","0","0","1","0","0","0","1","0","0","0","0","0","0","0","0","0","0","0","0","0","0","0","0","0","0","6399860","13774147"
"D3","62","Pinellas","2010","6211751","TACO BELL #029566","2028 66TH STREET","SAINT PETERSBURG","33710","3758350","1","Food","Complaint Full","Inspection Completed - No Further Action","07/20/2026","","","2","0","1","1","Y","0","0","0","0","0","0","0","0","0","0","0","0","0","1","0","0","0","0","0","0","0","1","0","0","0","0","0","0","0","0","0","0","0","0","0","0","0","0","0","0","0","0","0","0","0","0","0","0","0","0","0","0","0","0","0","0","0","0","5668639","13849573"
"D3","62","Pinellas","2010","6211773","BRAVO NY PIZZERIA","764 EAST LAKE RD","PALM HARBOR","34685","3738930","1","Food","Routine - Food","Inspection Completed - No Further Action","07/21/2026","","","5","2","1","2","Y","0","1","1","0","0","0","0","2","0","0","0","0","0","0","0","0","0","0","0","0","0","0","0","0","0","0","0","0","0","0","1","0","0","0","0","0","0","0","0","0","0","0","0","0","0","0","0","0","0","0","0","0","0","0","0","0","0","0","9402917","13777431"
"D3","62","Pinellas","2010","6211787","BEEF O'BRADYS","2901 66 ST N","ST. PETERSBURG","33710","3752743","1","Food","Routine - Food","Warning Issued","07/24/2026","","","13","5","2","6","Y","1","0","1","0","0","1","0","2","0","0","0","0","0","2","0","0","0","0","0","0","0","3","1","0","0","0","0","0","0","0","0","0","0","0","1","0","0","0","0","0","0","0","0","0","0","0","0","0","0","0","0","0","1","0","0","0","0","0","9768212","13791245"
"D3","62","Pinellas","2010","6211816","CENTRAL PIZZA & SUBS LLC 2891","6405 CENTRAL AVE","ST. PETERSBURG","33710","3700239","1","Food","Complaint Full","Inspection Completed - No Further Action","07/07/2026","","","11","5","3","3","Y","1","0","0","0","0","0","0","0","1","1","0","1","0","0","0","1","0","0","0","0","0","1","0","0","0","0","0","0","0","0","0","1","0","0","2","0","0","0","0","0","1","0","0","0","0","0","0","0","0","0","0","0","1","0","0","0","0","0","2237516","13716456"
"D3","62","Pinellas","2010","6211856","BEACH WAVES GRILL","2300 GULF BLVD STE 1","INDIAN ROCKS BEACH","33785","3730107","1","Food","Routine - Food","Inspection Completed - No Further Action","07/27/2026","","","2","0","0","2","Y","0","0","0","0","0","0","0","0","0","0","0","0","1","0","0","0","0","0","0","0","0","0","0","0","0","0","0","0","0","0","0","0","0","0","0","1","0","0","0","0","0","0","0","0","0","0","0","0","0","0","0","0","0","0","0","0","0","0","7833547","13768600"
"D3","62","Pinellas","2010","6211871","MAYERION MYKONOS RESTAURANT","628 DODECANESE BLVD","TARPON SPRINGS","346893130","3690300","2","Food","Routine - Food","Call Back - Admin. complaint recommended","07/17/2026","","","2","0","2","0","Y","0","0","0","0","0","0","0","0","0","0","0","0","0","0","0","0","0","0","0","0","0","0","0","0","0","0","0","0","0","0","0","0","0","0","0","0","0","0","0","0","0","0","0","0","0","0","0","0","0","0","0","0","2","0","0","0","0","0","2237562","13695530"
"D3","62","Pinellas","2010","6212017","KINGS PIZZA & GRILL","325 CORONADO DR","CLEARWATER BEACH","33767","3758328","1","Food","Food-Licensing Inspection","Inspection Completed - No Further Action","07/16/2026","","","4","0","1","3","Y","0","0","0","0","0","0","0","0","0","0","0","0","1","0","0","0","0","0","0","0","0","1","0","0","0","0","0","0","0","0","0","0","0","0","0","2","0","0","0","0","0","0","0","0","0","0","0","0","0","0","0","0","0","0","0","0","0","0","9997838","13849048"
"D3","62","Pinellas","2010","6212202","PHO HA TIEN","6139 PARK BLVD N","PINELLAS PARK","33781","3761039","1","Food","Complaint Full","Inspection Completed - No Further Action","07/28/2026","","","5","1","0","4","Y","0","0","1","0","0","0","0","4","0","0","0","0","0","0","0","0","0","0","0","0","0","0","0","0","0","0","0","0","0","0","0","0","0","0","0","0","0","0","0","0","0","0","0","0","0","0","0","0","0","0","0","0","0","0","0","0","0","0","8382848","13858678"
"D3","62","Pinellas","2010","6212208","FLAP JACKS","36287 US 19","PALM HARBOR","34684","3711208","1","Food","Routine - Food","Warning Issued","07/27/2026","","","34","7","2","25","Y","1","1","1","0","0","1","0","1","0","0","0","2","1","6","0","2","0","0","0","0","3","2","0","1","0","0","0","0","1","0","1","0","0","0","2","5","0","0","0","1","1","0","0","0","0","0","0","0","0","0","1","0","0","0","0","0","0","0","8122484","13749701"
"D3","62","Pinellas","2010","6212208","FLAP JACKS","36287 US 19","PALM HARBOR","34684","3711208","2","Food","Routine - Food","Call Back - Complied","07/28/2026","","","16","1","1","14","Y","0","1","0","0","0","0","0","0","0","0","0","0","0","5","0","2","0","0","0","0","0","1","0","1","0","0","0","0","1","0","0","0","0","0","0","4","0","0","0","0","0","0","0","0","0","0","0","0","0","0","1","0","0","0","0","0","0","0","8122484","13860477"
"D3","62","Pinellas","2010","6212305","TAMPA BAY SKATING ACADEMY","251 LAKEVIEW DR","OLDSMAR","34677","3722060","1","Food","Routine - Food","Inspection Completed - No Further Action","07/24/2026","","","1","0","0","1","Y","0","0","0","0","0","0","0","0","0","0","0","0","1","0","0","0","0","0","0","0","0","0","0","0","0","0","0","0","0","0","0","0","0","0","0","0","0","0","0","0","0","0","0","0","0","0","0","0","0","0","0","0","0","0","0","0","0","0","6338615","13760553"
"D3","62","Pinellas","2010","6212378","STONE SOUP CAFE & PUB","4122 16 ST N","ST. PETERSBURG","33703","3716122","1","Food","Routine - Food","Inspection Completed - No Further Action","07/17/2026","","","2","0","0","2","Y","0","0","0","0","0","0","0","0","0","0","0","0","0","0","0","0","0","0","0","0","0","0","0","1","0","0","0","0","0","0","0","0","0","0","0","0","0","0","0","0","0","0","0","0","0","0","0","0","0","0","1","0","0","0","0","0","0","0","6998375","13754615"
"D3","62","Pinellas","2010","6212395","MIKE'S PIZZA DELI STATION","13560 N 49 ST","CLEARWATER","33762","3709786","1","Food","Routine - Food","Warning Issued","07/29/2026","","","4","1","2","1","Y","0","1","1","0","0","0","0","0","0","0","0","0","0","0","0","0","0","0","0","0","0","0","0","0","0","0","0","0","0","0","1","0","0","0","0","0","0","0","0","0","0","0","0","0","0","0","0","0","0","0","0","0","1","0","0","0","0","0","2237829","13748279"
"D3","62","Pinellas","2010","6212398","TROPICAL SMOOTHIE CAFE","6400 PARK BLVD N","PINELLAS PARK","33781","3740094","1","Food","Routine - Food","Inspection Completed - No Further Action","07/28/2026","","","2","0","2","0","Y","0","0","0","0","0","0","0","0","0","0","0","0","0","0","0","0","0","0","0","0","0","1","0","0","0","0","0","0","0","0","1","0","0","0","0","0","0","0","0","0","0","0","0","0","0","0","0","0","0","0","0","0","0","0","0","0","0","0","9722092","13778596"
"D3","62","Pinellas","2010","6212442","KEEGAN'S SEAFOOD GRILLE","1519 GULF BLVD","INDIAN ROCKS BEACH","33785","3717656","1","Food","Routine - Food","Inspection Completed - No Further Action","07/08/2026","","","8","2","2","4","Y","1","0","1","0","0","0","0","0","0","1","0","0","0","0","0","1","0","0","0","0","0","1","0","0","0","0","0","0","1","0","1","0","0","0","0","1","0","0","0","0","0","0","0","0","0","0","0","0","0","0","0","0","0","0","0","0","0","0","8372434","13756149"
"D3","62","Pinellas","2010","6212467","GIOVANNIS FRESH ITALIAN KITCHEN","2152 MAIN ST","DUNEDIN","34698","3701420","1","Food","Food-Licensing Inspection","Warning Issued","07/15/2026","","","6","2","1","3","Y","0","0","1","0","0","0","0","0","0","0","0","0","3","0","0","0","0","0","0","0","0","0","0","0","0","0","0","0","0","0","0","0","0","0","0","0","0","0","0","0","0","0","0","0","0","0","0","0","0","1","1","0","0","0","0","0","0","0","10003635","13724883"
"D3","62","Pinellas","2010","6212467","GIOVANNIS FRESH ITALIAN KITCHEN","2152 MAIN ST","DUNEDIN","34698","3701420","2","Food","Food-Licensing Inspection","Call Back - Extension given, pending","07/17/2026","","","5","1","1","3","Y","0","0","0","0","0","0","0","0","0","0","0","0","3","0","0","0","0","0","0","0","0","0","0","0","0","0","0","0","0","0","0","0","0","0","0","0","0","0","0","0","0","0","0","0","0","0","0","0","0","1","1","0","0","0","0","0","0","0","10003635","13846092"
"D3","62","Pinellas","2010","6212490","CHINA WOK","3433 49 ST N","ST. PETERSBURG","33710","3678907","2","Food","Routine - Food","Call Back - Complied","07/23/2026","","","0","0","0","0","Y","0","0","0","0","0","0","0","0","0","0","0","0","0","0","0","0","0","0","0","0","0","0","0","0","0","0","0","0","0","0","0","0","0","0","0","0","0","0","0","0","0","0","0","0","0","0","0","0","0","0","0","0","0","0","0","0","0","0","8416498","13688314"
"D3","62","Pinellas","2010","6212609","HUNGRY CRAB","13101 SEMINOLE BLVD","LARGO","33778","3737304","1","Food","Routine - Food","Administrative complaint recommended","07/27/2026","","","21","2","7","12","Y","4","0","1","0","0","0","0","3","0","2","0","0","0","1","0","1","0","0","0","0","0","4","1","1","0","0","0","0","0","0","1","0","0","0","0","1","0","0","0","0","0","0","0","0","0","0","0","0","0","0","0","0","1","0","0","0","0","0","7764537","13775797"
"D3","62","Pinellas","2010","6212684","BAYOU CLUB","7979 BAYOU CLUB BLVD","LARGO","33777","3746979","1","Food","Routine - Food","Inspection Completed - No Further Action","07/16/2026","","","6","1","0","5","Y","0","0","1","0","0","0","0","0","0","1","0","1","0","0","0","0","0","0","0","0","0","0","0","1","0","0","0","0","1","0","0","0","0","0","0","1","0","0","0","0","0","0","0","0","0","0","0","0","0","0","0","0","0","0","0","0","0","0","3539283","13785481"
"D3","62","Pinellas","2010","6212702","CELEBRATION STATION","24546 N US HWY 19","CLEARWATER","33763","3750114","1","Food","Routine - Food","Inspection Completed - No Further Action","07/28/2026","","","2","0","0","2","Y","0","0","0","0","0","0","0","0","0","0","0","0","0","0","0","1","0","0","0","0","1","0","0","0","0","0","0","0","0","0","0","0","0","0","0","0","0","0","0","0","0","0","0","0","0","0","0","0","0","0","0","0","0","0","0","0","0","0","8308805","13788616"
"D3","62","Pinellas","2010","6212801","SPRING GARDEN FAMILY RESTAURANT","1018 62 AVE N","ST. PETERSBURG","33702","3715411","1","Food","Routine - Food","Warning Issued","07/21/2026","","","9","2","0","7","Y","0","0","2","0","1","0","0","0","0","0","0","1","0","2","0","0","0","0","0","0","1","1","1","0","0","0","0","0","0","0","0","0","0","0","0","0","0","0","0","0","0","0","0","0","0","0","0","0","0","0","0","0","0","0","0","0","0","0","6042225","13753904"
"D3","62","Pinellas","2010","6212801","SPRING GARDEN FAMILY RESTAURANT","1018 62 AVE N","ST. PETERSBURG","33702","3715411","2","Food","Routine - Food","Call Back - Complied","07/23/2026","","","3","0","0","3","Y","0","0","0","0","0","0","0","0","0","0","0","0","0","1","0","0","0","0","0","0","1","0","1","0","0","0","0","0","0","0","0","0","0","0","0","0","0","0","0","0","0","0","0","0","0","0","0","0","0","0","0","0","0","0","0","0","0","0","6042225","13853635"
"D3","62","Pinellas","2010","6212832","DAIRY QUEEN","3101 N 66 ST","ST. PETERSBURG","33710","3710583","1","Food","Routine - Food","Warning Issued","07/16/2026","","","11","1","2","8","Y","0","0","0","0","0","0","0","0","0","1","0","1","0","2","0","0","0","0","0","0","0","2","1","0","0","0","0","0","0","0","0","0","0","0","3","0","0","0","0","0","0","0","0","0","0","0","0","0","0","0","0","0","1","0","0","0","0","0","3718379","13749076"
"D3","62","Pinellas","2010","6212832","DAIRY QUEEN","3101 N 66 ST","ST. PETERSBURG","33710","3710583","2","Food","Routine - Food","Call Back - Complied","07/20/2026","","","4","0","1","3","Y","0","0","0","0","0","0","0","0","0","0","0","0","0","2","0","0","0","0","0","0","0","1","1","0","0","0","0","0","0","0","0","0","0","0","0","0","0","0","0","0","0","0","0","0","0","0","0","0","0","0","0","0","0","0","0","0","0","0","3718379","13849741"
"D3","62","Pinellas","2010","6212881","PIZZA HUT #4669","1955 ALT 19 N","TARPON SPRINGS","34689","3713641","1","Food","Routine - Food","Inspection Completed - No Further Action","07/29/2026","","","4","0","0","4","Y","0","0","0","0","0","0","0","0","0","0","0","0","0","0","0","0","0","0","0","0","0","0","1","0","0","0","0","0","1","0","0","0","0","0","0","2","0","0","0","0","0","0","0","0","0","0","0","0","0","0","0","0","0","0","0","0","0","0","7951934","13752134"
"D3","62","Pinellas","2010","6212886","COCOS CRUSH BAR NORTH BEACH","423 POINSETTIA AVE","CLEARWATER BEACH","33767","3705351","1","Food","Routine - Food","Warning Issued","07/09/2026","","","6","3","0","3","Y","1","1","0","0","0","0","0","0","0","0","0","0","0","2","0","0","0","0","0","0","0","0","0","0","0","0","0","0","0","0","0","0","0","0","1","0","0","1","0","0","0","0","0","0","0","0","0","0","0","0","0","0","0","0","0","0","0","0","8391098","13743832"
"D3","62","Pinellas","2010","6212886","COCOS CRUSH BAR NORTH BEACH","423 POINSETTIA AVE","CLEARWATER BEACH","33767","3705351","2","Food","Routine - Food","Call Back - Complied","07/14/2026","","","3","0","0","3","Y","0","0","0","0","0","0","0","0","0","0","0","0","0","2","0","0","0","0","0","0","0","0","0","0","0","0","0","0","0","0","0","0","0","0","0","0","0","1","0","0","0","0","0","0","0","0","0","0","0","0","0","0","0","0","0","0","0","0","8391098","13842008"
"D3","62","Pinellas","2010","6212887","JACKS LONDON GRILL","1050 62 AVE N","ST. PETERSBURG","33702","3702428","1","Food","Routine - Food","Warning Issued","07/21/2026","","","1","1","0","0","Y","0","0","0","0","0","0","0","0","0","0","0","0","0","0","0","0","0","0","0","0","0","1","0","0","0","0","0","0","0","0","0","0","0","0","0","0","0","0","0","0","0","0","0","0","0","0","0","0","0","0","0","0","0","0","0","0","0","0","5672261","13740903"
"D3","62","Pinellas","2010","6212887","JACKS LONDON GRILL","1050 62 AVE N","ST. PETERSBURG","33702","3702428","2","Food","Routine - Food","Call Back - Extension given, pending","07/23/2026","","","1","1","0","0","Y","0","0","0","0","0","0","0","0","0","0","0","0","0","0","0","0","0","0","0","0","0","1","0","0","0","0","0","0","0","0","0","0","0","0","0","0","0","0","0","0","0","0","0","0","0","0","0","0","0","0","0","0","0","0","0","0","0","0","5672261","13853700"
"D3","62","Pinellas","2010","6212887","JACKS LONDON GRILL","1050 62 AVE N","ST. PETERSBURG","33702","3702428","3","Food","Routine - Food","Call Back - Complied","07/28/2026","","","0","0","0","0","Y","0","0","0","0","0","0","0","0","0","0","0","0","0","0","0","0","0","0","0","0","0","0","0","0","0","0","0","0","0","0","0","0","0","0","0","0","0","0","0","0","0","0","0","0","0","0","0","0","0","0","0","0","0","0","0","0","0","0","5672261","13857269"
"D3","62","Pinellas","2010","6212901","MAHUFFERS","19201 GULF BLVD","INDIAN SHORES","337852111","3635373","2","Food","Routine - Food","Call Back - Admin. complaint recommended","07/07/2026","","","4","0","2","2","Y","0","0","0","0","0","0","0","0","0","0","0","0","0","0","0","1","0","0","0","0","0","0","0","0","0","0","0","0","0","0","1","1","0","0","0","0","0","0","0","0","0","0","0","0","0","0","0","0","0","0","0","0","1","0","0","0","0","0","2238152","13690172"
"D3","62","Pinellas","2010","6212932","CAVA","33163 US HWY 19 N","PALM HARBOR","34684","3739486","1","Food","Routine - Food","Inspection Completed - No Further Action","07/23/2026","","","2","0","1","1","Y","0","0","0","0","0","0","0","0","0","0","0","0","0","0","0","0","0","0","0","0","0","2","0","0","0","0","0","0","0","0","0","0","0","0","0","0","0","0","0","0","0","0","0","0","0","0","0","0","0","0","0","0","0","0","0","0","0","0","9206874","13777988"
"D3","62","Pinellas","2010","6213016","CHILI'S GRILL & BAR #349","40584 N U S HWY 19","TARPON SPRINGS","346894822","3716535","1","Food","Routine - Food","Inspection Completed - No Further Action","07/09/2026","","","3","0","0","3","Y","0","0","0","0","0","0","0","1","0","0","0","0","0","0","0","0","0","0","0","0","0","0","1","1","0","0","0","0","0","0","0","0","0","0","0","0","0","0","0","0","0","0","0","0","0","0","0","0","0","0","0","0","0","0","0","0","0","0","2238263","13755028"
"D3","62","Pinellas","2010","6213039","WENDY'S PROPERTIES LLC","750 E LAKE RD S","PALM HARBOR","34685","3723201","1","Food","Routine - Food","Warning Issued","07/08/2026","","","3","1","1","1","Y","0","0","0","0","0","0","0","0","0","0","0","0","0","0","0","1","0","0","0","0","0","0","0","0","0","0","0","0","0","0","0","0","0","0","1","0","0","0","0","0","0","0","0","0","0","0","0","0","0","0","0","0","1","0","0","0","0","0","6388416","13761694"
"D3","62","Pinellas","2010","6213084","THE WHARF","2001 PASS A GRILLE WAY","ST.PETE BEACH","33706","3755813","1","Food","Complaint Full","Administrative complaint recommended","07/09/2026","","","15","7","1","7","Y","2","0","3","0","0","1","0","2","0","0","0","1","0","1","0","0","0","0","0","0","0","1","1","0","0","0","0","0","0","0","0","0","0","0","1","1","0","0","0","0","0","0","0","0","0","0","0","0","0","0","0","1","0","0","0","0","0","0","8346187","13821299"
"D3","62","Pinellas","2010","6213084","THE WHARF","2001 PASS A GRILLE WAY","ST.PETE BEACH","33706","3755813","2","Food","Complaint Full","Call Back - Complied","07/10/2026","","","6","1","0","5","Y","1","0","0","0","0","0","0","1","0","0","0","0","0","1","0","0","0","0","0","0","0","1","1","0","0","0","0","0","0","0","0","0","0","0","0","1","0","0","0","0","0","0","0","0","0","0","0","0","0","0","0","0","0","0","0","0","0","0","8346187","13842207"
"D3","62","Pinellas","2010","6213152","ORIGINAL PIZZA II","6175 N PARK BLVD","PINELLAS PARK","337813234","3729989","1","Food","Routine - Food","Warning Issued","07/09/2026","","","1","1","0","0","Y","0","0","0","0","0","0","0","0","0","0","0","0","0","0","0","0","0","0","0","0","0","0","0","0","0","0","0","0","0","0","0","0","0","0","0","0","0","0","0","0","0","0","0","0","0","0","0","0","0","1","0","0","0","0","0","0","0","0","2238400","13768482"
"D3","62","Pinellas","2010","6213194","CHECKERS DRIVE IN REST 735","4909 ULMERTON RD","CLEARWATER","33760","3699433","1","Food","Complaint Full","Inspection Completed - No Further Action","07/08/2026","","","8","0","1","7","Y","0","0","0","0","0","0","0","2","0","0","0","0","0","1","0","0","0","0","0","0","0","1","0","0","0","0","1","0","0","0","0","2","1","0","0","0","0","0","0","0","0","0","0","0","0","0","0","0","0","0","0","0","0","0","0","0","0","0","2238433","13709578"
"D3","62","Pinellas","2010","6213344","TACO BELL #16507","32899 N US HWY 19","PALM HARBOR","346843123","3742698","1","Food","Routine - Food","Inspection Completed - No Further Action","07/23/2026","","","4","0","1","3","Y","0","0","0","0","0","0","0","0","0","0","0","0","1","1","0","0","0","0","0","0","0","1","1","0","0","0","0","0","0","0","0","0","0","0","0","0","0","0","0","0","0","0","0","0","0","0","0","0","0","0","0","0","0","0","0","0","0","0","2238459","13781200"
"D3","62","Pinellas","2010","6213359","TACO BELL #029567","1800 MAIN STREET","DUNEDIN","34698","3721757","1","Food","Routine - Food","Warning Issued","07/21/2026","","","11","1","1","9","Y","0","0","0","0","0","0","0","0","0","0","0","0","1","3","0","0","0","0","0","0","0","2","1","1","0","0","0","0","0","0","0","1","0","0","1","0","0","1","0","0","0","0","0","0","0","0","0","0","0","0","0","0","0","0","0","0","0","0","5668694","13760250"
"D3","62","Pinellas","2010","6213359","TACO BELL #029567","1800 MAIN STREET","DUNEDIN","34698","3721757","2","Food","Routine - Food","Call Back - Complied","07/22/2026","","","8","0","1","7","Y","0","0","0","0","0","0","0","0","0","0","0","0","1","3","0","0","0","0","0","0","0","2","0","0","0","0","0","0","0","0","0","1","0","0","0","0","0","1","0","0","0","0","0","0","0","0","0","0","0","0","0","0","0","0","0","0","0","0","5668694","13853590"
"D3","62","Pinellas","2010","6213374","APPLEBEE'S NEIGHBORHOOD GRILL & BAR","4700 4 ST N","ST. PETERSBURG","33703","3701161","1","Food","Food-Licensing Inspection","Inspection Completed - No Further Action","07/23/2026","","","8","1","0","7","Y","0","0","0","0","0","0","0","0","0","0","0","0","0","1","0","0","0","0","0","0","0","1","1","0","0","0","0","0","3","0","0","0","0","0","1","1","0","0","0","0","0","0","0","0","0","0","0","0","0","0","0","0","0","0","0","0","0","0","10011230","13722972"
"D3","62","Pinellas","2010","6213514","SUBWAY 4190","2451 MCMULLEN BOOTH RD STE 1","CLEARWATER","33759","3736209","1","Food","Routine - Food","Inspection Completed - No Further Action","07/17/2026","","","4","0","0","4","Y","0","0","0","0","0","0","0","1","0","0","0","0","1","0","0","0","0","0","0","0","0","0","1","0","0","0","0","0","0","0","0","0","0","0","0","0","0","0","0","0","0","0","0","0","0","0","0","0","0","1","0","0","0","0","0","0","0","0","7632297","13774702"
"D3","62","Pinellas","2010","6213531","RED MESA","4912 4 ST  N","ST. PETERSBURG","33703","3724250","1","Food","Routine - Food","Inspection Completed - No Further Action","07/16/2026","","","4","0","1","3","Y","1","0","0","0","0","0","0","0","0","0","0","0","0","0","0","1","0","0","0","0","0","0","1","0","0","0","0","0","0","0","0","0","0","0","0","1","0","0","0","0","0","0","0","0","0","0","0","0","0","0","0","0","0","0","0","0","0","0","8326138","13762743"
"D3","62","Pinellas","2010","6213542","SUSHI YAMA","7790 US HWY 19 N","PINELLAS PARK","33781","3673046","1","Food","Food-Licensing Inspection","Inspection Completed - No Further Action","07/07/2026","","","1","0","0","1","Y","0","0","0","0","0","0","0","0","0","0","0","0","0","1","0","0","0","0","0","0","0","0","0","0","0","0","0","0","0","0","0","0","0","0","0","0","0","0","0","0","0","0","0","0","0","0","0","0","0","0","0","0","0","0","0","0","0","0","9683541","13545100"
"D3","62","Pinellas","2010","6213572","NAUTICAL BREWS PIZZA","2481 N MCMULLEN BOOTH RD STE D","CLEARWATER","33759","3745614","1","Food","Complaint Full","Emergency order recommended","07/15/2026","","","5","2","1","2","Y","0","0","0","0","0","0","0","0","0","0","0","0","0","0","0","0","0","0","0","0","0","1","1","0","0","0","0","0","0","0","0","0","0","0","2","0","0","0","0","0","0","0","0","0","0","0","0","0","0","0","0","0","1","0","0","0","0","0","9576077","13784116"
"D3","62","Pinellas","2010","6213572","NAUTICAL BREWS PIZZA","2481 N MCMULLEN BOOTH RD STE D","CLEARWATER","33759","3745614","2","Food","Complaint Full","Emergency Order Callback Not Complied","07/16/2026","","","2","1","0","1","Y","0","0","0","0","0","0","0","0","0","0","0","0","0","0","0","0","0","0","0","0","0","0","1","0","0","0","0","0","0","0","0","0","0","0","1","0","0","0","0","0","0","0","0","0","0","0","0","0","0","0","0","0","0","0","0","0","0","0","9576077","13848585"
"D3","62","Pinellas","2010","6213572","NAUTICAL BREWS PIZZA","2481 N MCMULLEN BOOTH RD STE D","CLEARWATER","33759","3745614","3","Food","Complaint Full","Emergency Order Callback Complied","07/17/2026","","","0","0","0","0","Y","0","0","0","0","0","0","0","0","0","0","0","0","0","0","0","0","0","0","0","0","0","0","0","0","0","0","0","0","0","0","0","0","0","0","0","0","0","0","0","0","0","0","0","0","0","0","0","0","0","0","0","0","0","0","0","0","0","0","9576077","13849940"
"D3","62","Pinellas","2010","6213686","DOE DOES DINER","9395 BAY PINES BLVD","ST. PETERSBURG","33708","3702451","1","Food","Routine - Food","Inspection Completed - No Further Action","07/22/2026","","","4","2","0","2","Y","0","0","2","0","0","0","0","1","0","0","0","0","0","1","0","0","0","0","0","0","0","0","0","0","0","0","0","0","0","0","0","0","0","0","0","0","0","0","0","0","0","0","0","0","0","0","0","0","0","0","0","0","0","0","0","0","0","0","5647556","13740926"
"D3","62","Pinellas","2010","6213874","BAYSIDE BAR & GRILL","20967 US 19 N","CLEARWATER","33765","3709236","1","Food","Routine - Food","Inspection Completed - No Further Action","07/21/2026","","","3","0","0","3","Y","0","0","0","0","0","0","0","1","0","0","0","0","0","0","0","0","0","0","0","0","0","0","0","0","0","0","0","0","0","0","0","0","0","0","0","1","0","0","0","0","0","0","0","0","0","0","0","0","0","0","1","0","0","0","0","0","0","0","6380942","13747729"
"D3","62","Pinellas","2010","6213941","PAPA JOHN'S PIZZA","411 S MISSOURI AVE","CLEARWATER","33756","3754144","1","Food","Routine - Food","Inspection Completed - No Further Action","07/21/2026","","","4","0","1","3","Y","0","0","0","0","0","0","0","0","0","0","0","1","0","0","0","0","0","0","0","0","1","0","0","0","0","0","0","0","0","0","0","0","1","0","0","0","0","0","0","0","1","0","0","0","0","0","0","0","0","0","0","0","0","0","0","0","0","0","3892167","13792646"
"D3","62","Pinellas","2010","6213946","WENDY'S PROPERTIES LLC","23072 US 19 N","CLEARWATER","33765","3729834","1","Food","Routine - Food","Inspection Completed - No Further Action","07/22/2026","","","4","0","0","4","Y","0","0","0","0","1","0","0","0","0","0","0","0","1","0","0","0","0","0","0","0","0","1","1","0","0","0","0","0","0","0","0","0","0","0","0","0","0","0","0","0","0","0","0","0","0","0","0","0","0","0","0","0","0","0","0","0","0","0","6388425","13768327"
"D3","62","Pinellas","2010","6213949","SALT ROCK GRILL","19325 GULF BLVD","INDIAN SHORES","33785","3756158","1","Food","Complaint Full","Warning Issued","07/16/2026","","","6","2","0","4","Y","1","0","1","0","0","0","0","0","0","1","0","1","0","0","0","0","0","0","0","0","0","0","1","0","0","0","0","0","0","0","1","0","0","0","0","0","0","0","0","0","0","0","0","0","0","0","0","0","0","0","0","0","0","0","0","0","0","0","2238951","13844333"
"D3","62","Pinellas","2010","6213949","SALT ROCK GRILL","19325 GULF BLVD","INDIAN SHORES","33785","3756158","2","Food","Complaint Full","Call Back - Complied","07/20/2026","","","0","0","0","0","Y","0","0","0","0","0","0","0","0","0","0","0","0","0","0","0","0","0","0","0","0","0","0","0","0","0","0","0","0","0","0","0","0","0","0","0","0","0","0","0","0","0","0","0","0","0","0","0","0","0","0","0","0","0","0","0","0","0","0","2238951","13849932"
"D3","62","Pinellas","2010","6213959","FEATHER SOUND COUNTRY CLUB","2201 FEATHER SOUND DR","CLEARWATER","33762","3699661","1","Food","Complaint Full","Inspection Completed - No Further Action","07/07/2026","","","2","1","0","1","Y","0","0","1","0","0","0","0","0","0","0","0","0","0","1","0","0","0","0","0","0","0","0","0","0","0","0","0","0","0","0","0","0","0","0","0","0","0","0","0","0","0","0","0","0","0","0","0","0","0","0","0","0","0","0","0","0","0","0","5840332","13711938"
"D3","62","Pinellas","2010","6214072","PAPA JOHN'S PIZZA","1098 OVERCASH DR","DUNEDIN","34698","3755341","1","Food","Routine - Food","Administrative complaint recommended","07/10/2026","","","7","2","0","5","Y","0","0","0","0","0","0","0","0","0","0","0","1","1","1","0","0","0","0","0","0","1","2","0","0","0","0","0","0","0","0","0","0","0","0","0","0","0","0","0","0","0","0","0","0","0","0","0","0","0","1","0","0","0","0","0","0","0","0","3892175","13793843"
"D3","62","Pinellas","2010","6214128","DAYDREAMERS CAFE AND GRILL","143 7 AVE N","SAFETY HARBOR","34695","3761512","1","Food","Complaint Full","Warning Issued","07/30/2026","","","6","1","2","3","Y","0","1","0","0","0","0","0","0","0","0","0","0","0","1","0","0","0","0","0","0","0","1","1","0","0","0","0","0","0","0","0","0","0","0","0","0","0","0","0","0","1","0","0","0","0","0","0","0","0","0","1","0","0","0","0","0","0","0","6927270","13860639"
"D3","62","Pinellas","2010","6214146","NORTONS BAR & GRILL","1824 MAIN ST","DUNEDIN","34698","3714488","1","Food","Routine - Food","Administrative complaint recommended","07/09/2026","","","23","5","1","17","Y","1","1","0","0","0","0","0","2","0","2","0","0","0","3","0","1","0","0","0","0","0","2","0","1","0","0","0","0","1","0","1","0","0","0","3","4","0","0","0","0","1","0","0","0","0","0","0","0","0","0","0","0","0","0","0","0","0","0","2239147","13752981"
"D3","62","Pinellas","2010","6214146","NORTONS BAR & GRILL","1824 MAIN ST","DUNEDIN","34698","3714488","2","Food","Routine - Food","Call Back - Complied","07/10/2026","","","10","0","1","9","Y","0","0","0","0","0","0","0","0","0","0","0","0","0","2","0","1","0","0","0","0","0","1","0","1","0","0","0","0","1","0","1","0","0","0","0","3","0","0","0","0","0","0","0","0","0","0","0","0","0","0","0","0","0","0","0","0","0","0","2239147","13842166"
"D3","62","Pinellas","2010","6214169","MADFISH","5200 GULF BLVD","ST PETE BEACH","33706","3758803","1","Food","Complaint Full","Warning Issued","07/23/2026","","","26","3","8","15","Y","4","0","1","0","0","0","0","0","0","0","1","0","0","2","0","1","0","0","0","0","0","5","1","1","0","0","0","0","3","0","0","0","0","0","0","4","0","0","0","0","0","0","0","0","0","0","0","0","0","0","3","0","0","0","0","0","0","0","8937535","13851324"
"D3","62","Pinellas","2010","6214169","MADFISH","5200 GULF BLVD","ST PETE BEACH","33706","3758803","2","Food","Complaint Full","Call Back - Admin. complaint recommended","07/27/2026","","","20","1","7","12","Y","2","0","1","0","0","0","0","0","0","0","1","0","0","2","0","1","0","0","0","0","0","4","1","1","0","0","0","0","2","0","0","0","0","0","0","3","0","0","0","0","0","0","0","0","0","0","0","0","0","0","2","0","0","0","0","0","0","0","8937535","13857425"
"D3","62","Pinellas","2010","6214169","MADFISH","5200 GULF BLVD","ST PETE BEACH","33706","3758803","3","Food","Complaint Full","Call Back - Extension given, pending","07/29/2026","","","15","0","5","10","Y","0","0","0","0","0","0","0","0","0","0","1","0","0","2","0","1","0","0","0","0","0","3","1","1","0","0","0","0","2","0","0","0","0","0","0","2","0","0","0","0","0","0","0","0","0","0","0","0","0","0","2","0","0","0","0","0","0","0","8937535","13860861"
"D3","62","Pinellas","2010","6214325","WENDY'S PROPERTIES LLC","1802 MAIN ST","DUNEDIN","34698","3736237","1","Food","Routine - Food","Warning Issued","07/21/2026","","","10","1","0","9","Y","0","0","0","0","0","0","0","0","0","0","0","1","1","2","0","1","0","0","0","0","0","1","0","1","0","0","0","0","0","0","0","0","0","0","1","2","0","0","0","0","0","0","0","0","0","0","0","0","0","0","0","0","0","0","0","0","0","0","6388421","13774730"
"D3","62","Pinellas","2010","6214325","WENDY'S PROPERTIES LLC","1802 MAIN ST","DUNEDIN","34698","3736237","2","Food","Routine - Food","Call Back - Complied","07/22/2026","","","4","0","0","4","Y","0","0","0","0","0","0","0","0","0","0","0","0","0","2","0","0","0","0","0","0","0","1","0","1","0","0","0","0","0","0","0","0","0","0","0","0","0","0","0","0","0","0","0","0","0","0","0","0","0","0","0","0","0","0","0","0","0","0","6388421","13853666"
"D3","62","Pinellas","2010","6214337","ABUHAN RESTAURANT","1258 S HIGHLAND AVE","CLEARWATER","33756","3731700","1","Food","Routine - Food","Inspection Completed - No Further Action","07/22/2026","","","1","0","0","1","Y","0","0","0","0","0","0","0","0","0","0","0","0","0","0","0","0","0","0","0","0","0","0","1","0","0","0","0","0","0","0","0","0","0","0","0","0","0","0","0","0","0","0","0","0","0","0","0","0","0","0","0","0","0","0","0","0","0","0","8068964","13770193"
"D3","62","Pinellas","2010","6214373","MAIR WEST INDIAN REST","2230 DR MLK JR ST S","ST PETERSBURG","33705","3758349","1","Food","Complaint Full","Inspection Completed - No Further Action","07/22/2026","","","5","1","1","3","Y","0","0","1","0","0","1","0","1","0","0","1","0","0","0","0","0","0","0","0","0","0","0","0","0","0","0","0","0","0","0","0","0","0","0","0","0","0","0","0","0","0","0","0","0","0","0","0","0","0","0","1","0","0","0","0","0","0","0","2239369","13849561"
"D3","62","Pinellas","2010","6214391","A CHICKEN PLACE","26988 US HWY 19","CLEARWATER","33761","3742288","1","Food","Routine - Food","Warning Issued","07/28/2026","","","1","0","1","0","Y","0","0","0","0","0","0","0","0","0","0","0","0","0","0","0","0","0","0","0","0","0","0","0","0","0","0","0","0","0","0","0","0","0","0","0","0","0","0","0","0","0","0","0","0","0","0","0","0","0","0","0","0","1","0","0","0","0","0","2239387","13780790"
"D3","62","Pinellas","2010","6214427","SILA THAI AND SUSHI","3828 49 ST N","ST. PETERSBURG","33709","3736775","1","Food","Routine - Food","Administrative complaint recommended","07/29/2026","","","28","10","5","13","Y","2","0","3","0","1","0","0","4","0","0","0","4","0","3","0","2","0","0","0","0","0","2","2","0","0","0","0","0","0","0","2","0","0","0","1","0","0","0","0","1","0","0","0","0","0","0","0","0","0","0","0","0","1","0","0","0","0","0","7552274","13775268"
"D3","62","Pinellas","2010","6214427","SILA THAI AND SUSHI","3828 49 ST N","ST. PETERSBURG","33709","3736775","2","Food","Routine - Food","Call Back - Admin. complaint recommended","07/31/2026","","","16","4","3","9","Y","1","0","3","0","0","0","0","2","0","0","0","0","0","2","0","2","0","0","0","0","0","2","2","0","0","0","0","0","0","0","1","0","0","0","1","0","0","0","0","0","0","0","0","0","0","0","0","0","0","0","0","0","0","0","0","0","0","0","7552274","13863813"
"D3","62","Pinellas","2010","6214440","JOTOS PIZZA","9119 S BELCHER RD","PINELLAS PK","33782","3717259","1","Food","Routine - Food","Inspection Completed - No Further Action","07/30/2026","","","7","1","1","5","Y","0","1","0","0","0","1","0","1","0","0","0","0","0","1","0","0","0","0","0","0","1","0","0","0","0","0","0","0","0","0","0","0","0","0","0","1","0","0","0","0","1","0","0","0","0","0","0","0","0","0","0","0","0","0","0","0","0","0","2239436","13755752"
"D3","62","Pinellas","2010","6214470","CRABBYS BEACH WALK & GRILL","333 S GULFVIEW BLVD","CLEARWATER","33767-2415","3715085","1","Food","Routine - Food","Warning Issued","07/15/2026","","","6","2","4","0","Y","0","1","1","0","0","0","0","1","0","0","0","0","0","0","0","1","0","0","0","0","0","0","0","0","0","0","0","0","0","0","1","0","0","0","0","0","0","0","0","0","0","0","0","0","0","0","0","0","0","0","1","0","0","0","0","0","0","0","3885613","13753578"
"D3","62","Pinellas","2010","6214504","CHICK-FIL-A","4241 N 4 ST","ST PETERSBURG","33703","3748259","1","Food","Routine - Food","Warning Issued","07/07/2026","","","6","0","2","4","Y","0","0","0","0","0","0","0","0","0","0","0","0","0","0","0","0","0","0","0","0","0","1","1","0","0","0","0","0","2","0","1","0","0","0","0","0","0","0","0","0","0","0","0","0","0","0","0","0","0","0","1","0","0","0","0","0","0","0","2239498","13786761"
"D3","62","Pinellas","2010","6214558","KFC F569057","33420 US HWY 19 N","PALM HARBOR","34684","3710910","1","Food","Routine - Food","Inspection Completed - No Further Action","07/28/2026","","","8","0","0","8","Y","0","0","0","0","0","0","0","0","0","0","0","0","1","1","0","0","0","0","0","0","0","1","1","0","0","0","0","0","1","0","0","0","0","0","0","3","0","0","0","0","0","0","0","0","0","0","0","0","0","0","0","0","0","0","0","0","0","0","7938366","13749403"
"D3","62","Pinellas","2010","6214727","SPECIAL PHO","1390 34  ST N","SAINT PETERSBURG","33713","3736609","1","Food","Routine - Food","Inspection Completed - No Further Action","07/15/2026","","","6","1","1","4","Y","0","0","2","0","0","0","0","1","0","0","0","0","0","0","0","0","0","0","0","0","0","0","1","1","0","0","0","0","0","0","0","0","0","0","0","1","0","0","0","0","0","0","0","0","0","0","0","0","0","0","0","0","0","0","0","0","0","0","7856644","13775102"
"D3","62","Pinellas","2010","6214766","CHINA GARDEN","1550 MCMULLEN BOOTH RD STE F1","CLEARWATER","33759","3718681","1","Food","Routine - Food","Inspection Completed - No Further Action","07/23/2026","","","7","1","0","6","Y","0","0","1","0","0","1","0","2","0","0","0","0","0","2","0","0","0","0","0","0","1","0","0","0","0","0","0","0","0","0","0","0","0","0","0","0","0","0","0","0","0","0","0","0","0","0","0","0","0","0","0","0","0","0","0","0","0","0","8978887","13757174"
"D3","62","Pinellas","2010","6214843","BACKWATERS","1261 GULF BLVD 129 AND 130","CLEARWATER","33767","3713698","1","Food","Routine - Food","Inspection Completed - No Further Action","07/16/2026","","","4","1","0","3","Y","0","0","0","0","0","0","0","1","0","0","0","0","1","1","0","0","0","0","0","0","0","1","0","0","0","0","0","0","0","0","0","0","0","0","0","0","0","0","0","0","0","0","0","0","0","0","0","0","0","0","0","0","0","0","0","0","0","0","8252489","13752191"
"D3","62","Pinellas","2010","6214869","HUNGRY HOWIES PIZZA","2109 MAIN ST","DUNEDIN","34698","3740425","1","Food","Routine - Food","Inspection Completed - No Further Action","07/17/2026","","","5","0","1","4","Y","0","1","0","0","0","0","0","0","0","0","0","0","1","2","0","0","0","0","0","0","0","1","0","0","0","0","0","0","0","0","0","0","0","0","0","0","0","0","0","0","0","0","0","0","0","0","0","0","0","0","0","0","0","0","0","0","0","0","2239857","13778927"
"D3","62","Pinellas","2010","6214950","EL YUKAYEKE LATIN FOOD","9045 STARKEY RD","SEMINOLE","33777","3711489","1","Food","Routine - Food","Inspection Completed - No Further Action","07/15/2026","","","3","0","1","2","Y","0","1","0","0","0","0","0","0","0","0","0","0","0","0","0","0","0","0","0","0","0","0","1","0","0","0","0","0","0","0","0","0","0","0","0","1","0","0","0","0","0","0","0","0","0","0","0","0","0","0","0","0","0","0","0","0","0","0","8435455","13749982"
"D3","62","Pinellas","2010","6214968","EINSTEIN BROS BAGELS 3662","2519 N MCMULLEN BOOTH RD","CLEARWATER","33761","3729446","1","Food","Routine - Food","Inspection Completed - No Further Action","07/21/2026","","","6","2","1","3","Y","0","0","0","0","0","0","0","0","0","0","0","1","1","1","0","0","0","0","0","0","0","1","0","1","0","0","0","0","0","0","0","0","0","0","0","0","0","0","0","0","1","0","0","0","0","0","0","0","0","0","0","0","0","0","0","0","0","0","2239955","13767939"
"D3","62","Pinellas","2010","6214969","EINSTEIN BROS BAGELS 1288","33127 N US HWY 19","PALM HARBOR","34684","3746404","1","Food","Routine - Food","Warning Issued","07/28/2026","","","19","4","4","11","Y","0","1","1","0","1","0","0","0","0","0","0","0","0","6","0","1","0","0","0","0","0","1","1","1","0","0","0","0","1","0","1","1","0","0","1","1","0","0","0","0","1","0","0","0","0","0","0","0","0","0","0","0","0","0","0","0","0","0","2239956","13784906"
"D3","62","Pinellas","2010","6214971","EINSTEIN BROS BAGELS 2084","9346 N 4 ST","ST PETERSBURG","33702","3750153","1","Food","Routine - Food","Inspection Completed - No Further Action","07/08/2026","","","0","0","0","0","Y","0","0","0","0","0","0","0","0","0","0","0","0","0","0","0","0","0","0","0","0","0","0","0","0","0","0","0","0","0","0","0","0","0","0","0","0","0","0","0","0","0","0","0","0","0","0","0","0","0","0","0","0","0","0","0","0","0","0","2239958","13788655"
"D3","62","Pinellas","2010","6215039","JOHNNY GRITS","857 E KLOSTERMAN RD","TARPON SPRINGS","34689","3751154","1","Food","Routine - Food","Inspection Completed - No Further Action","07/30/2026","","","11","4","1","6","Y","0","0","1","0","0","0","0","1","0","0","0","1","0","1","0","0","0","0","0","0","0","2","1","0","0","0","0","0","1","0","0","1","0","0","0","1","0","0","0","0","1","0","0","0","0","0","0","0","0","0","0","0","0","0","0","0","0","0","8463655","13789656"
"D3","62","Pinellas","2010","6215054","THE BAIT HOUSE TACKLE AND TAVERN","45 CAUSEWAY BLVD","CLEARWATER","33767","3742769","1","Food","Routine - Food","Inspection Completed - No Further Action","07/22/2026","","","3","1","0","2","Y","0","0","0","0","0","0","0","0","0","0","0","0","0","1","0","0","0","0","0","0","0","0","0","0","0","0","0","0","0","0","1","0","0","0","0","0","0","0","0","0","1","0","0","0","0","0","0","0","0","0","0","0","0","0","0","0","0","0","4049899","13781271"
"D3","62","Pinellas","2010","6215072","ISLAND WAY GRILL","20 ISLAND WAY","CLEARWATER BCH","33767","3700566","2","Food","Complaint Partial","Call Back - Complied","07/07/2026","","","0","0","0","0","Y","0","0","0","0","0","0","0","0","0","0","0","0","0","0","0","0","0","0","0","0","0","0","0","0","0","0","0","0","0","0","0","0","0","0","0","0","0","0","0","0","0","0","0","0","0","0","0","0","0","0","0","0","0","0","0","0","0","0","2240058","13719545"
"D3","62","Pinellas","2010","6215082","CLEAR SKY CLUB HAUS","36355 E LAKE RD","PALM HARBOR","34685","3711601","1","Food","Routine - Food","Inspection Completed - No Further Action","07/23/2026","","","5","1","1","3","Y","0","1","1","0","0","0","0","0","0","0","0","0","0","1","0","0","0","0","0","0","0","0","0","0","0","0","0","0","0","0","1","0","1","0","0","0","0","0","0","0","0","0","0","0","0","0","0","0","0","0","0","0","0","0","0","0","0","0","8045919","13750094"
"D3","62","Pinellas","2010","6215166","WOK N ROLL","4725 66 ST N","KENNETH CITY","33709","3748898","1","Food","Routine - Food","Inspection Completed - No Further Action","07/29/2026","","","7","0","2","5","Y","0","0","0","0","0","0","0","1","0","0","0","0","0","1","0","0","0","0","0","0","0","1","2","0","0","0","0","0","0","0","1","0","0","0","1","0","0","0","0","0","0","0","0","0","0","0","0","0","0","0","0","0","0","0","0","0","0","0","7524284","13787400"
"D3","62","Pinellas","2010","6215171","BONEFISH GRILL #7003","2519 MCMULLEN BOOTH RD","CLEARWATER","33761","3755731","1","Food","Complaint Full","Inspection Completed - No Further Action","07/08/2026","","","10","3","2","5","Y","0","0","1","0","0","0","0","0","0","0","0","0","0","1","0","0","0","0","0","0","0","1","1","0","0","0","0","0","0","0","1","0","0","0","1","3","0","0","0","0","1","0","0","0","0","0","0","0","0","0","0","0","0","0","0","0","0","0","5551108","13821030"
"D3","62","Pinellas","2010","6215217","THE CLEARWATER GOLF CLUB","525 N BETTY LANE","CLEARWATER","33755","3724904","1","Food","Routine - Food","Inspection Completed - No Further Action","07/15/2026","","","6","1","3","2","Y","0","1","1","0","0","0","0","0","0","0","0","0","0","1","0","0","0","0","0","0","0","2","0","0","0","0","0","0","0","0","1","0","0","0","0","0","0","0","0","0","0","0","0","0","0","0","0","0","0","0","0","0","0","0","0","0","0","0","4290063","13763397"
"D3","62","Pinellas","2010","6215378","BONEFISH GRILL","2939 W BAY DR","BELLEAIR BLUFFS","33770","3747493","1","Food","Routine - Food","Inspection Completed - No Further Action","07/14/2026","","","1","0","0","1","Y","0","0","0","0","0","0","0","0","0","0","0","0","0","1","0","0","0","0","0","0","0","0","0","0","0","0","0","0","0","0","0","0","0","0","0","0","0","0","0","0","0","0","0","0","0","0","0","0","0","0","0","0","0","0","0","0","0","0","5551096","13785995"
"D3","62","Pinellas","2010","6215392","HONG KONG","2525 PASADENA  AVE S STE K","SOUTH PASADENA","33707","3739861","1","Food","Routine - Food","Administrative complaint recommended","07/21/2026","","","19","5","3","11","Y","0","0","1","0","1","0","0","4","0","0","0","3","0","2","0","0","0","0","0","0","0","1","2","0","0","0","0","0","0","0","0","0","0","0","0","3","0","0","0","0","0","0","0","0","0","0","0","0","0","1","0","0","1","0","0","0","0","0","9023424","13778363"
"D3","62","Pinellas","2010","6215407","SUBWAY #24983","5901 GULF BLVD","ST.PETE BEACH","33706","3751029","1","Food","Routine - Food","Warning Issued","07/29/2026","","","3","0","1","2","Y","0","0","0","0","0","0","0","0","0","0","0","0","0","1","0","0","0","0","0","0","0","1","0","0","0","0","0","0","0","0","0","0","0","0","0","0","0","0","0","0","0","0","0","0","0","0","0","0","0","0","0","0","1","0","0","0","0","0","8901589","13789531"
"D3","62","Pinellas","2010","6215429","TJF 112 LLC","944 4 ST N STE 100","ST. PETERSBURG","33701","3696541","1","Food","Food-Licensing Inspection","Warning Issued","07/08/2026","","","25","7","2","16","Y","0","0","2","0","1","0","0","1","0","1","0","1","0","3","0","0","0","0","0","0","0","1","0","0","0","0","0","0","3","0","1","0","0","0","4","3","0","1","0","1","1","0","0","0","0","0","0","0","0","1","0","0","0","0","0","0","0","0","9948680","13681564"
"D3","62","Pinellas","2010","6215429","TJF 112 LLC","944 4 ST N STE 100","ST. PETERSBURG","33701","3696541","2","Food","Food-Licensing Inspection","Call Back - Complied","07/10/2026","","","9","2","1","6","Y","0","0","0","0","0","0","0","0","0","0","0","0","0","2","0","0","0","0","0","0","0","1","0","0","0","0","0","0","1","0","0","0","0","0","2","3","0","0","0","0","0","0","0","0","0","0","0","0","0","0","0","0","0","0","0","0","0","0","9948680","13841602"
"D3","62","Pinellas","2010","6215447","PANERA BREAD #3345","1908 N 4 ST","ST. PETERSBURG","33704","3709993","1","Food","Routine - Food","Inspection Completed - No Further Action","07/14/2026","","","2","0","0","2","Y","0","0","0","0","0","0","0","0","0","0","0","0","0","0","0","0","0","0","0","0","0","1","0","0","0","0","0","0","0","0","0","0","0","0","0","0","0","0","0","0","0","0","0","0","0","0","0","0","0","0","1","0","0","0","0","0","0","0","2240432","13748486"
"D3","62","Pinellas","2010","6215448","BEEF O BRADYS","34900  US HWY 19 N","PALM HARBOR","34684","3696811","3","Food","Food-Licensing Inspection","Call Back - Complied","07/08/2026","","","0","0","0","0","Y","0","0","0","0","0","0","0","0","0","0","0","0","0","0","0","0","0","0","0","0","0","0","0","0","0","0","0","0","0","0","0","0","0","0","0","0","0","0","0","0","0","0","0","0","0","0","0","0","0","0","0","0","0","0","0","0","0","0","9952427","13705956"
"D3","62","Pinellas","2010","6215457","STEAK N SHAKE INC","3853 TAMPA RD","OLDSMAR","34677","3758375","1","Food","Complaint Full","Inspection Completed - No Further Action","07/17/2026","","","4","1","0","3","Y","0","0","0","0","0","0","0","0","0","0","0","0","2","0","0","0","0","0","0","0","1","1","0","0","0","0","0","0","0","0","0","0","0","0","0","0","0","0","0","0","0","0","0","0","0","0","0","0","0","0","0","0","0","0","0","0","0","0","9439313","13849965"
"D3","62","Pinellas","2010","6215473","CHICK FIL A OLDSMAR","3740 TAMPA RD","OLDSMAR","34677","3755037","1","Food","Routine - Food","Administrative complaint recommended","07/24/2026","","","3","1","1","1","Y","0","0","0","0","0","0","0","0","0","0","0","0","0","0","0","0","0","0","0","0","0","0","1","0","0","0","0","0","0","0","0","0","0","0","0","0","0","0","0","0","0","0","0","0","0","0","0","0","0","1","0","0","1","0","0","0","0","0","3958964","13793539"
"D3","62","Pinellas","2010","6215519","PANERA BREAD #3347","2926 W BAY DR","LARGO","33770","3714629","1","Food","Routine - Food","Inspection Completed - No Further Action","07/23/2026","","","1","0","0","1","Y","0","0","0","0","0","0","0","0","0","0","0","0","0","0","0","1","0","0","0","0","0","0","0","0","0","0","0","0","0","0","0","0","0","0","0","0","0","0","0","0","0","0","0","0","0","0","0","0","0","0","0","0","0","0","0","0","0","0","2432550","13753122"
"D3","62","Pinellas","2010","6215527","LUCKY LOBSTER","941 HUNTLEY AVE","DUNEDIN","34698","3735228","1","Food","Routine - Food","Warning Issued","07/08/2026","","","24","6","3","15","Y","1","2","1","0","0","1","0","4","0","1","0","0","1","4","0","1","0","0","0","0","0","2","0","2","0","0","0","0","0","0","2","0","0","0","1","0","0","0","0","0","1","0","0","0","0","0","0","0","0","0","0","0","0","0","0","0","0","0","6024068","13773721"
"D3","62","Pinellas","2010","6215549","SELLERS & CO","1710 N HERCULES AVE STE 114","CLEARWATER","33765","3753020","1","Food","Routine - Food","Inspection Completed - No Further Action","07/15/2026","","","7","1","3","3","Y","0","0","1","0","1","0","0","0","0","1","0","0","0","0","0","1","0","0","0","0","0","1","0","0","0","0","0","0","0","0","1","0","0","0","0","1","0","0","0","0","0","0","0","0","0","0","0","0","0","0","0","0","0","0","0","0","0","0","9857069","13791522"
"D3","62","Pinellas","2010","6215561","E & L PIZZA","2810 34 ST N","ST. PETERSBURG","33713","3730744","1","Food","Routine - Food","Inspection Completed - No Further Action","07/15/2026","","","1","0","0","1","Y","0","0","0","0","0","0","0","0","0","0","0","0","0","1","0","0","0","0","0","0","0","0","0","0","0","0","0","0","0","0","0","0","0","0","0","0","0","0","0","0","0","0","0","0","0","0","0","0","0","0","0","0","0","0","0","0","0","0","5866232","13769237"
"D3","62","Pinellas","2010","6215608","CASITA TAQUERIA 2 INC","2701 4 ST NORTH","ST. PETERSBURG","33704","3753323","1","Food","Routine - Food","Inspection Completed - No Further Action","07/15/2026","","","2","0","1","1","Y","0","0","0","0","0","0","0","0","0","0","0","0","0","0","0","0","0","0","0","0","0","0","0","0","0","0","0","0","0","0","0","0","0","0","0","0","0","0","0","0","1","0","0","0","0","0","0","0","0","1","0","0","0","0","0","0","0","0","6070205","13791825"
"D3","62","Pinellas","2010","6215614","DERUSSO'S PIZZERIA","9385 BAY PINES BLVD STE A","ST. PETERSBURG","33708","3751188","1","Food","Routine - Food","Inspection Completed - No Further Action","07/31/2026","","","4","0","1","3","Y","0","0","0","0","0","0","0","0","0","0","0","0","1","1","0","0","0","0","0","0","0","0","0","0","0","0","0","0","0","0","0","0","0","0","0","0","0","0","0","0","1","0","0","0","0","0","0","0","0","0","1","0","0","0","0","0","0","0","9026056","13789690"
"D3","62","Pinellas","2010","6215619","FIREHOUSE SUBS","1547 MAIN ST","DUNEDIN","34698","3723125","1","Food","Routine - Food","Warning Issued","07/09/2026","","","14","0","2","12","Y","0","1","0","0","0","0","0","0","0","0","1","0","3","3","0","1","0","0","0","0","0","2","1","0","0","0","0","0","0","0","0","0","0","0","0","0","0","0","0","0","0","0","0","0","0","0","0","0","0","0","1","0","1","0","0","0","0","0","7590162","13761618"
"D3","62","Pinellas","2010","6215636","PANERA BREAD","3181 CURLEW ROAD","OLDSMAR","34677","3734371","1","Food","Routine - Food","Inspection Completed - No Further Action","07/16/2026","","","1","0","0","1","Y","0","0","0","0","0","0","0","0","0","0","0","0","0","0","0","0","0","0","0","0","0","0","0","0","0","0","0","0","0","0","0","0","0","0","0","0","0","0","0","0","0","0","0","0","0","0","0","0","0","0","1","0","0","0","0","0","0","0","2433306","13772864"
"D3","62","Pinellas","2010","6215650","WENDY'S PROPERTIES LLC","900 S MISSOURI AVE","CLEARWATER","33756","3716805","1","Food","Routine - Food","Inspection Completed - No Further Action","07/09/2026","","","3","0","0","3","Y","0","0","0","0","0","0","0","0","0","0","0","0","0","0","0","1","0","0","0","0","0","1","0","0","0","0","0","0","0","0","0","0","0","0","0","0","0","0","0","0","0","0","0","0","0","0","0","0","0","1","0","0","0","0","0","0","0","0","6388286","13755298"
"D3","62","Pinellas","2010","6215667","CHICK-FIL-A CLEARWATER","2516 GULF TO BAY BLVD","CLEARWATER ","33765","3752473","1","Food","Routine - Food","Inspection Completed - No Further Action","07/24/2026","","","0","0","0","0","Y","0","0","0","0","0","0","0","0","0","0","0","0","0","0","0","0","0","0","0","0","0","0","0","0","0","0","0","0","0","0","0","0","0","0","0","0","0","0","0","0","0","0","0","0","0","0","0","0","0","0","0","0","0","0","0","0","0","0","9820563","13790975"
"D3","62","Pinellas","2010","6215669","BOSPHORUS GYROS AND KEBABS","312 W BAY DR","LARGO","33770","3755641","1","Food","Complaint Full","Emergency order recommended","07/01/2026","","","5","1","2","2","Y","0","0","0","0","0","0","0","0","0","0","0","1","0","0","0","0","0","0","0","0","0","0","0","0","0","0","0","1","1","0","1","1","0","0","0","0","0","0","0","0","0","0","0","0","0","0","0","0","0","0","0","0","0","0","0","0","0","0","9595032","13819836"
"D3","62","Pinellas","2010","6215669","BOSPHORUS GYROS AND KEBABS","312 W BAY DR","LARGO","33770","3755641","2","Food","Complaint Full","Emergency Order Callback Complied","07/20/2026","","","0","0","0","0","Y","0","0","0","0","0","0","0","0","0","0","0","0","0","0","0","0","0","0","0","0","0","0","0","0","0","0","0","0","0","0","0","0","0","0","0","0","0","0","0","0","0","0","0","0","0","0","0","0","0","0","0","0","0","0","0","0","0","0","9595032","13819999"
"D3","62","Pinellas","2010","6215671","GREEK ISLAND RESTAURANT","1501 CLEARWATER LARGO RD","LARGO","33770","3755338","1","Food","Routine - Food","Inspection Completed - No Further Action","07/27/2026","","","1","0","1","0","Y","0","1","0","0","0","0","0","0","0","0","0","0","0","0","0","0","0","0","0","0","0","0","0","0","0","0","0","0","0","0","0","0","0","0","0","0","0","0","0","0","0","0","0","0","0","0","0","0","0","0","0","0","0","0","0","0","0","0","2540406","13793840"
"D3","62","Pinellas","2010","6215710","CHILI'S BAR AND GRILL","13359 SEMINOLE BLVD","LARGO","33778","3727596","1","Food","Routine - Food","Inspection Completed - No Further Action","07/27/2026","","","1","0","0","1","Y","0","0","0","0","0","0","0","0","0","0","0","0","0","1","0","0","0","0","0","0","0","0","0","0","0","0","0","0","0","0","0","0","0","0","0","0","0","0","0","0","0","0","0","0","0","0","0","0","0","0","0","0","0","0","0","0","0","0","2345604","13766089"
"D3","62","Pinellas","2010","6215717","MANNA KOREAN JAPANESE RESTAURANT","3970 TAMPA RD UNIT Q","OLDSMAR","34677","3746134","1","Food","Routine - Food","Inspection Completed - No Further Action","07/20/2026","","","4","2","0","2","Y","0","1","0","0","0","0","0","0","0","0","0","0","0","1","0","0","0","0","0","0","0","0","0","0","0","0","0","0","0","0","0","0","0","0","0","0","0","0","0","1","1","0","0","0","0","0","0","0","0","0","0","0","0","0","0","0","0","0","9652727","13784636"
"D3","62","Pinellas","2010","6215720","JETS PIZZA","33486 US 19 N","PALM HARBOR","34684","3716099","1","Food","Routine - Food","Administrative complaint recommended","07/30/2026","","","22","6","1","15","Y","3","1","1","0","1","0","0","5","0","0","0","1","0","4","0","0","0","0","0","0","0","1","1","0","0","0","0","0","1","0","0","0","0","0","2","1","0","0","0","0","0","0","0","0","0","0","0","0","0","0","0","0","0","0","0","0","0","0","6972026","13754592"
"D3","62","Pinellas","2010","6215720","JETS PIZZA","33486 US 19 N","PALM HARBOR","34684","3716099","2","Food","Routine - Food","Call Back - Admin. complaint recommended","07/31/2026","","","10","3","1","6","Y","1","0","1","0","0","0","0","1","0","0","0","0","0","3","0","0","0","0","0","0","0","1","1","0","0","0","0","0","1","0","0","0","0","0","0","1","0","0","0","0","0","0","0","0","0","0","0","0","0","0","0","0","0","0","0","0","0","0","6972026","13865443"
"D3","62","Pinellas","2010","6215724","WAFFLE HOUSE #1620","2525 54 AVE N","ST. PETERSBURG","33714","3708375","1","Food","Routine - Food","Inspection Completed - No Further Action","07/24/2026","","","5","2","0","3","Y","0","0","1","0","0","0","0","0","0","1","0","0","0","0","0","0","0","0","0","0","0","0","0","0","0","0","0","0","1","0","0","0","0","0","0","0","0","0","0","0","1","0","0","0","0","0","0","0","0","0","1","0","0","0","0","0","0","0","3979525","13746868"
"D3","62","Pinellas","2010","6215784","LINKING HEIGHTS ","3001 28 ST N","ST. PETERSBURG","33713","3745676","1","Food","Routine - Food","Inspection Completed - No Further Action","07/07/2026","","","12","3","6","3","Y","1","0","2","0","0","0","0","1","0","0","0","0","0","2","0","1","0","0","0","0","0","2","0","0","0","0","0","0","0","0","2","0","0","0","0","0","0","0","0","0","0","0","0","0","0","0","0","0","0","0","0","0","1","0","0","0","0","0","9212423","13784178"
"D3","62","Pinellas","2010","6215792","KITCHEN AND BAR AT GREEN SPRINGS","156 4 AVE N","SAFETY HARBOR","34695","3700807","1","Food","Complaint Full","Warning Issued","07/07/2026","","","5","2","1","2","Y","1","0","1","0","0","1","0","1","0","0","0","0","0","0","0","0","0","0","0","0","0","1","0","0","0","0","0","0","0","0","0","0","0","0","0","0","0","0","0","0","0","0","0","0","0","0","0","0","0","0","0","0","0","0","0","0","0","0","8731646","13720764"
"D3","62","Pinellas","2010","6215792","KITCHEN AND BAR AT GREEN SPRINGS","156 4 AVE N","SAFETY HARBOR","34695","3700807","2","Food","Complaint Full","Call Back - Admin. complaint recommended","07/10/2026","","","3","2","1","0","Y","1","0","1","0","0","0","0","0","0","0","0","0","0","0","0","0","0","0","0","0","0","1","0","0","0","0","0","0","0","0","0","0","0","0","0","0","0","0","0","0","0","0","0","0","0","0","0","0","0","0","0","0","0","0","0","0","0","0","8731646","13840585"
"D3","62","Pinellas","2010","6215792","KITCHEN AND BAR AT GREEN SPRINGS","156 4 AVE N","SAFETY HARBOR","34695","3700807","3","Food","Complaint Full","Call Back - Complied","07/14/2026","","","0","0","0","0","Y","0","0","0","0","0","0","0","0","0","0","0","0","0","0","0","0","0","0","0","0","0","0","0","0","0","0","0","0","0","0","0","0","0","0","0","0","0","0","0","0","0","0","0","0","0","0","0","0","0","0","0","0","0","0","0","0","0","0","8731646","13843149"
"D3","62","Pinellas","2010","6215828","JET'S PIZZA","2045 GULF TO BAY BLVD","CLEARWATER","33765","3756028","1","Food","Complaint Full","Inspection Completed - No Further Action","07/14/2026","","","4","2","0","2","Y","0","0","1","0","0","0","0","1","0","0","0","0","0","0","0","0","0","0","0","0","0","0","0","0","0","0","0","0","1","0","0","0","0","0","0","1","0","0","0","0","0","0","0","0","0","0","0","0","0","0","0","0","0","0","0","0","0","0","7963449","13842898"
"D3","62","Pinellas","2010","6215876","THE BOARDWALK GRILL","205 BOARDWALK PL E","MADEIRA BEACH","33708","3737477","1","Food","Routine - Food","Inspection Completed - No Further Action","07/07/2026","","","5","0","1","4","Y","0","0","0","0","0","0","0","1","0","0","0","1","0","0","0","0","0","0","0","0","0","0","0","0","0","0","0","0","1","0","0","0","0","0","0","1","0","0","0","0","1","0","0","0","0","0","0","0","0","0","0","0","0","0","0","0","0","0","3688269","13775970"
"D3","62","Pinellas","2010","6215884","CHINA TASTE","1901 W BAY DR STE 3","LARGO","33770","3699553","1","Food","Complaint Partial","Inspection Completed - No Further Action","07/09/2026","","","6","1","1","4","Y","0","0","1","0","0","0","0","0","0","1","0","0","0","2","0","0","0","0","0","0","0","0","0","0","1","0","0","0","0","0","1","0","0","0","0","0","0","0","0","0","0","0","0","0","0","0","0","0","0","0","0","0","0","0","0","0","0","0","6332315","13710865"
"D3","62","Pinellas","2010","6215904","PANERA BREAD #4158","41002 HWY 19 N","TARPON SPRINGS","34689","3714616","1","Food","Routine - Food","Warning Issued","07/24/2026","","","3","1","1","1","Y","0","0","0","0","0","0","0","0","0","0","0","0","0","0","0","0","0","0","0","0","0","1","0","0","0","0","0","0","0","0","0","0","0","0","1","1","0","0","0","0","0","0","0","0","0","0","0","0","0","0","0","0","0","0","0","0","0","0","3006547","13753109"
"D3","62","Pinellas","2010","6215904","PANERA BREAD #4158","41002 HWY 19 N","TARPON SPRINGS","34689","3714616","2","Food","Routine - Food","Call Back - Complied","07/28/2026","","","2","0","1","1","Y","0","0","0","0","0","0","0","0","0","0","0","0","0","0","0","0","0","0","0","0","0","1","0","0","0","0","0","0","0","0","0","0","0","0","0","1","0","0","0","0","0","0","0","0","0","0","0","0","0","0","0","0","0","0","0","0","0","0","3006547","13858376"
"D3","62","Pinellas","2010","6215932","CHIPOTLE MEXICAN GRILL #713","3700 PARK BLVD","PINELLAS PARK","33781","3758344","1","Food","Complaint Full","Inspection Completed - No Further Action","07/20/2026","","","2","1","0","1","Y","0","0","1","0","0","0","0","0","0","0","0","0","0","0","0","0","0","0","0","0","0","0","1","0","0","0","0","0","0","0","0","0","0","0","0","0","0","0","0","0","0","0","0","0","0","0","0","0","0","0","0","0","0","0","0","0","0","0","3753273","13849494"
"D3","62","Pinellas","2010","6215947","FIREHOUSE SUBS","3434 E LAKE RD  STE 1","PALM HARBOR","34685","3754206","1","Food","Routine - Food","Inspection Completed - No Further Action","07/10/2026","","","3","1","0","2","Y","0","0","0","0","0","0","0","0","0","0","0","0","1","0","0","0","0","0","0","0","0","1","0","0","0","0","0","0","0","0","0","0","0","0","0","0","0","0","0","0","0","0","0","0","0","0","0","0","0","1","0","0","0","0","0","0","0","0","7405855","13792708"
"D3","62","Pinellas","2010","6215951","CHIPOTLE MEXICAN GRILL #731","780 4 ST N","ST. PETERSBURG","33701","3708309","1","Food","Routine - Food","Inspection Completed - No Further Action","07/28/2026","","","4","0","0","4","Y","0","0","0","0","0","0","0","0","0","0","0","0","0","0","0","1","0","0","0","0","0","0","0","0","0","0","0","0","1","0","0","0","0","0","0","2","0","0","0","0","0","0","0","0","0","0","0","0","0","0","0","0","0","0","0","0","0","0","3753274","13746802"
"D3","62","Pinellas","2010","6215974","BUFFALO WILD WINGS GRILL & BAR","4058 TAMPA RD STE 2","OLDSMAR","34677","3749334","1","Food","Routine - Food","Inspection Completed - No Further Action","07/20/2026","","","1","0","1","0","Y","0","0","0","0","0","0","0","0","0","0","0","0","0","0","0","0","0","0","0","0","0","0","0","0","0","0","0","0","0","0","1","0","0","0","0","0","0","0","0","0","0","0","0","0","0","0","0","0","0","0","0","0","0","0","0","0","0","0","7583528","13787836"
"D3","62","Pinellas","2010","6215983","ROSATIS PIZZA","3730 TAMPA RD STE 6","OLDSMAR","34677","3711835","1","Food","Routine - Food","Inspection Completed - No Further Action","07/20/2026","","","3","0","0","3","N","0","0","0","0","0","0","0","0","0","0","0","0","1","1","0","0","0","0","0","0","0","0","1","0","0","0","0","0","0","0","0","0","0","0","0","0","0","0","0","0","0","0","0","0","0","0","0","0","0","0","0","0","0","0","0","0","0","0","8380749","13750328"
"D3","62","Pinellas","2010","6215990","JET'S PIZZA","1350 MAIN ST","DUNEDIN","34698","3737131","1","Food","Routine - Food","Inspection Completed - No Further Action","07/10/2026","","","20","2","2","16","Y","0","1","0","0","0","0","0","0","0","0","0","0","2","5","0","2","0","0","0","0","0","4","1","0","0","0","0","0","1","0","2","0","0","0","1","1","0","0","0","0","0","0","0","0","0","0","0","0","0","0","0","0","0","0","0","0","0","0","8118923","13775624"
"D3","62","Pinellas","2010","6216000","MIKES PIZZA AND PUB","14479 WALSINGHAM RD","LARGO","33774","3708524","1","Food","Routine - Food","Inspection Completed - No Further Action","07/27/2026","","","7","3","0","4","Y","0","0","0","0","0","0","0","0","0","0","0","0","1","2","0","1","0","0","0","0","0","0","0","0","0","0","0","0","0","0","0","0","0","0","1","0","0","0","0","0","1","0","0","0","0","0","0","0","0","1","0","0","0","0","0","0","0","0","4157206","13747017"
"D3","62","Pinellas","2010","6216020","SUBWAY 38887","41220 US HWY 19 N","TARPON SPRINGS","34689","3713532","1","Food","Routine - Food","Inspection Completed - No Further Action","07/28/2026","","","3","1","1","1","Y","0","0","1","0","0","0","0","0","0","0","0","0","0","1","0","0","0","0","0","0","0","0","0","0","0","0","0","0","0","0","0","0","0","0","0","0","0","0","0","0","0","0","0","0","0","0","0","0","0","0","0","0","1","0","0","0","0","0","8669137","13752025"
"D3","62","Pinellas","2010","6216025","PIZZA HUT  4611","2519 MCMULLEN BOOTH RD STE 501","CLEARWATER","33761","3730262","1","Food","Routine - Food","Inspection Completed - No Further Action","07/08/2026","","","1","0","0","1","Y","0","0","0","0","0","0","0","0","0","0","0","1","0","0","0","0","0","0","0","0","0","0","0","0","0","0","0","0","0","0","0","0","0","0","0","0","0","0","0","0","0","0","0","0","0","0","0","0","0","0","0","0","0","0","0","0","0","0","7945315","13768755"
"D3","62","Pinellas","2010","6216043","COLD STONE CREAMERY","100 MAIN ST #102","SAFETY HARBOR","34695","3747377","1","Food","Routine - Food","Inspection Completed - No Further Action","07/09/2026","","","1","0","0","1","Y","0","0","0","0","0","0","0","0","0","0","0","0","0","1","0","0","0","0","0","0","0","0","0","0","0","0","0","0","0","0","0","0","0","0","0","0","0","0","0","0","0","0","0","0","0","0","0","0","0","0","0","0","0","0","0","0","0","0","5301930","13785879"
"D3","62","Pinellas","2010","6216099","SERBIAN MEDITERAN RESTAURANT LLC","6500 4 ST N","ST. PETERSBURG","33702","3725364","1","Food","Routine - Food","Warning Issued","07/08/2026","","","6","2","3","1","Y","0","0","1","0","0","0","0","2","0","0","0","0","0","0","0","0","0","0","0","0","0","1","0","0","0","0","0","0","0","0","0","0","0","0","0","0","0","0","0","0","1","0","0","0","0","0","0","0","0","0","0","0","1","0","0","0","0","0","8694026","13763857"
"D3","62","Pinellas","2010","6216111","PIZZA HUT 4612","407 S BELCHER RD STE 4","CLEARWATER","33765","3724270","1","Food","Routine - Food","Inspection Completed - No Further Action","07/14/2026","","","0","0","0","0","Y","0","0","0","0","0","0","0","0","0","0","0","0","0","0","0","0","0","0","0","0","0","0","0","0","0","0","0","0","0","0","0","0","0","0","0","0","0","0","0","0","0","0","0","0","0","0","0","0","0","0","0","0","0","0","0","0","0","0","7945342","13762763"
"D3","62","Pinellas","2010","6216112","COMFORT SUITES CLEARWATER","1941 EDGEWATER DR","CLEARWATER","33755","3748039","1","Food","Routine - Food","Warning Issued","07/20/2026","","","3","1","2","0","Y","0","0","0","0","0","0","0","0","0","0","0","0","0","0","0","1","0","0","0","0","0","1","0","0","0","0","0","0","0","0","0","0","0","0","0","0","0","0","0","0","0","0","0","0","0","0","0","0","0","0","0","0","1","0","0","0","0","0","6669712","13786541"
"D3","62","Pinellas","2010","6216125","HUNGRY HOWIES PIZZA AND SUBS","6570 CENTRAL AVE","ST. PETERSBURG","33707","3758120","1","Food","Complaint Full","Emergency order recommended","07/16/2026","","","10","2","4","4","Y","0","0","0","0","0","0","0","0","0","0","1","1","0","1","0","0","0","0","0","0","0","1","0","0","0","0","0","0","0","0","1","0","0","0","3","1","0","0","0","0","0","0","0","0","0","0","0","0","0","0","0","0","1","0","0","0","0","0","3408684","13848387"
"D3","62","Pinellas","2010","6216125","HUNGRY HOWIES PIZZA AND SUBS","6570 CENTRAL AVE","ST. PETERSBURG","33707","3758120","2","Food","Complaint Full","Emergency Order Callback Complied","07/17/2026","","","5","0","3","2","Y","0","0","0","0","0","0","0","0","0","0","1","0","0","1","0","0","0","0","0","0","0","1","0","0","0","0","0","0","0","0","0","0","0","0","0","1","0","0","0","0","0","0","0","0","0","0","0","0","0","0","0","0","1","0","0","0","0","0","3408684","13849969"
"D3","62","Pinellas","2010","6216137","KOGI GRILL","3408 E LAKE RD S","PALM HARBOR","34685","3731766","1","Food","Routine - Food","Inspection Completed - No Further Action","07/07/2026","","","3","0","0","3","Y","0","1","0","0","0","0","0","0","0","0","0","1","0","0","0","0","0","0","0","0","0","0","0","0","0","0","0","0","0","0","0","0","0","0","0","0","0","0","0","1","0","0","0","0","0","0","0","0","0","0","0","0","0","0","0","0","0","0","9131363","13770259"
"D3","62","Pinellas","2010","6216162","MOES SOUTHWEST GRILL #135","4011 TAMPA RD  UNIT 14","OLDSMAR","34677","3742940","1","Food","Routine - Food","Inspection Completed - No Further Action","07/16/2026","","","3","1","0","2","Y","0","0","0","0","0","0","0","0","0","0","0","0","0","1","0","0","0","0","0","0","0","0","1","0","0","0","0","0","0","0","0","0","0","0","0","0","0","0","0","0","1","0","0","0","0","0","0","0","0","0","0","0","0","0","0","0","0","0","7635272","13781442"
"D3","62","Pinellas","2010","6216178","CARETTA ON THE GULF","500 MANDALAY AVE","CLEARWATER BEACH","33767","3721546","1","Food","Routine - Food","Warning Issued","07/28/2026","","","4","1","1","2","Y","0","0","1","0","0","0","0","1","0","0","0","0","0","0","0","0","0","0","0","0","0","1","0","0","0","0","0","0","0","0","1","0","0","0","0","0","0","0","0","0","0","0","0","0","0","0","0","0","0","0","0","0","0","0","0","0","0","0","5248896","13760039"
"D3","62","Pinellas","2010","6216178","CARETTA ON THE GULF","500 MANDALAY AVE","CLEARWATER BEACH","33767","3721546","2","Food","Routine - Food","Call Back - Complied","07/30/2026","","","0","0","0","0","Y","0","0","0","0","0","0","0","0","0","0","0","0","0","0","0","0","0","0","0","0","0","0","0","0","0","0","0","0","0","0","0","0","0","0","0","0","0","0","0","0","0","0","0","0","0","0","0","0","0","0","0","0","0","0","0","0","0","0","5248896","13861606"
"D3","62","Pinellas","2010","6216206","DOCKSIDE DAVES","14701 GULF BLVD","MADEIRA BEACH","33708","3694494","3","Food","Complaint Full","Call Back - Complied","07/31/2026","","","1","0","1","0","Y","0","0","0","0","0","0","0","0","0","0","0","0","0","0","0","0","0","0","0","0","0","0","0","0","0","0","0","0","0","0","0","0","0","0","0","0","0","0","0","0","0","0","0","0","0","0","0","0","0","0","1","0","0","0","0","0","0","0","9017588","13703823"
"D3","62","Pinellas","2010","6216241","CHINA TASTE FL INC","876 E TARPON AVE","TARPON SPRINGS","34689","3726013","1","Food","Routine - Food","Inspection Completed - No Further Action","07/22/2026","","","13","5","1","7","Y","1","0","1","0","0","0","0","4","0","0","0","1","1","1","0","0","0","0","0","0","0","1","1","0","1","0","0","0","0","0","0","0","0","0","0","0","0","0","0","0","0","0","0","0","0","0","0","0","0","0","0","0","1","0","0","0","0","0","7300999","13764506"
"D3","62","Pinellas","2010","6216299","HONEY BUNNY BISTRO","1732  DREW ST","CLEARWATER","33755","3713514","1","Food","Routine - Food","Inspection Completed - No Further Action","07/29/2026","","","5","1","2","2","Y","0","0","1","0","0","0","0","0","0","0","1","0","0","0","0","0","0","0","0","0","1","1","0","0","0","0","0","0","0","0","1","0","0","0","0","0","0","0","0","0","0","0","0","0","0","0","0","0","0","0","0","0","0","0","0","0","0","0","9675140","13752007"
"D3","62","Pinellas","2010","6216306","TAQUITOS MEXICAN","9617 BAY PINES BLVD","ST PETERSBURG","33708","3735884","1","Food","Routine - Food","Inspection Completed - No Further Action","07/23/2026","","","6","0","1","5","Y","0","0","0","0","0","0","0","0","0","0","0","0","0","1","0","0","0","0","0","0","0","0","1","0","0","0","0","0","1","0","0","0","0","0","0","1","0","0","0","0","0","0","0","0","0","0","0","0","0","1","0","0","1","0","0","0","0","0","6899005","13774377"
"D3","62","Pinellas","2010","6216319","RESIDENCE INN CLEARWATER DOWNTOWN","940 COURT ST","CLEARWATER","33756","3736170","1","Food","Routine - Food","Inspection Completed - No Further Action","07/17/2026","","","3","0","2","1","Y","0","0","0","0","0","0","0","0","0","0","1","0","0","0","0","1","0","0","0","0","1","0","0","0","0","0","0","0","0","0","0","0","0","0","0","0","0","0","0","0","0","0","0","0","0","0","0","0","0","0","0","0","0","0","0","0","0","0","6464952","13774663"
"D3","62","Pinellas","2010","6216331","JET'S PIZZA","9649 BAY PIINES BLVD","ST. PETERSBURG","33708","3742109","1","Food","Routine - Food","Warning Issued","07/23/2026","","","3","0","1","2","Y","0","0","0","0","0","0","0","0","0","1","0","0","0","0","0","0","0","0","0","0","0","1","0","0","0","0","0","0","0","0","0","0","0","0","0","0","0","0","0","0","0","0","0","0","0","0","0","0","0","0","0","0","1","0","0","0","0","0","5894603","13780611"
"D3","62","Pinellas","2010","6216343","MAD BEACH CANTINA","13205 GULF BLVD","MADEIRA BEACH","33708","3711890","1","Food","Routine - Food","Inspection Completed - No Further Action","07/10/2026","","","3","0","0","3","Y","0","0","0","0","0","1","0","0","0","1","0","1","0","0","0","0","0","0","0","0","0","0","0","0","0","0","0","0","0","0","0","0","0","0","0","0","0","0","0","0","0","0","0","0","0","0","0","0","0","0","0","0","0","0","0","0","0","0","8494180","13750383"
"D3","62","Pinellas","2010","6216360","BOJANGLES","7930 US HWY 19 N","PINELLAS PARK","33781","3755877","1","Food","Complaint Full","Inspection Completed - No Further Action","07/14/2026","","","6","0","1","5","Y","0","0","0","0","0","0","0","0","0","1","0","1","0","1","0","0","0","0","0","0","1","0","0","0","0","0","0","0","0","0","1","0","0","0","0","0","0","0","0","1","0","0","0","0","0","0","0","0","0","0","0","0","0","0","0","0","0","0","9617412","13841385"
"D3","62","Pinellas","2010","6216377","JIMMY JOHN'S #1127","1410 66 ST N","ST. PETERSBURG","33710","3719026","1","Food","Routine - Food","Administrative complaint recommended","07/07/2026","","","12","2","2","8","Y","0","0","1","0","1","0","0","1","0","0","0","1","0","2","0","0","0","0","0","0","0","1","1","1","0","0","0","0","0","0","1","1","0","0","1","0","0","0","0","0","0","0","0","0","0","0","0","0","0","0","0","0","0","0","0","0","0","0","9234097","13757519"
"D3","62","Pinellas","2010","6216377","JIMMY JOHN'S #1127","1410 66 ST N","ST. PETERSBURG","33710","3719026","2","Food","Routine - Food","Call Back - Admin. complaint recommended","07/08/2026","","","8","1","1","6","Y","0","0","0","0","1","0","0","1","0","0","0","0","0","2","0","0","0","0","0","0","0","1","1","0","0","0","0","0","0","0","0","1","0","0","1","0","0","0","0","0","0","0","0","0","0","0","0","0","0","0","0","0","0","0","0","0","0","0","9234097","13821486"
"D3","62","Pinellas","2010","6216377","JIMMY JOHN'S #1127","1410 66 ST N","ST. PETERSBURG","33710","3719026","3","Food","Routine - Food","Call Back - Admin. complaint recommended","07/09/2026","","","8","1","1","6","Y","0","0","0","0","1","0","0","1","0","0","0","0","0","2","0","0","0","0","0","0","0","1","1","0","0","0","0","0","0","0","0","1","0","0","1","0","0","0","0","0","0","0","0","0","0","0","0","0","0","0","0","0","0","0","0","0","0","0","9234097","13841513"
"D3","62","Pinellas","2010","6216377","JIMMY JOHN'S #1127","1410 66 ST N","ST. PETERSBURG","33710","3755989","1","Food","Routine - Food","Emergency order recommended","07/09/2026","","","1","1","0","0","Y","0","0","0","0","0","0","0","0","0","0","0","0","0","0","0","0","0","0","0","0","0","0","0","0","0","0","0","0","0","0","0","0","0","0","1","0","0","0","0","0","0","0","0","0","0","0","0","0","0","0","0","0","0","0","0","0","0","0","9234097","13842148"
"D3","62","Pinellas","2010","6216377","JIMMY JOHN'S #1127","1410 66 ST N","ST. PETERSBURG","33710","3755989","2","Food","Routine - Food","Emergency Order Callback Not Complied","07/10/2026","","","1","1","0","0","Y","0","0","0","0","0","0","0","0","0","0","0","0","0","0","0","0","0","0","0","0","0","0","0","0","0","0","0","0","0","0","0","0","0","0","1","0","0","0","0","0","0","0","0","0","0","0","0","0","0","0","0","0","0","0","0","0","0","0","9234097","13842149"
"D3","62","Pinellas","2010","6216377","JIMMY JOHN'S #1127","1410 66 ST N","ST. PETERSBURG","33710","3755989","3","Food","Routine - Food","Emergency Order Callback Complied","07/10/2026","","","0","0","0","0","Y","0","0","0","0","0","0","0","0","0","0","0","0","0","0","0","0","0","0","0","0","0","0","0","0","0","0","0","0","0","0","0","0","0","0","0","0","0","0","0","0","0","0","0","0","0","0","0","0","0","0","0","0","0","0","0","0","0","0","9234097","13842980"
"D3","62","Pinellas","2010","6216379","UPTOWN EATS","689 DR MLK JR ST N STE D","ST. PETERSBURG","33701","3756110","1","Food","Complaint Full","Emergency order recommended","07/15/2026","","","21","8","4","9","Y","0","0","1","0","0","0","0","0","1","0","0","2","0","1","0","0","0","0","0","0","0","2","1","0","1","0","0","0","1","0","1","1","0","0","4","2","0","0","0","0","2","0","0","0","0","0","0","0","0","0","1","0","0","0","0","0","0","0","7737719","13844052"
"D3","62","Pinellas","2010","6216379","UPTOWN EATS","689 DR MLK JR ST N STE D","ST. PETERSBURG","33701","3756110","2","Food","Complaint Full","Call Back - Complied","07/16/2026","","","8","2","3","3","Y","0","0","1","0","0","0","0","0","0","0","0","0","0","0","0","0","0","0","0","0","0","2","0","0","0","0","0","0","1","0","0","1","0","0","1","1","0","0","0","0","0","0","0","0","0","0","0","0","0","0","1","0","0","0","0","0","0","0","7737719","13848467"
"D3","62","Pinellas","2010","6216417","LATIN BOWL RESTAURANT","11500 WALSINGHAM RD","LARGO","33778","3742084","1","Food","Routine - Food","Inspection Completed - No Further Action","07/24/2026","","","5","1","2","2","Y","0","0","0","0","0","0","0","0","0","1","0","0","0","0","0","1","0","0","0","0","0","2","0","0","0","0","0","0","0","0","0","1","0","0","0","0","0","0","0","0","0","0","0","0","0","0","0","0","0","0","0","0","0","0","0","0","0","0","7107432","13780586"
"D3","62","Pinellas","2010","6216428","JUNO AND THE PEACOCK","400 BEACH DR STE 120","ST. PETERSBURG","33701","3761501","1","Food","Complaint Full","Inspection Completed - No Further Action","07/28/2026","","","9","1","0","8","Y","0","0","1","0","0","0","0","0","0","1","0","1","0","2","0","1","0","0","0","0","0","0","1","2","0","0","0","0","0","0","0","0","0","0","0","0","0","0","0","0","0","0","0","0","0","0","0","0","0","0","0","0","0","0","0","0","0","0","8038215","13860560"
"D3","62","Pinellas","2010","6216477","LITTLE GREEK CUISINE","2245 GULF TO BAY BLVD","CLEARWATER","33765","3755957","1","Food","Complaint Full","Inspection Completed - No Further Action","07/14/2026","","","21","3","6","12","Y","0","3","1","0","1","1","0","0","0","0","0","0","0","2","0","0","0","0","0","0","1","3","0","0","0","0","0","0","0","0","1","0","2","0","0","3","0","0","0","0","3","0","0","0","0","0","0","0","0","0","0","0","0","0","0","0","0","0","6122145","13841837"
"D3","62","Pinellas","2010","6216500","TROPICAL SMOOTHIE CAFE","1001 WEST BAY DR STE #102","LARGO","33770","3702015","1","Food","Routine - Food","Inspection Completed - No Further Action","07/21/2026","","","3","0","0","3","Y","0","0","0","0","0","0","0","1","0","0","0","1","0","0","0","0","0","0","0","0","0","0","0","0","0","0","0","0","0","0","0","0","0","0","0","0","0","0","0","1","0","0","0","0","0","0","0","0","0","0","0","0","0","0","0","0","0","0","4041027","13740490"
"D3","62","Pinellas","2010","6216527","CHINA EXPRESS TAKE-OUT","1159 S PINELLAS AVENUE","TARPON SPRINGS","34689","3708452","1","Food","Routine - Food","Inspection Completed - No Further Action","07/30/2026","","","10","3","3","4","Y","0","0","1","0","0","0","0","2","0","0","0","2","0","1","0","0","0","0","0","0","0","1","1","0","1","0","0","0","0","0","1","0","0","0","0","0","0","0","0","0","0","0","0","0","0","0","0","0","0","0","0","0","0","0","0","0","0","0","4086786","13746945"
"D3","62","Pinellas","2010","6216529","JERSEY MIKE'S SUBS","3860 TAMPA ROAD","OLDSMAR","34677","3751820","1","Food","Routine - Food","Inspection Completed - No Further Action","07/16/2026","","","2","1","0","1","Y","0","0","1","0","0","0","0","0","0","0","0","0","0","0","0","0","0","0","0","0","0","0","0","0","0","0","0","0","0","0","0","0","0","0","0","0","0","0","0","1","0","0","0","0","0","0","0","0","0","0","0","0","0","0","0","0","0","0","9436441","13790322"
"D3","62","Pinellas","2010","6216537","LA CHINA POBLANA MEXICAN RESTAURANT AND PIZZA LLC","2169 N HERCULES AVE","CLEARWATER","33763","3597367","2","Food","Routine - Food","Call Back - Complied","07/29/2026","","","2","0","1","1","Y","0","0","0","0","0","0","0","0","0","0","0","0","0","1","0","0","0","0","0","0","0","1","0","0","0","0","0","0","0","0","0","0","0","0","0","0","0","0","0","0","0","0","0","0","0","0","0","0","0","0","0","0","0","0","0","0","0","0","9065192","13689157"
"D3","62","Pinellas","2010","6216539","LITTLE CAESARS 648","6960 PARK BLVD","PINELLAS PARK","33781","3725070","1","Food","Routine - Food","Warning Issued","07/24/2026","","","2","0","1","1","Y","0","0","0","0","0","0","0","0","0","0","0","0","0","0","0","0","0","0","0","0","0","0","0","0","0","0","0","0","0","0","0","0","0","0","0","0","0","0","0","0","0","0","0","0","0","0","0","0","0","1","0","0","1","0","0","0","0","0","6080579","13763563"
"D3","62","Pinellas","2010","6216555","IRIE THYME JAMAICAN GRILL","3114 5 AVE S","ST. PETERSBURG","33712","3697277","2","Food","Routine - Food","Call Back - Extension given, pending","07/15/2026","","","1","0","1","0","Y","0","0","0","0","0","0","0","0","0","0","0","0","0","0","0","0","0","0","0","0","0","0","0","0","0","0","0","0","0","0","0","0","0","0","0","0","0","0","0","0","0","0","0","0","0","0","0","0","0","0","1","0","0","0","0","0","0","0","9957047","13690399"
"D3","62","Pinellas","2010","6216555","IRIE THYME JAMAICAN GRILL","3114 5 AVE S","ST. PETERSBURG","33712","3697277","3","Food","Routine - Food","Call Back - Complied","07/17/2026","","","0","0","0","0","Y","0","0","0","0","0","0","0","0","0","0","0","0","0","0","0","0","0","0","0","0","0","0","0","0","0","0","0","0","0","0","0","0","0","0","0","0","0","0","0","0","0","0","0","0","0","0","0","0","0","0","0","0","0","0","0","0","0","0","9957047","13848570"
"D3","62","Pinellas","2010","6216560","EARLY BIRD","9131 US HWY 19 N","PINELLAS PARK","33782","3761503","1","Food","Complaint Full","Administrative complaint recommended","07/30/2026","","","18","2","7","9","Y","0","0","1","0","0","0","0","4","0","0","2","1","0","1","0","0","0","0","0","0","0","0","0","0","1","0","0","0","1","0","2","1","0","0","0","1","0","0","0","0","0","0","0","0","0","0","0","0","0","0","0","0","3","0","0","0","0","0","8195092","13860562"
"D3","62","Pinellas","2010","6216568","EASTERN CHINA TASTE INC","658 E LAKE RD","PALM HARBOR","34685","3759197","1","Food","Complaint Full","Inspection Completed - No Further Action","07/23/2026","","","3","0","0","3","Y","0","0","0","0","0","0","0","1","0","0","0","0","0","0","0","0","0","0","0","0","0","1","0","1","0","0","0","0","0","0","0","0","0","0","0","0","0","0","0","0","0","0","0","0","0","0","0","0","0","0","0","0","0","0","0","0","0","0","7529769","13852506"
"D3","62","Pinellas","2010","6216578","JJ'S MARKET & DELI","10535 GANDY BLVD","ST PETERSBURG","33702","3726134","1","Food","Routine - Food","Warning Issued","07/27/2026","","","2","2","0","0","Y","0","0","1","0","0","0","0","0","0","0","0","1","0","0","0","0","0","0","0","0","0","0","0","0","0","0","0","0","0","0","0","0","0","0","0","0","0","0","0","0","0","0","0","0","0","0","0","0","0","0","0","0","0","0","0","0","0","0","9489058","13764627"
"D3","62","Pinellas","2010","6216578","JJ'S MARKET & DELI","10535 GANDY BLVD","ST PETERSBURG","33702","3726134","2","Food","Routine - Food","Call Back - Complied","07/28/2026","","","0","0","0","0","Y","0","0","0","0","0","0","0","0","0","0","0","0","0","0","0","0","0","0","0","0","0","0","0","0","0","0","0","0","0","0","0","0","0","0","0","0","0","0","0","0","0","0","0","0","0","0","0","0","0","0","0","0","0","0","0","0","0","0","9489058","13860409"
"D3","62","Pinellas","2010","6216588","WINDWARD BAR & GRILLE","282 WINDWARD PASSAGE","CLEARWATER","33767","3723514","1","Food","Routine - Food","Warning Issued","07/28/2026","","","5","0","4","1","Y","0","1","0","0","0","1","0","0","0","0","0","0","0","0","0","0","0","0","0","0","0","1","0","0","0","0","0","0","0","0","1","0","0","0","0","0","0","0","0","0","0","0","0","0","0","0","0","0","0","0","0","0","1","0","0","0","0","0","5887289","13762007"
"D3","62","Pinellas","2010","6216614","THE BRINEHOUSE","100 MAIN ST #104","SAFETY HARBOR","34695","3711682","1","Food","Routine - Food","Inspection Completed - No Further Action","07/09/2026","","","5","2","1","2","Y","0","0","0","0","0","0","0","0","0","0","0","0","0","1","0","0","0","0","0","0","0","2","0","0","0","0","0","0","0","0","0","0","1","0","0","0","0","0","0","0","1","0","0","0","0","0","0","0","0","0","0","0","0","0","0","0","0","0","8157462","13750175"
"D3","62","Pinellas","2010","6216656","IHOP #36-212","30200 US HWY 19 N","CLEARWATER","33761","3728047","1","Food","Routine - Food","Inspection Completed - No Further Action","07/07/2026","","","3","0","1","2","Y","0","0","0","0","0","0","0","0","0","0","0","0","0","0","0","0","0","0","0","0","0","1","0","1","0","0","0","0","0","0","0","0","0","0","0","1","0","0","0","0","0","0","0","0","0","0","0","0","0","0","0","0","0","0","0","0","0","0","4283799","13766540"
"D3","62","Pinellas","2010","6216682","MENCHIES FROZEN YOGURT","794 E LAKE RD","PALM HARBOR","34685","3732995","1","Food","Routine - Food","Inspection Completed - No Further Action","07/21/2026","","","2","0","1","1","Y","0","0","0","0","0","0","0","0","0","0","0","0","0","0","0","0","0","0","0","0","1","1","0","0","0","0","0","0","0","0","0","0","0","0","0","0","0","0","0","0","0","0","0","0","0","0","0","0","0","0","0","0","0","0","0","0","0","0","9681880","13771488"
"D3","62","Pinellas","2010","6216683","DELCO'S ORIGINAL STEAKS & HOAGIES","1701 MAIN ST","DUNEDIN","34698","3756138","1","Food","Complaint Full","Administrative complaint recommended","07/14/2026","","","20","2","4","14","Y","1","0","1","0","0","0","0","1","0","0","1","0","1","5","0","1","0","0","0","0","0","3","0","0","0","0","0","0","0","0","0","0","1","0","1","3","0","0","0","1","0","0","0","0","0","0","0","0","0","0","0","0","0","0","0","0","0","0","4322833","13844167"
"D3","62","Pinellas","2010","6216691","DIESEL GARAGE GRILL AND BAR","34200 US HWY19 N","PALM HARBOR","34684","3750400","1","Food","Routine - Food","Warning Issued","07/28/2026","","","24","6","5","13","Y","1","1","0","0","0","0","0","2","0","0","0","3","1","3","0","2","0","0","0","0","0","3","1","2","0","0","0","0","1","0","3","0","0","0","1","0","0","0","0","0","0","0","0","0","0","0","0","0","0","0","0","0","0","0","0","0","0","0","8607162","13788902"
"D3","62","Pinellas","2010","6216745","CICIS 897","1560 MCMULLEN BOOTH RD","CLEARWATER","33759","3741554","1","Food","Routine - Food","Inspection Completed - No Further Action","07/23/2026","","","7","2","3","2","Y","1","0","1","0","0","0","0","0","0","0","0","0","0","0","0","1","0","0","0","0","0","0","0","0","0","0","0","0","0","0","3","1","0","0","0","0","0","0","0","0","0","0","0","0","0","0","0","0","0","0","0","0","0","0","0","0","0","0","6359344","13780056"
"D3","62","Pinellas","2010","6216750","PARK & REC","344 1 AVE SOUTH","ST. PETERSBURG","33701","3685323","2","Food","Routine - Food","Call Back - Complied","07/10/2026","","","9","0","2","7","Y","0","0","0","0","1","0","0","0","0","0","0","0","0","3","0","2","0","0","0","0","0","1","1","0","0","0","0","0","1","0","0","0","0","0","0","0","0","0","0","0","0","0","0","0","0","0","0","0","0","0","0","0","0","0","0","0","0","0","6587767","13723501"
"D3","62","Pinellas","2010","6216762","HUARACHE AZTECA 3","22097 US 19 N","CLEARWATER","33765","3736168","1","Food","Routine - Food","Inspection Completed - No Further Action","07/22/2026","","","6","4","0","2","Y","1","0","0","0","0","1","0","1","0","1","0","1","0","0","0","0","0","0","0","0","0","1","0","0","0","0","0","0","0","0","0","0","0","0","0","0","0","0","0","0","0","0","0","0","0","0","0","0","0","0","0","0","0","0","0","0","0","0","6352960","13774661"
"D3","62","Pinellas","2010","6216770","JULIS MEXICAN RESTAURANT","1237 CLEVELAND ST","CLEARWATER","33755","3718927","1","Food","Routine - Food","Inspection Completed - No Further Action","07/14/2026","","","6","2","2","2","Y","1","0","1","0","0","0","0","1","0","0","0","0","0","0","0","0","0","0","0","0","1","0","0","0","0","0","0","0","0","0","2","0","0","0","0","0","0","0","0","0","0","0","0","0","0","0","0","0","0","0","0","0","0","0","0","0","0","0","6443191","13757420"
"D3","62","Pinellas","2010","6216775","MANDALAY PRIME STEAKHOUSE AND LOUNGE","476 MANDALAY AVE","CLEARWATER BEACH","33767","3680329","2","Food","Routine - Food","Call Back - Complied","07/15/2026","","","0","0","0","0","Y","0","0","0","0","0","0","0","0","0","0","0","0","0","0","0","0","0","0","0","0","0","0","0","0","0","0","0","0","0","0","0","0","0","0","0","0","0","0","0","0","0","0","0","0","0","0","0","0","0","0","0","0","0","0","0","0","0","0","8165101","13695598"
"D3","62","Pinellas","2010","6216783","MCDONALD'S OF PALM HARBOR","33817 US HWY 19 N","PALM HARBOR","34684","3712321","1","Food","Routine - Food","Inspection Completed - No Further Action","07/23/2026","","","4","0","0","4","Y","0","0","0","0","0","0","0","0","0","0","0","0","1","2","0","0","0","0","0","0","0","0","0","1","0","0","0","0","0","0","0","0","0","0","0","0","0","0","0","0","0","0","0","0","0","0","0","0","0","0","0","0","0","0","0","0","0","0","9086256","13750814"
"D3","62","Pinellas","2010","6216801","TRIP'S DINER","2339 DR  MARTIN LUTHER KING JR ST N","SAINT PETERSBURG","33704","3718515","1","Food","Routine - Food","Inspection Completed - No Further Action","07/30/2026","","","3","1","0","2","Y","0","0","1","0","0","0","0","0","0","0","0","0","0","0","0","0","0","0","0","0","0","0","0","1","0","0","0","0","1","0","0","0","0","0","0","0","0","0","0","0","0","0","0","0","0","0","0","0","0","0","0","0","0","0","0","0","0","0","8677873","13757008"
"D3","62","Pinellas","2010","6216812","WESTSHORE PIZZA","2989 W BAY DR","BELLEAIR BLUFFS","33770","3700947","1","Food","Complaint Full","Inspection Completed - No Further Action","07/07/2026","","","7","0","1","6","Y","0","0","0","0","0","0","0","1","0","0","0","0","0","0","0","0","0","0","0","0","1","1","0","0","1","0","0","0","0","0","0","0","0","0","0","2","0","0","0","0","0","0","0","0","0","0","0","0","0","0","1","0","0","0","0","0","0","0","9605363","13721475"
"D3","62","Pinellas","2010","6216846","RICK'S REEF","6712 GULF BLVD","ST.PETE BEACH","33706","3758802","1","Food","Complaint Full","Administrative complaint recommended","07/24/2026","","","18","4","6","8","Y","2","1","1","0","0","0","0","2","0","1","0","0","0","1","0","1","0","0","0","0","0","0","0","1","0","0","0","0","1","0","3","0","0","0","2","1","0","0","0","0","1","0","0","0","0","0","0","0","0","0","0","0","0","0","0","0","0","0","6521445","13851316"
"D3","62","Pinellas","2010","6216846","RICK'S REEF","6712 GULF BLVD","ST.PETE BEACH","33706","3758802","2","Food","Complaint Full","Call Back - Complied","07/27/2026","","","3","0","1","2","Y","1","0","0","0","0","0","0","0","0","0","0","0","0","1","0","0","0","0","0","0","0","0","0","1","0","0","0","0","0","0","0","0","0","0","0","0","0","0","0","0","0","0","0","0","0","0","0","0","0","0","0","0","0","0","0","0","0","0","6521445","13858716"
"D3","62","Pinellas","2010","6216851","HOOTERS OF CLEARWATER BEACH","381 MANDALAY AVE","CLEARWATER","33767","3721555","1","Food","Routine - Food","Inspection Completed - No Further Action","07/28/2026","","","5","1","0","4","Y","1","0","0","0","0","1","0","0","0","0","0","0","0","1","0","0","0","0","0","0","1","0","1","0","0","0","0","0","0","0","0","0","0","0","0","0","0","0","0","0","0","0","0","0","0","0","0","0","0","0","0","0","0","0","0","0","0","0","5296245","13760048"
"D3","62","Pinellas","2010","6216865","FIVE GUYS","300 E LAKE RD UNIT 2A","PALM HARBOR","34685","3714018","1","Food","Routine - Food","Inspection Completed - No Further Action","07/08/2026","","","3","0","0","3","Y","0","0","0","0","0","0","0","0","0","0","0","0","0","0","0","0","0","0","0","0","0","0","0","0","0","0","0","0","0","0","0","0","3","0","0","0","0","0","0","0","0","0","0","0","0","0","0","0","0","0","0","0","0","0","0","0","0","0","9871468","13752511"
"D3","62","Pinellas","2010","6216874","THE BOXER","454 MANDALAY AVE","CLEARWATER BEACH","33767","3732502","1","Food","Routine - Food","Warning Issued","07/27/2026","","","8","1","2","5","Y","0","0","0","0","0","0","0","1","0","0","0","0","0","1","0","1","0","0","0","0","0","2","0","0","0","0","0","0","0","0","0","1","0","0","0","1","0","0","0","1","0","0","0","0","0","0","0","0","0","0","0","0","0","0","0","0","0","0","9373351","13770995"
"D3","62","Pinellas","2010","6216878","CS KOBE & ITALIAN","13505 ICOT BLVD., STE. 207","CLEARWATER","33760","3685658","2","Food","Routine - Food","Call Back - Complied","07/30/2026","","","4","0","0","4","Y","0","0","0","0","0","0","0","1","0","0","0","0","0","2","0","0","0","0","0","0","0","0","1","0","0","0","0","0","0","0","0","0","0","0","0","0","0","0","0","0","0","0","0","0","0","0","0","0","0","0","0","0","0","0","0","0","0","0","5412697","13694091"
"D3","62","Pinellas","2010","6216893","ENGINE NO.9","56 DR MLK JR BLVD","ST. PETERSBURG","33705-1557","3715133","1","Food","Routine - Food","Administrative complaint recommended","07/31/2026","","","32","3","8","21","Y","1","3","2","0","0","0","0","1","0","2","0","1","0","1","0","4","0","0","0","0","1","2","1","2","0","0","0","0","0","0","1","1","1","0","0","2","0","0","0","1","1","0","0","0","0","0","0","0","0","0","1","1","2","0","0","0","0","0","5431771","13753626"
"D3","62","Pinellas","2010","6216903","PDQ","4526 4 ST N","SAINT PETERSBURG","33703","3709268","1","Food","Routine - Food","Inspection Completed - No Further Action","07/21/2026","","","8","0","1","7","Y","0","0","0","0","0","0","0","2","0","0","0","0","0","0","0","0","0","0","0","0","1","1","0","0","0","0","0","0","0","0","1","0","2","0","0","1","0","0","0","0","0","0","0","0","0","0","0","0","0","0","0","0","0","0","0","0","0","0","5324463","13747761"
"D3","62","Pinellas","2010","6216936","DALYS FLAME BROILED BURGERS","10754 70  AVE","SEMINOLE","33772","3753725","1","Food","Routine - Food","Inspection Completed - No Further Action","07/21/2026","","","9","2","2","5","Y","0","0","0","0","0","0","0","1","0","1","0","0","0","1","0","1","0","0","0","0","0","1","1","0","0","0","0","0","0","0","0","0","1","0","0","1","0","0","0","0","0","0","0","0","0","0","0","0","0","1","0","0","0","0","0","0","0","0","9343082","13792227"
"D3","62","Pinellas","2010","6216942","HOT SPOT DINER","4045 N TYRONE BLVD #204","ST. PETERSBURG","33709","3754108","1","Food","Routine - Food","Warning Issued","07/21/2026","","","30","8","8","14","Y","1","0","3","0","0","0","0","1","1","1","1","1","0","2","0","3","0","0","0","0","1","3","2","1","0","0","0","0","0","0","5","0","0","0","1","0","0","0","0","1","0","0","0","0","0","0","0","0","0","1","0","0","1","0","0","0","0","0","9823553","13792610"
"D3","62","Pinellas","2010","6216942","HOT SPOT DINER","4045 N TYRONE BLVD #204","ST. PETERSBURG","33709","3754108","2","Food","Routine - Food","Call Back - Admin. complaint recommended","07/30/2026","","","15","2","3","10","Y","0","0","0","0","0","0","0","0","0","0","1","0","0","2","0","3","0","0","0","0","1","3","2","1","0","0","0","0","0","0","0","0","0","0","0","0","0","0","0","0","0","0","0","0","0","0","0","0","0","1","0","0","1","0","0","0","0","0","9823553","13853727"
"D3","62","Pinellas","2010","6216949","JIMMY'S CROW'S NEST","101 CORONADO DR","CLEARWATER","33767","3721612","1","Food","Routine - Food","Inspection Completed - No Further Action","07/24/2026","","","4","1","1","2","Y","0","0","1","0","0","0","0","0","0","0","0","0","0","0","0","0","0","0","0","0","0","2","0","0","0","0","0","0","1","0","0","0","0","0","0","0","0","0","0","0","0","0","0","0","0","0","0","0","0","0","0","0","0","0","0","0","0","0","5524718","13760105"
"D3","62","Pinellas","2010","6216979","CHIPOTLE MEXICAN GRILL","33121 US HWY 19 N","PALM HARBOR","34684","3710474","1","Food","Routine - Food","Inspection Completed - No Further Action","07/24/2026","","","7","1","0","6","Y","0","0","0","0","0","0","0","0","0","0","0","0","1","1","0","2","0","0","0","0","0","0","0","1","0","0","0","0","0","0","0","0","0","0","0","1","0","0","0","0","1","0","0","0","0","0","0","0","0","0","0","0","0","0","0","0","0","0","5585494","13748967"
"D3","62","Pinellas","2010","6217025","EL MAGUEY MEXICAN RESTAURANT","4327 66 ST N","KENNETH CITY","33709","3730051","1","Food","Routine - Food","Administrative complaint recommended","07/23/2026","","","5","3","0","2","Y","1","0","1","0","1","0","0","0","0","0","0","0","0","2","0","0","0","0","0","0","0","0","0","0","0","0","0","0","0","0","0","0","0","0","0","0","0","0","0","0","0","0","0","0","0","0","0","0","0","0","0","0","0","0","0","0","0","0","5688985","13768544"
"D3","62","Pinellas","2010","6217025","EL MAGUEY MEXICAN RESTAURANT","4327 66 ST N","KENNETH CITY","33709","3730051","2","Food","Routine - Food","Call Back - Complied","07/24/2026","","","0","0","0","0","Y","0","0","0","0","0","0","0","0","0","0","0","0","0","0","0","0","0","0","0","0","0","0","0","0","0","0","0","0","0","0","0","0","0","0","0","0","0","0","0","0","0","0","0","0","0","0","0","0","0","0","0","0","0","0","0","0","0","0","5688985","13857390"
"D3","62","Pinellas","2010","6217028","POKE ISLAND PLUS","4058 TAMPA RD STE 4","OLDSMAR","34677","3736690","1","Food","Routine - Food","Inspection Completed - No Further Action","07/27/2026","","","4","0","1","3","Y","0","1","0","0","0","0","0","1","0","0","0","1","0","0","0","0","0","0","0","0","0","1","0","0","0","0","0","0","0","0","0","0","0","0","0","0","0","0","0","0","0","0","0","0","0","0","0","0","0","0","0","0","0","0","0","0","0","0","7973056","13775183"
"D3","62","Pinellas","2010","6217051","TWISTEE TREAT USA LLC","905 E TARPON AVE","TARPON SPRINGS","34689","3710440","1","Food","Routine - Food","Warning Issued","07/22/2026","","","4","2","1","1","Y","1","0","1","0","0","0","0","0","0","0","0","0","0","0","0","0","0","0","0","0","0","0","0","0","0","0","0","0","0","0","0","0","0","0","0","1","0","0","0","0","0","0","0","0","0","0","0","0","0","0","0","0","1","0","0","0","0","0","5692808","13748933"
"D3","62","Pinellas","2010","6217051","TWISTEE TREAT USA LLC","905 E TARPON AVE","TARPON SPRINGS","34689","3710440","2","Food","Routine - Food","Call Back - Complied","07/24/2026","","","2","0","1","1","Y","0","0","0","0","0","0","0","0","0","0","0","0","0","0","0","0","0","0","0","0","0","0","0","0","0","0","0","0","0","0","0","0","0","0","0","1","0","0","0","0","0","0","0","0","0","0","0","0","0","0","0","0","1","0","0","0","0","0","5692808","13855870"
"D3","62","Pinellas","2010","6217060","DOMINO'S PIZZA #3158","2657 E  LAKE RD T2","PALM HARBOR","34685","3717456","1","Food","Routine - Food","Inspection Completed - No Further Action","07/15/2026","","","1","0","1","0","Y","0","0","0","0","0","0","0","0","0","0","0","0","0","0","0","0","0","0","0","0","0","0","0","0","0","0","0","0","0","0","0","0","0","0","0","0","0","0","0","0","0","0","0","0","0","0","0","0","0","0","0","0","1","0","0","0","0","0","8251474","13755949"
"D3","62","Pinellas","2010","6217067","JUNGLE PRADA TAVERN","1700 PARK ST N","ST. PETERSBURG","33710","3686894","2","Food","Routine - Food","Call Back - Admin. complaint recommended","07/22/2026","","","8","0","0","8","Y","0","0","1","0","0","0","0","0","0","1","0","0","0","1","0","0","0","0","0","0","1","0","0","0","0","0","0","0","2","0","0","0","0","0","0","0","0","0","0","0","0","0","0","0","0","0","0","0","0","1","1","0","0","0","0","0","0","0","6159807","13694904"
"D3","62","Pinellas","2010","6217081","TACO BELL","903 PASADENA AVE S","SOUTH PASADENA","33707","3756029","1","Food","Complaint Full","Warning Issued","07/15/2026","","","4","1","2","1","Y","0","0","1","0","0","0","0","0","0","0","0","0","0","1","0","0","0","0","0","0","0","1","0","0","0","0","0","0","0","0","1","0","0","0","0","0","0","0","0","0","0","0","0","0","0","0","0","0","0","0","0","0","0","0","0","0","0","0","5816631","13842913"
"D3","62","Pinellas","2010","6217081","TACO BELL","903 PASADENA AVE S","SOUTH PASADENA","33707","3756029","2","Food","Complaint Full","Call Back - Complied","07/31/2026","","","2","0","1","1","Y","0","0","0","0","0","0","0","0","0","0","0","0","0","1","0","0","0","0","0","0","0","1","0","0","0","0","0","0","0","0","0","0","0","0","0","0","0","0","0","0","0","0","0","0","0","0","0","0","0","0","0","0","0","0","0","0","0","0","5816631","13848450"
"D3","62","Pinellas","2010","6217095","MCDONALD'S 36569","2871 GULF TO BAY BLVD","CLEARWATER","33759","3742171","1","Food","Routine - Food","Inspection Completed - No Further Action","07/23/2026","","","3","2","0","1","Y","1","0","1","0","0","0","0","0","0","0","0","0","0","0","0","0","0","0","0","0","0","0","0","0","0","0","1","0","0","0","0","0","0","0","0","0","0","0","0","0","0","0","0","0","0","0","0","0","0","0","0","0","0","0","0","0","0","0","6274194","13780673"
"D3","62","Pinellas","2010","6217099","NOBLE CRUST","8300 4 ST N","ST. PETERSBURG","33702","3711665","1","Food","Routine - Food","Inspection Completed - No Further Action","07/22/2026","","","13","1","4","8","Y","0","0","0","0","0","0","0","0","0","1","0","2","0","1","0","1","0","0","0","0","1","1","0","1","0","0","0","0","0","0","3","0","0","0","0","1","0","0","0","1","0","0","0","0","0","0","0","0","0","0","0","0","0","0","0","0","0","0","5879397","13750158"
"D3","62","Pinellas","2010","6217109","POPPA'S BARBQUE LLC","4890 122 AVE N SUITE 5","CLEARWATER","33762","3709637","1","Food","Routine - Food","Inspection Completed - No Further Action","07/29/2026","","","1","0","0","1","Y","0","0","0","0","0","0","0","0","0","0","0","0","0","0","0","0","0","0","0","0","1","0","0","0","0","0","0","0","0","0","0","0","0","0","0","0","0","0","0","0","0","0","0","0","0","0","0","0","0","0","0","0","0","0","0","0","0","0","5890067","13748130"
"D3","62","Pinellas","2010","6217110","TEXAS ROADHOUSE","10105 BAY PINES BLVD","ST. PETERSBURG","33708","3735759","1","Food","Routine - Food","Inspection Completed - No Further Action","07/09/2026","","","2","0","0","2","Y","0","0","0","0","0","0","0","1","0","0","0","0","0","0","0","0","0","0","0","0","0","0","0","0","0","0","0","0","1","0","0","0","0","0","0","0","0","0","0","0","0","0","0","0","0","0","0","0","0","0","0","0","0","0","0","0","0","0","5888264","13774252"
"D3","62","Pinellas","2010","6217116","WRAPS & KABOBS","40715 US 19 ","TARPON SPRINGS","34689","3710373","1","Food","Routine - Food","Inspection Completed - No Further Action","07/09/2026","","","2","0","1","1","Y","0","0","0","0","0","0","0","0","0","0","0","0","0","0","0","0","0","0","0","0","0","0","0","1","0","0","0","0","0","0","1","0","0","0","0","0","0","0","0","0","0","0","0","0","0","0","0","0","0","0","0","0","0","0","0","0","0","0","7591178","13748866"
"D3","62","Pinellas","2010","6217123","DISCOVERY INDIAN CUISINE ","38593  US 19 STE 300","PALM HARBOR","34684","3697625","5","Food","Routine - Food","Call Back - Admin. complaint recommended","07/15/2026","","","9","0","3","6","Y","0","0","0","0","0","0","0","1","0","0","0","0","0","1","0","0","0","0","0","0","0","1","0","0","0","0","0","0","0","0","0","0","0","0","0","4","0","0","0","0","0","0","0","0","0","0","0","0","0","0","1","0","1","0","0","0","0","0","7646393","13700783"
"D3","62","Pinellas","2010","6217123","DISCOVERY INDIAN CUISINE ","38593  US 19 STE 300","PALM HARBOR","34684","3739601","1","Food","Routine - Food","Emergency order recommended","07/15/2026","","","30","8","4","18","Y","2","1","1","0","0","0","0","2","0","0","0","0","2","3","0","3","0","0","0","0","0","4","1","0","0","0","0","0","0","0","0","0","0","0","2","5","0","0","0","1","1","0","0","0","0","0","0","0","0","0","1","0","1","0","0","0","0","0","7646393","13778103"
"D3","62","Pinellas","2010","6217123","DISCOVERY INDIAN CUISINE ","38593  US 19 STE 300","PALM HARBOR","34684","3739601","2","Food","Routine - Food","Emergency Order Callback Not Complied","07/16/2026","","","15","3","3","9","Y","0","0","0","0","0","0","0","0","0","0","0","0","0","2","0","3","0","0","0","0","0","3","0","0","0","0","0","0","0","0","0","0","0","0","2","3","0","0","0","0","0","0","0","0","0","0","0","0","0","0","1","0","1","0","0","0","0","0","7646393","13848504"
"D3","62","Pinellas","2010","6217123","DISCOVERY INDIAN CUISINE ","38593  US 19 STE 300","PALM HARBOR","34684","3739601","3","Food","Routine - Food","Emergency Order Callback Not Complied","07/17/2026","","","13","3","2","8","Y","0","0","0","0","0","0","0","0","0","0","0","0","0","1","0","3","0","0","0","0","0","2","0","0","0","0","0","0","0","0","0","0","0","0","2","3","0","0","0","0","0","0","0","0","0","0","0","0","0","0","1","0","1","0","0","0","0","0","7646393","13849491"
"D3","62","Pinellas","2010","6217123","DISCOVERY INDIAN CUISINE ","38593  US 19 STE 300","PALM HARBOR","34684","3739601","4","Food","Routine - Food","Emergency Order Callback Not Complied","07/18/2026","","","12","3","2","7","Y","0","0","0","0","0","0","0","0","0","0","0","0","0","1","0","3","0","0","0","0","0","1","0","0","0","0","0","0","0","0","0","0","0","0","2","3","0","0","0","0","0","0","0","0","0","0","0","0","0","0","1","0","1","0","0","0","0","0","7646393","13851331"
"D3","62","Pinellas","2010","6217123","DISCOVERY INDIAN CUISINE ","38593  US 19 STE 300","PALM HARBOR","34684","3739601","5","Food","Routine - Food","Emergency Order Callback Complied","07/21/2026","","","10","2","2","6","Y","0","0","0","0","0","0","0","0","0","0","0","0","0","1","0","3","0","0","0","0","0","1","0","0","0","0","0","0","0","0","0","0","0","0","1","2","0","0","0","0","0","0","0","0","0","0","0","0","0","0","1","0","1","0","0","0","0","0","7646393","13852167"
"D3","62","Pinellas","2010","6217168","PJS OYSTER  BAR","415 2ND ST","INDIAN ROCKS BEACH","33785","3721775","1","Food","Routine - Food","Inspection Completed - No Further Action","07/27/2026","","","4","2","1","1","Y","0","0","0","0","0","0","0","1","0","0","0","0","0","1","0","0","0","0","0","0","0","1","0","0","0","0","0","0","1","0","0","0","0","0","0","0","0","0","0","0","0","0","0","0","0","0","0","0","0","0","0","0","0","0","0","0","0","0","5892279","13760268"
"D3","62","Pinellas","2010","6217175","BEACH BURGER SHACK","45 PAPAYA ST","CLEARWATER","33767","3714083","1","Food","Routine - Food","Warning Issued","07/28/2026","","","10","2","2","6","Y","0","0","1","0","0","0","0","2","0","1","0","0","0","0","0","0","0","0","0","0","0","2","0","0","2","0","0","0","0","0","1","0","1","0","0","0","0","0","0","0","0","0","0","0","0","0","0","0","0","0","0","0","0","0","0","0","0","0","9833178","13752576"
"D3","62","Pinellas","2010","6217175","BEACH BURGER SHACK","45 PAPAYA ST","CLEARWATER","33767","3714083","2","Food","Routine - Food","Call Back - Complied","07/30/2026","","","0","0","0","0","Y","0","0","0","0","0","0","0","0","0","0","0","0","0","0","0","0","0","0","0","0","0","0","0","0","0","0","0","0","0","0","0","0","0","0","0","0","0","0","0","0","0","0","0","0","0","0","0","0","0","0","0","0","0","0","0","0","0","0","9833178","13862410"
"D3","62","Pinellas","2010","6217190","RED MESA MERCADO","1100 1 AVE N","ST. PETERSBURG","33705","3711347","1","Food","Routine - Food","Inspection Completed - No Further Action","07/22/2026","","","4","1","0","3","Y","1","0","0","0","0","0","0","0","0","0","0","0","0","0","0","1","0","0","0","0","1","1","0","0","0","0","0","0","0","0","0","0","0","0","0","0","0","0","0","0","0","0","0","0","0","0","0","0","0","0","0","0","0","0","0","0","0","0","5955051","13749840"
"D3","62","Pinellas","2010","6217206","TIJUANA FLATS","13100 SEMINOLE BLVD SUITE 105","SEMINOLE","33778","3753958","1","Food","Routine - Food","Administrative complaint recommended","07/24/2026","","","3","1","1","1","Y","0","0","0","0","0","0","0","0","0","0","0","0","0","1","0","0","0","0","0","0","0","0","0","0","0","0","0","0","0","0","1","0","0","0","0","0","0","0","0","0","0","0","0","0","0","0","0","0","0","1","0","0","0","0","0","0","0","0","5883533","13792460"
"D3","62","Pinellas","2010","6217230","CRAFT KAFE","6653 CENTRAL AVE","ST. PETERSBURG","33710","3738859","1","Food","Routine - Food","Warning Issued","07/01/2026","","","9","5","2","2","Y","1","1","3","0","0","0","0","1","0","0","0","0","0","2","0","0","0","0","0","0","0","1","0","0","0","0","0","0","0","0","0","0","0","0","0","0","0","0","0","0","0","0","0","0","0","0","0","0","0","0","0","0","0","0","0","0","0","0","6070483","13777360"
"D3","62","Pinellas","2010","6217230","CRAFT KAFE","6653 CENTRAL AVE","ST. PETERSBURG","33710","3738859","2","Food","Routine - Food","Call Back - Complied","07/07/2026","","","2","0","1","1","Y","0","0","0","0","0","0","0","0","0","0","0","0","0","1","0","0","0","0","0","0","0","1","0","0","0","0","0","0","0","0","0","0","0","0","0","0","0","0","0","0","0","0","0","0","0","0","0","0","0","0","0","0","0","0","0","0","0","0","6070483","13819957"
"D3","62","Pinellas","2010","6217238","PREP KITCHEN","100 CORONADO DR","CLEARWATER","33767","3750327","1","Food","Routine - Food","Inspection Completed - No Further Action","07/20/2026","","","0","0","0","0","Y","0","0","0","0","0","0","0","0","0","0","0","0","0","0","0","0","0","0","0","0","0","0","0","0","0","0","0","0","0","0","0","0","0","0","0","0","0","0","0","0","0","0","0","0","0","0","0","0","0","0","0","0","0","0","0","0","0","0","8388067","13788829"
"D3","62","Pinellas","2010","6217239","OCEAN HAI","100 CORONADO DR","CLEARWATER","33767","3717890","1","Food","Routine - Food","Warning Issued","07/17/2026","","","10","3","6","1","Y","1","3","1","0","0","1","0","2","0","0","0","0","0","0","0","0","0","0","0","0","0","0","0","0","0","0","0","0","0","0","2","0","0","0","0","0","0","0","0","0","0","0","0","0","0","0","0","0","0","0","0","0","0","0","0","0","0","0","8388063","13756383"
"D3","62","Pinellas","2010","6217239","OCEAN HAI","100 CORONADO DR","CLEARWATER","33767","3717890","2","Food","Routine - Food","Call Back - Extension given, pending","07/20/2026","","","5","1","4","0","Y","0","3","0","0","0","0","0","1","0","0","0","0","0","0","0","0","0","0","0","0","0","0","0","0","0","0","0","0","0","0","1","0","0","0","0","0","0","0","0","0","0","0","0","0","0","0","0","0","0","0","0","0","0","0","0","0","0","0","8388063","13851073"
"D3","62","Pinellas","2010","6217246","AMY'S PIZZA","19711A GULF BLVD","INDIAN SHORES","33785","3739663","1","Food","Routine - Food","Inspection Completed - No Further Action","07/08/2026","","","11","4","2","5","Y","1","1","1","0","0","0","0","1","0","0","0","0","0","1","0","0","0","0","0","0","0","1","1","0","0","0","0","0","0","0","0","0","0","0","1","2","0","0","0","0","1","0","0","0","0","0","0","0","0","0","0","0","0","0","0","0","0","0","9782709","13778165"
"D3","62","Pinellas","2010","6217248","GRAZE CRAZE OF OLDSMAR","4058 TAMPA RD STE B-8","OLDSMAR","34677","3738817","1","Food","Routine - Food","Inspection Completed - No Further Action","07/27/2026","","","1","1","0","0","Y","0","0","0","0","0","0","0","0","0","0","0","0","0","0","0","0","0","0","0","0","0","0","0","0","0","0","0","0","0","0","0","0","0","0","0","0","0","0","0","0","1","0","0","0","0","0","0","0","0","0","0","0","0","0","0","0","0","0","9310747","13777318"
"D3","62","Pinellas","2010","6217253","JOHNNYS TAPHOUSE & GRILL LLC","224 E TARPON AVE","TARPON SPRINGS","34689","3726852","1","Food","Routine - Food","Warning Issued","07/30/2026","","","12","4","3","5","Y","0","0","1","0","0","0","0","0","0","1","0","2","1","0","0","1","0","0","0","0","1","2","0","0","0","0","0","0","0","0","0","0","0","0","0","1","0","0","0","0","1","0","0","0","0","0","0","0","0","0","0","0","1","0","0","0","0","0","6411663","13765345"
"D3","62","Pinellas","2010","6217261","WOODEN LADLE NOODLE SHOP","3689 TAMPA RD # 305","OLDSMAR","34677","3722323","1","Food","Routine - Food","Administrative complaint recommended","07/29/2026","","","10","4","2","4","Y","1","1","3","0","0","0","0","0","0","1","0","1","1","1","0","0","0","0","0","0","0","1","0","0","0","0","0","0","0","0","0","0","0","0","0","0","0","0","0","0","0","0","0","0","0","0","0","0","0","0","0","0","0","0","0","0","0","0","6573158","13760816"
"D3","62","Pinellas","2010","6217261","WOODEN LADLE NOODLE SHOP","3689 TAMPA RD # 305","OLDSMAR","34677","3722323","2","Food","Routine - Food","Call Back - Admin. complaint recommended","07/30/2026","","","4","3","0","1","Y","1","0","1","0","0","0","0","0","0","0","0","0","0","1","0","0","0","0","0","0","0","1","0","0","0","0","0","0","0","0","0","0","0","0","0","0","0","0","0","0","0","0","0","0","0","0","0","0","0","0","0","0","0","0","0","0","0","0","6573158","13863951"
"D3","62","Pinellas","2010","6217275","WAREHOUSE DELI","141 STEVENS AVE STE 8","OLDSMAR","34677","3715392","1","Food","Routine - Food","Inspection Completed - No Further Action","07/24/2026","","","1","0","0","1","Y","0","0","0","0","0","0","0","0","0","0","0","0","0","0","0","0","0","0","0","0","1","0","0","0","0","0","0","0","0","0","0","0","0","0","0","0","0","0","0","0","0","0","0","0","0","0","0","0","0","0","0","0","0","0","0","0","0","0","6072118","13753885"
"D3","62","Pinellas","2010","6217281","DUNKIN/BASKIN","6101 GULF BLVD","ST PETE BEACH","33706","3706916","1","Food","Routine - Food","Inspection Completed - No Further Action","07/24/2026","","","9","1","4","4","Y","0","0","1","0","0","0","0","0","0","0","0","1","0","0","0","1","0","0","0","0","1","1","1","0","0","0","0","0","0","0","2","0","0","0","0","0","0","0","0","0","0","0","0","0","0","0","0","0","0","0","0","0","1","0","0","0","0","0","9628050","13745403"
"D3","62","Pinellas","2010","6217291","CULVERS OF CLEARWATER","2008 GULF TO BAY BLVD","CLEARWATER","33765","3710275","1","Food","Routine - Food","Inspection Completed - No Further Action","07/10/2026","","","6","1","3","2","Y","0","0","0","0","0","0","0","0","0","0","0","0","0","0","0","1","0","0","0","0","1","0","0","0","0","0","0","0","1","0","1","0","0","0","0","0","0","0","0","0","0","0","0","0","0","0","0","0","0","0","0","0","2","0","0","0","0","0","6174103","13748768"
"D3","62","Pinellas","2010","6217293","TACO BELL #31793","2990 GULF TO BAY BLVD","CLEARWATER","33759","3735847","1","Food","Routine - Food","Inspection Completed - No Further Action","07/29/2026","","","1","1","0","0","Y","0","0","0","0","0","0","0","0","0","0","0","0","0","0","0","0","0","0","0","0","0","0","0","0","0","0","0","0","0","0","0","0","0","0","0","0","0","0","0","0","1","0","0","0","0","0","0","0","0","0","0","0","0","0","0","0","0","0","6179027","13774340"
"D3","62","Pinellas","2010","6217318","HELLAS RESTAURANT","785 DODECANESE BLVD","TARPON SPRINGS","34689","3690315","2","Food","Routine - Food","Call Back - Admin. complaint recommended","07/22/2026","","","2","1","1","0","Y","0","0","0","0","0","0","0","0","0","0","0","0","0","0","0","0","0","0","0","0","0","0","0","0","0","0","0","0","1","0","0","0","0","0","0","0","0","0","0","0","0","0","0","0","0","0","0","0","0","0","1","0","0","0","0","0","0","0","6203463","13696742"
"D3","62","Pinellas","2010","6217319","CHIPOTLE MEXICAN GRILL #2734","3540 4 ST N","ST. PETERSBURG","33704","3735160","1","Food","Routine - Food","Inspection Completed - No Further Action","07/17/2026","","","1","0","0","1","Y","0","0","0","0","0","0","0","0","0","0","0","0","0","0","0","0","0","0","0","0","0","0","0","1","0","0","0","0","0","0","0","0","0","0","0","0","0","0","0","0","0","0","0","0","0","0","0","0","0","0","0","0","0","0","0","0","0","0","6229720","13773653"
"D3","62","Pinellas","2010","6217321","PARTHENON RESTAURANT","751 DODECANESE BLVD","TARPON SPRINGS","34689","3614229","2","Food","Routine - Food","Call Back - Complied","07/22/2026","","","0","0","0","0","Y","0","0","0","0","0","0","0","0","0","0","0","0","0","0","0","0","0","0","0","0","0","0","0","0","0","0","0","0","0","0","0","0","0","0","0","0","0","0","0","0","0","0","0","0","0","0","0","0","0","0","0","0","0","0","0","0","0","0","6203504","13696607"
"D3","62","Pinellas","2010","6217327","SEA GUINI","430 S GULFVIEW BLVD","CLEARWATER","33767","3759613","1","Food","Complaint Full","Inspection Completed - No Further Action","07/22/2026","","","9","3","3","3","Y","3","0","2","0","0","0","0","0","0","0","0","0","0","1","0","1","0","0","0","0","0","1","0","1","0","0","0","0","0","0","0","0","0","0","0","0","0","0","0","0","0","0","0","0","0","0","0","0","0","0","0","0","0","0","0","0","0","0","6218557","13853769"
"D3","62","Pinellas","2010","6217334","IHOP #36-227","4671 PARK BLVD","PINELLAS PARK","33781","3715537","1","Food","Routine - Food","Inspection Completed - No Further Action","07/20/2026","","","8","2","2","4","Y","0","0","1","0","0","0","0","1","0","0","0","0","0","2","0","0","0","0","0","0","0","1","0","0","0","0","0","0","1","0","0","0","0","0","1","1","0","0","0","0","0","0","0","0","0","0","0","0","0","0","0","0","0","0","0","0","0","0","6001865","13754030"
"D3","62","Pinellas","2010","6217335","DAVE'S HOT CHICKEN","4683 PARK BLVD","PINELLAS PARK","33781","3697082","1","Food","Food-Licensing Inspection","Inspection Completed - No Further Action","07/28/2026","","","0","0","0","0","Y","0","0","0","0","0","0","0","0","0","0","0","0","0","0","0","0","0","0","0","0","0","0","0","0","0","0","0","0","0","0","0","0","0","0","0","0","0","0","0","0","0","0","0","0","0","0","0","0","0","0","0","0","0","0","0","0","0","0","9940954","13687679"
"D3","62","Pinellas","2010","6217347","CORNER KITCHEN AND COFFEE HOUSE","13999 GULF BLVD UNIT C2","MADEIRA BEACH","33708","3752255","1","Food","Routine - Food","Inspection Completed - No Further Action","07/31/2026","","","9","1","3","5","Y","0","0","1","0","0","0","0","0","0","0","0","0","0","0","0","1","0","0","0","0","1","2","0","1","0","0","0","0","0","0","1","1","0","0","0","0","0","0","0","0","0","0","0","0","0","0","0","0","0","0","0","0","1","0","0","0","0","0","9473747","13790757"
"D3","62","Pinellas","2010","6217350","BEERBUSTERS","6836 N PARK BLVD","PINELLAS PARK","33781","3755743","1","Food","Complaint Full","Inspection Completed - No Further Action","07/09/2026","","","4","1","2","1","Y","0","1","1","0","1","0","0","0","0","0","0","0","0","0","0","0","0","0","0","0","0","0","0","0","0","0","0","0","0","0","1","0","0","0","0","0","0","0","0","0","0","0","0","0","0","0","0","0","0","0","0","0","0","0","0","0","0","0","8536797","13821050"
"D3","62","Pinellas","2010","6217351","LUCID COFFEE AND KAVA","10328 ROOSEVELT BLVD","ST. PETERSBURG","33716","3713469","1","Food","Routine - Food","Warning Issued","07/24/2026","","","3","1","1","1","Y","0","0","0","0","0","0","0","1","0","1","0","0","0","0","0","0","0","0","0","0","0","0","0","0","0","0","0","0","0","0","0","0","0","0","0","0","0","0","0","0","0","0","0","0","0","0","0","0","0","0","0","0","1","0","0","0","0","0","9560647","13751962"
"D3","62","Pinellas","2010","6217368","MAD BEACH CRAFT BREWING COMPANY","12945 VILLAGE BLVD","MADEIRA BEACH","33708","3701113","1","Food","Complaint Full","Inspection Completed - No Further Action","07/07/2026","","","7","0","2","5","Y","0","0","0","0","0","0","0","1","0","0","0","0","0","1","0","2","0","0","0","0","0","2","0","0","0","0","0","0","0","0","0","0","0","0","0","0","0","0","0","0","0","0","0","0","0","0","0","0","0","0","0","0","1","0","0","0","0","0","6237446","13722542"
"D3","62","Pinellas","2010","6217389","SALT CRACKER FISH CAMP","25 CAUSEWAY BLVD #105","CLEARWATER","33767","3741561","1","Food","Routine - Food","Inspection Completed - No Further Action","07/21/2026","","","3","1","1","1","Y","0","0","0","0","0","0","0","1","0","1","0","0","0","0","0","0","0","0","0","0","0","0","0","0","0","0","0","0","0","0","0","0","0","0","0","0","0","0","0","0","1","0","0","0","0","0","0","0","0","0","0","0","0","0","0","0","0","0","6352408","13780063"
"D3","62","Pinellas","2010","6217397","BANQUET KITCHEN @ OPAL SANDS RESORT","430 SOUTH GULFVIEW BLVD","CLEARWATER","33767","3759612","1","Food","Complaint Full","Inspection Completed - No Further Action","07/22/2026","","","3","0","1","2","Y","0","1","0","0","0","0","0","1","0","0","0","0","0","0","0","0","0","0","0","0","0","0","0","1","0","0","0","0","0","0","0","0","0","0","0","0","0","0","0","0","0","0","0","0","0","0","0","0","0","0","0","0","0","0","0","0","0","0","6236635","13853765"
"D3","62","Pinellas","2010","6217398","CHICKEN SALAD CHICK","2140 GULF TO BAY BLVD","CLEARWATER","33765","3745714","1","Food","Routine - Food","Inspection Completed - No Further Action","07/24/2026","","","2","0","1","1","Y","0","0","0","0","0","0","0","0","0","0","0","0","0","0","0","0","0","0","0","0","0","0","0","0","0","0","0","0","0","0","1","0","0","0","0","0","0","0","0","0","0","1","0","0","0","0","0","0","0","0","0","0","0","0","0","0","0","0","9560838","13784216"
"D3","62","Pinellas","2010","6217412","WAFFLE HOUSE #2275","1718 S MISSOURI AVE","CLEARWATER","33756","3742844","1","Food","Routine - Food","Inspection Completed - No Further Action","07/27/2026","","","4","0","2","2","Y","0","0","0","0","0","0","0","0","0","0","0","0","0","1","0","0","0","0","0","0","0","1","0","0","1","0","0","0","0","0","1","0","0","0","0","0","0","0","0","0","0","0","0","0","0","0","0","0","0","0","0","0","0","0","0","0","0","0","6388298","13781346"
"D3","62","Pinellas","2010","6217425","SALTY'S ISLAND BAR AND GRILLE","437 S GULFVIEW BLVD","CLEARWATER","33767","3759614","1","Food","Complaint Full","Inspection Completed - No Further Action","07/22/2026","","","2","1","1","0","Y","0","0","1","0","0","0","0","0","0","0","0","0","0","0","0","0","0","0","0","0","0","0","0","0","0","0","0","0","0","0","1","0","0","0","0","0","0","0","0","0","0","0","0","0","0","0","0","0","0","0","0","0","0","0","0","0","0","0","6041584","13853771"
"D3","62","Pinellas","2010","6217436","EL GLACIAR","1228 S HIGHLAND AVE","CLEARWATER","33756","3728695","1","Food","Routine - Food","Inspection Completed - No Further Action","07/17/2026","","","1","0","0","1","Y","0","0","0","0","0","0","0","0","0","0","0","0","0","0","0","0","0","0","0","0","0","0","0","0","0","0","0","0","0","0","0","0","0","0","0","0","0","0","0","0","0","0","0","0","0","0","0","0","0","0","1","0","0","0","0","0","0","0","6421859","13767188"
"D3","62","Pinellas","2010","6217441","SANDCASTLE","325 S GULFVIEW BLVD","CLEARWATER BEACH","33767","3717921","1","Food","Routine - Food","Warning Issued","07/15/2026","","","4","2","0","2","Y","1","0","1","0","0","0","0","0","0","0","0","0","0","0","0","0","0","0","0","0","0","1","0","0","0","0","0","0","0","0","1","0","0","0","0","0","0","0","0","0","0","0","0","0","0","0","0","0","0","0","0","0","0","0","0","0","0","0","8265313","13756414"
"D3","62","Pinellas","2010","6217441","SANDCASTLE","325 S GULFVIEW BLVD","CLEARWATER BEACH","33767","3717921","2","Food","Routine - Food","Call Back - Complied","07/20/2026","","","1","0","0","1","Y","0","0","0","0","0","0","0","0","0","0","0","0","0","0","0","0","0","0","0","0","0","1","0","0","0","0","0","0","0","0","0","0","0","0","0","0","0","0","0","0","0","0","0","0","0","0","0","0","0","0","0","0","0","0","0","0","0","0","8265313","13846083"
"D3","62","Pinellas","2010","6217443","JERSEY MIKES SUBS 13131","1785 MAIN ST STE 102","DUNEDIN","34698","3703648","1","Food","Routine - Food","Warning Issued","07/21/2026","","","11","0","3","8","Y","0","0","0","0","0","0","0","0","0","0","0","0","1","3","0","0","0","0","0","0","0","2","0","0","0","0","0","0","0","0","2","0","0","0","0","1","0","0","0","1","0","0","0","0","0","0","0","0","0","0","0","0","1","0","0","0","0","0","7400023","13742123"
"D3","62","Pinellas","2010","6217485","CHICK FIL A PALM HARBOR","32800 US HWY 19 N","PALM HARBOR","34684","3747991","1","Food","Routine - Food","Warning Issued","07/08/2026","","","11","4","1","6","Y","0","0","0","0","0","0","0","0","0","0","0","3","0","3","0","1","0","0","0","0","0","0","0","0","0","0","0","0","1","0","1","0","0","0","1","1","0","0","0","0","0","0","0","0","0","0","0","0","0","0","0","0","0","0","0","0","0","0","6529666","13786493"
"D3","62","Pinellas","2010","6217485","CHICK FIL A PALM HARBOR","32800 US HWY 19 N","PALM HARBOR","34684","3747991","2","Food","Routine - Food","Call Back - Complied","07/09/2026","","","5","1","0","4","Y","0","0","0","0","0","0","0","0","0","0","0","1","0","2","0","0","0","0","0","0","0","0","0","0","0","0","0","0","1","0","0","0","0","0","0","1","0","0","0","0","0","0","0","0","0","0","0","0","0","0","0","0","0","0","0","0","0","0","6529666","13841405"
"D3","62","Pinellas","2010","6217493","KAIA BOWLS MADEIRA BEACH","14995 GULF BLVD STE B2","MADEIRA BEACH","33708","3696424","1","Food","Food-Licensing Inspection","Inspection Completed - No Further Action","07/01/2026","","","2","0","1","1","Y","0","0","0","0","1","0","0","0","0","0","0","0","0","1","0","0","0","0","0","0","0","0","0","0","0","0","0","0","0","0","0","0","0","0","0","0","0","0","0","0","0","0","0","0","0","0","0","0","0","0","0","0","0","0","0","0","0","0","9947753","13680583"
"D3","62","Pinellas","2010","6217505","TWISTEE TREAT USA LLC","4556 MAINLANDS BLVD WEST","PINELLAS PARK","33782","3742459","1","Food","Routine - Food","Inspection Completed - No Further Action","07/29/2026","","","0","0","0","0","Y","0","0","0","0","0","0","0","0","0","0","0","0","0","0","0","0","0","0","0","0","0","0","0","0","0","0","0","0","0","0","0","0","0","0","0","0","0","0","0","0","0","0","0","0","0","0","0","0","0","0","0","0","0","0","0","0","0","0","6466175","13780961"
"D3","62","Pinellas","2010","6217514","JUICEBOX","325 W BAY DR 4B","LARGO","33770","3660833","3","Food","Routine - Food","Call Back - Admin. complaint recommended","07/07/2026","","","2","0","2","0","Y","0","0","0","0","0","0","0","0","0","0","0","0","0","0","0","0","0","0","0","0","0","0","0","0","0","0","0","0","0","0","0","0","0","0","0","0","0","0","0","0","0","0","0","0","0","0","0","0","0","0","0","0","2","0","0","0","0","0","9683457","13686223"
"D3","62","Pinellas","2010","6217526","MAIN KITCHEN AND LOBBY BAR","100 CORONADO DR","CLEARWATER","33767","3705251","1","Food","Routine - Food","Inspection Completed - No Further Action","07/17/2026","","","1","0","0","1","Y","0","0","0","0","0","0","0","0","0","0","0","0","0","0","0","0","0","0","0","0","0","1","0","0","0","0","0","0","0","0","0","0","0","0","0","0","0","0","0","0","0","0","0","0","0","0","0","0","0","0","0","0","0","0","0","0","0","0","8400493","13743732"
"D3","62","Pinellas","2010","6217545","SPEGGTACULAR CWB","770 S GULFVIEW BLVD","CLEARWATER","33767","3753593","1","Food","Routine - Food","Warning Issued","07/08/2026","","","7","1","1","5","Y","0","0","1","0","0","0","0","0","0","0","0","0","0","1","0","0","0","0","0","0","0","1","1","0","1","0","0","0","1","0","0","0","0","0","0","1","0","0","0","0","0","0","0","0","0","0","0","0","0","0","0","0","0","0","0","0","0","0","6935822","13792095"
"D3","62","Pinellas","2010","6217545","SPEGGTACULAR CWB","770 S GULFVIEW BLVD","CLEARWATER","33767","3753593","2","Food","Routine - Food","Call Back - Complied","07/10/2026","","","3","0","0","3","Y","0","0","0","0","0","0","0","0","0","0","0","0","0","1","0","0","0","0","0","0","0","0","1","0","0","0","0","0","0","0","0","0","0","0","0","1","0","0","0","0","0","0","0","0","0","0","0","0","0","0","0","0","0","0","0","0","0","0","6935822","13841346"
"D3","62","Pinellas","2010","6217549","DOMINO'S PIZZA  5021","23698 US HWY 19 N","CLEARWATER","33765","3712021","1","Food","Routine - Food","Inspection Completed - No Further Action","07/20/2026","","","5","2","0","3","Y","1","0","1","0","0","0","0","0","0","1","0","1","0","0","0","0","0","0","0","0","0","0","0","0","0","0","0","0","0","0","0","1","0","0","0","0","0","0","0","0","0","0","0","0","0","0","0","0","0","0","0","0","0","0","0","0","0","0","8833369","13750514"
"D3","62","Pinellas","2010","6217550","CAVA MEZZE GRILL","11165 PARK BLVD STE C","SEMINOLE","33772","3750999","1","Food","Routine - Food","Inspection Completed - No Further Action","07/07/2026","","","0","0","0","0","Y","0","0","0","0","0","0","0","0","0","0","0","0","0","0","0","0","0","0","0","0","0","0","0","0","0","0","0","0","0","0","0","0","0","0","0","0","0","0","0","0","0","0","0","0","0","0","0","0","0","0","0","0","0","0","0","0","0","0","8899920","13789501"
"D3","62","Pinellas","2010","6217556","DUNKIN DONUTS","3920 ULMERTON ROAD","CLEARWATER","33762","3741801","1","Food","Routine - Food","Inspection Completed - No Further Action","07/24/2026","","","6","1","0","5","Y","0","0","0","0","0","0","0","1","0","0","0","0","0","1","0","0","0","0","0","0","0","0","0","0","0","0","0","0","3","0","0","0","0","0","1","0","0","0","0","0","0","0","0","0","0","0","0","0","0","0","0","0","0","0","0","0","0","0","6648729","13780303"
"D3","62","Pinellas","2010","6217559","HOWARD JOHNSON BY WYNDHAM","27988  US HWY 19 N","CLEARWATER","33761","3745654","1","Food","Routine - Food","Inspection Completed - No Further Action","07/14/2026","","","1","1","0","0","Y","0","0","0","0","0","0","0","1","0","0","0","0","0","0","0","0","0","0","0","0","0","0","0","0","0","0","0","0","0","0","0","0","0","0","0","0","0","0","0","0","0","0","0","0","0","0","0","0","0","0","0","0","0","0","0","0","0","0","9531540","13784156"
"D3","62","Pinellas","2010","6217594","DUNKIN DONUTS/BASKIN ROBBINS","10608 NEW EAST BAY ROAD","GIBSONTON","33534","3715812","1","Food","Routine - Food","Administrative complaint recommended","07/28/2026","","","12","1","3","8","Y","0","1","0","0","0","0","0","1","0","0","0","1","0","2","0","0","0","0","0","0","0","1","0","1","0","0","0","0","1","0","1","0","0","0","0","0","0","0","0","1","0","0","0","0","0","0","0","0","0","0","0","0","2","0","0","0","0","0","6563459","13754305"
"D3","62","Pinellas","2010","6217596","RIZZOLIS","2340 STATE ROAD 580 STE H","CLEARWATER","33763","3752163","1","Food","Routine - Food","Inspection Completed - No Further Action","07/20/2026","","","3","0","0","3","Y","0","0","0","0","0","0","0","0","0","0","0","0","1","1","0","0","0","0","0","0","0","0","1","0","0","0","0","0","0","0","0","0","0","0","0","0","0","0","0","0","0","0","0","0","0","0","0","0","0","0","0","0","0","0","0","0","0","0","7634217","13790665"
"D3","62","Pinellas","2010","6217608","GRAIN & BERRY","33840 US 19 N","PALM HARBOR","34684","3716339","1","Food","Routine - Food","Inspection Completed - No Further Action","07/17/2026","","","11","1","3","7","Y","0","1","0","0","0","0","0","0","0","0","0","0","1","3","0","0","0","0","0","0","0","3","0","0","0","0","0","0","0","0","3","0","0","0","0","0","0","0","0","0","0","0","0","0","0","0","0","0","0","0","0","0","0","0","0","0","0","0","6737557","13754832"
"D3","62","Pinellas","2010","6217614","COCO'S CRUSH BAR AND GRILL","317 CORONADO DR","CLEARWATER BEACH","33767","3716583","1","Food","Routine - Food","Inspection Completed - No Further Action","07/16/2026","","","3","0","0","3","Y","0","0","0","0","0","0","0","0","0","0","0","0","0","1","0","0","0","0","0","0","0","0","0","0","1","0","0","0","0","0","1","0","0","0","0","0","0","0","0","0","0","0","0","0","0","0","0","0","0","0","0","0","0","0","0","0","0","0","7381232","13755076"
"D3","62","Pinellas","2010","6217615","BADFINS FOOD & BREW","215 S GULFVIEW BLVD","CLEARWATER","33767","3755985","1","Food","Complaint Full","Warning Issued","07/14/2026","","","12","3","2","7","Y","0","0","2","0","0","0","0","2","0","0","0","1","0","0","0","0","0","0","0","0","1","2","0","0","0","0","0","0","1","0","0","0","0","0","2","0","0","0","0","0","0","0","0","0","0","0","0","0","0","0","0","0","1","0","0","0","0","0","6698583","13842092"
"D3","62","Pinellas","2010","6217615","BADFINS FOOD & BREW","215 S GULFVIEW BLVD","CLEARWATER","33767","3755985","2","Food","Complaint Full","Call Back - Complied","07/15/2026","","","1","0","0","1","Y","0","0","0","0","0","0","0","0","0","0","0","0","0","0","0","0","0","0","0","0","0","0","0","0","0","0","0","0","1","0","0","0","0","0","0","0","0","0","0","0","0","0","0","0","0","0","0","0","0","0","0","0","0","0","0","0","0","0","6698583","13845085"
"D3","62","Pinellas","2010","6217617","SMASHBURGER","10801 STARKEY RD #4","LARGO","33777","3705295","1","Food","Routine - Food","Inspection Completed - No Further Action","07/15/2026","","","3","0","3","0","Y","0","0","0","0","0","0","0","0","0","0","0","0","0","0","0","0","0","0","0","0","0","1","0","0","0","0","0","0","0","0","1","0","0","0","0","0","0","0","0","0","1","0","0","0","0","0","0","0","0","0","0","0","0","0","0","0","0","0","8513045","13743776"
"D3","62","Pinellas","2010","6217619","EMPANADAS VALRICO PINELLAS","6870 66 ST N","PINELLAS PARK","33781","3739559","1","Food","Routine - Food","Inspection Completed - No Further Action","07/30/2026","","","1","0","0","1","Y","0","0","0","0","0","0","0","0","0","0","0","0","0","1","0","0","0","0","0","0","0","0","0","0","0","0","0","0","0","0","0","0","0","0","0","0","0","0","0","0","0","0","0","0","0","0","0","0","0","0","0","0","0","0","0","0","0","0","9658969","13778061"
"D3","62","Pinellas","2010","6217633","THE FROG POND","890 3  AVE S","SAINT PETERSBURG","33701","3711676","1","Food","Routine - Food","Warning Issued","07/21/2026","","","23","6","6","11","Y","0","1","4","0","0","0","0","2","0","0","0","1","1","1","0","1","0","0","0","0","0","3","0","1","1","0","0","0","0","0","1","0","0","0","0","1","0","0","0","1","2","0","0","0","0","0","0","0","0","0","0","0","2","0","0","0","0","0","8357622","13750169"
"D3","62","Pinellas","2010","6217642","JERSEY MIKE'S SUBS 13146","41042 US HWY 19 N","TARPON SPRINGS","34689","3748746","1","Food","Routine - Food","Inspection Completed - No Further Action","07/09/2026","","","4","2","1","1","Y","0","0","1","0","0","0","0","0","0","0","0","0","0","1","0","0","0","0","0","0","0","0","1","0","0","0","0","0","0","0","0","0","0","0","0","0","0","0","0","0","0","0","0","0","0","0","0","0","0","0","0","0","1","0","0","0","0","0","7400028","13787248"
"D3","62","Pinellas","2010","6217652","SIAM THAI & SUSHI","5460 EAST BAY DR SUITE 100","CLEARWATER","33764","3685196","2","Food","Routine - Food","Call Back - Complied","07/30/2026","","","6","0","0","6","Y","0","0","0","0","1","0","0","0","0","0","0","0","0","1","0","1","0","0","0","0","0","0","1","0","1","0","0","0","0","0","0","0","0","0","0","0","0","0","0","0","0","0","0","0","0","0","0","0","0","0","1","0","0","0","0","0","0","0","6664982","13686366"
"D3","62","Pinellas","2010","6217659","STUDIO MOVIE GRILL","7718 113 ST","SEMINOLE","33772","3704558","1","Food","Routine - Food","Inspection Completed - No Further Action","07/28/2026","","","5","0","0","5","Y","0","0","0","0","0","0","0","0","0","1","0","0","0","1","0","0","0","0","0","0","0","1","0","1","0","0","0","0","0","0","0","0","0","0","0","0","0","0","0","0","0","0","0","0","0","0","0","0","0","1","0","0","0","0","0","0","0","0","6626102","13743036"
"D3","62","Pinellas","2010","6217671","HOGAN'S HANGOUT","499 MANDALAY AVE","CLEARWATER","33767","3736524","1","Food","Routine - Food","Warning Issued","07/09/2026","","","7","2","3","2","Y","0","0","1","0","1","0","0","0","0","1","0","0","0","0","0","0","0","0","0","0","0","2","0","0","0","0","0","0","0","0","1","0","1","0","0","0","0","0","0","0","0","0","0","0","0","0","0","0","0","0","0","0","0","0","0","0","0","0","6883777","13775017"
"D3","62","Pinellas","2010","6217671","HOGAN'S HANGOUT","499 MANDALAY AVE","CLEARWATER","33767","3736524","2","Food","Routine - Food","Call Back - Complied","07/17/2026","","","0","0","0","0","Y","0","0","0","0","0","0","0","0","0","0","0","0","0","0","0","0","0","0","0","0","0","0","0","0","0","0","0","0","0","0","0","0","0","0","0","0","0","0","0","0","0","0","0","0","0","0","0","0","0","0","0","0","0","0","0","0","0","0","6883777","13841845"
"D3","62","Pinellas","2010","6217700","BLESSED CUP","483 MANDALAY AVE STE 200","CLEARWATER BEACH","33767","3629494","2","Food","Routine - Food","Call Back - Admin. complaint recommended","07/14/2026","","","2","0","1","1","Y","0","0","0","0","0","0","0","0","0","0","0","0","0","0","0","0","0","0","0","0","0","0","0","0","0","0","0","0","0","0","0","0","0","0","0","1","0","0","0","0","0","0","0","0","0","0","0","0","0","0","0","0","1","0","0","0","0","0","9453846","13694005"
"D3","62","Pinellas","2010","6217710","LOCAL PIZZA COMPANY","1846 61 AVE N","ST. PETERSBURG","33702","3742738","1","Food","Routine - Food","Inspection Completed - No Further Action","07/23/2026","","","0","0","0","0","Y","0","0","0","0","0","0","0","0","0","0","0","0","0","0","0","0","0","0","0","0","0","0","0","0","0","0","0","0","0","0","0","0","0","0","0","0","0","0","0","0","0","0","0","0","0","0","0","0","0","0","0","0","0","0","0","0","0","0","7556879","13781240"
"D3","62","Pinellas","2010","6217715","DUNKIN DONUTS","1046 4TH STREET NORTH","ST PETERSBURG","33704","3755838","1","Food","Complaint Full","Inspection Completed - No Further Action","07/15/2026","","","1","0","0","1","Y","0","0","0","0","0","0","0","0","0","0","0","0","0","0","0","0","0","0","0","0","0","0","0","0","0","0","0","0","0","0","1","0","0","0","0","0","0","0","0","0","0","0","0","0","0","0","0","0","0","0","0","0","0","0","0","0","0","0","6949106","13821480"
"D3","62","Pinellas","2010","6217717","TACO BUS OF CLEARWATER","505 GULFVIEW BLVD","CLEARWATER","33767","3729906","1","Food","Routine - Food","Inspection Completed - No Further Action","07/24/2026","","","2","0","0","2","Y","0","0","0","0","0","0","0","1","0","0","0","0","0","0","0","0","0","0","0","0","0","0","0","0","0","0","0","0","0","0","0","0","0","0","0","1","0","0","0","0","0","0","0","0","0","0","0","0","0","0","0","0","0","0","0","0","0","0","6904085","13768399"
"D3","62","Pinellas","2010","6217745","GRAND HACIENDA","399  11TH AVE. NORTH","ST PETERSBURG","33701","3718185","1","Food","Routine - Food","Inspection Completed - No Further Action","07/22/2026","","","12","0","2","10","Y","0","0","0","0","0","0","0","1","0","2","0","1","0","1","0","0","0","0","0","0","1","2","0","1","0","0","0","0","0","0","2","0","0","0","0","0","0","0","0","0","0","1","0","0","0","0","0","0","0","0","0","0","0","0","0","0","0","0","6938862","13756678"
"D3","62","Pinellas","2010","6217747","EINSTEIN BROS BAGELS #1385","2849 GULF TO BAY BLVD","CLEARWATER","33759","3748742","1","Food","Routine - Food","Inspection Completed - No Further Action","07/23/2026","","","7","1","1","5","Y","1","0","0","0","0","0","0","0","0","0","0","0","1","2","0","0","0","0","0","0","0","2","0","0","0","0","0","0","0","0","0","0","1","0","0","0","0","0","0","0","0","0","0","0","0","0","0","0","0","0","0","0","0","0","0","0","0","0","7432875","13787244"
"D3","62","Pinellas","2010","6217748","BEACH PIZZA SEMINOLE","7724 113 ST UNIT D","SEMINOLE","33772","3707938","1","Food","Routine - Food","Inspection Completed - No Further Action","07/28/2026","","","2","1","0","1","Y","0","0","1","0","0","0","0","0","0","0","0","1","0","0","0","0","0","0","0","0","0","0","0","0","0","0","0","0","0","0","0","0","0","0","0","0","0","0","0","0","0","0","0","0","0","0","0","0","0","0","0","0","0","0","0","0","0","0","9846354","13746429"
"D3","62","Pinellas","2010","6217751","DUNKIN DONUTS","7595 4 ST N","ST PETERSBURG","33702","3748399","1","Food","Routine - Food","Inspection Completed - No Further Action","07/31/2026","","","1","0","1","0","Y","0","0","0","0","0","0","0","0","0","0","0","0","0","0","0","0","0","0","0","0","0","0","0","0","0","0","0","0","1","0","0","0","0","0","0","0","0","0","0","0","0","0","0","0","0","0","0","0","0","0","0","0","0","0","0","0","0","0","6949085","13786901"
"D3","62","Pinellas","2010","6217758","SHAKER & PEEL","3150 TAMPA RD STE 12","OLDSMAR","34677","3755952","1","Food","Complaint Full","Warning Issued","07/14/2026","","","3","1","0","2","Y","0","0","1","0","0","0","0","0","0","0","0","0","0","0","0","0","0","0","0","0","1","0","0","0","0","0","0","0","0","0","0","0","0","0","0","1","0","0","0","0","0","0","0","0","0","0","0","0","0","0","0","0","0","0","0","0","0","0","7030820","13841811"
"D3","62","Pinellas","2010","6217758","SHAKER & PEEL","3150 TAMPA RD STE 12","OLDSMAR","34677","3755952","2","Food","Complaint Full","Call Back - Complied","07/16/2026","","","1","0","0","1","Y","0","0","0","0","0","0","0","0","0","0","0","0","0","0","0","0","0","0","0","0","0","0","0","0","0","0","0","0","0","0","0","0","0","0","0","1","0","0","0","0","0","0","0","0","0","0","0","0","0","0","0","0","0","0","0","0","0","0","7030820","13845307"
"D3","62","Pinellas","2010","6217763","THE PARK","9711 66 ST N","PINELLAS PARK","33782","3726752","1","Food","Routine - Food","Inspection Completed - No Further Action","07/30/2026","","","4","0","4","0","Y","0","0","0","0","0","0","0","0","0","0","0","0","0","0","0","1","0","0","0","0","0","0","0","0","0","0","0","0","0","0","1","0","0","0","0","0","0","0","0","0","1","0","0","0","0","0","0","0","0","0","0","0","1","0","0","0","0","0","9634083","13765245"
"D3","62","Pinellas","2010","6217767","FORTUNATO'S ITALIAN RESTAURANT","6890 GULFPORT BLVD","SOUTH PASADENA","33707-2108","3742332","1","Food","Routine - Food","Warning Issued","07/08/2026","","","6","0","4","2","Y","0","1","0","0","0","0","0","0","0","0","0","0","0","1","0","0","0","0","0","0","0","1","0","0","0","0","0","0","0","0","1","0","0","0","0","1","0","0","0","0","0","0","0","0","0","0","0","0","0","0","0","0","1","0","0","0","0","0","7032636","13780834"
"D3","62","Pinellas","2010","6217767","FORTUNATO'S ITALIAN RESTAURANT","6890 GULFPORT BLVD","SOUTH PASADENA","33707-2108","3742332","2","Food","Routine - Food","Call Back - Complied","07/29/2026","","","3","0","1","2","Y","0","0","0","0","0","0","0","0","0","0","0","0","0","1","0","0","0","0","0","0","0","1","0","0","0","0","0","0","0","0","0","0","0","0","0","1","0","0","0","0","0","0","0","0","0","0","0","0","0","0","0","0","0","0","0","0","0","0","7032636","13841469"
"D3","62","Pinellas","2010","6217784","POPEYES LOUISIANA KITCHEN OPERATED BY TICE","600 34 ST N","ST. PETERSBURG","33713","3701349","1","Food","Complaint Full","Warning Issued","07/07/2026","","","27","5","6","16","Y","1","0","3","0","0","1","0","1","0","1","0","2","0","3","0","0","0","0","0","0","0","1","1","1","0","0","1","0","1","0","3","0","2","0","2","1","0","0","0","0","0","0","0","0","0","0","0","0","0","0","1","0","1","0","0","0","0","0","9167132","13724606"
"D3","62","Pinellas","2010","6217784","POPEYES LOUISIANA KITCHEN OPERATED BY TICE","600 34 ST N","ST. PETERSBURG","33713","3701349","2","Food","Complaint Full","Call Back - Admin. complaint recommended","07/08/2026","","","9","1","2","6","Y","0","0","0","0","0","0","0","0","0","0","0","0","0","2","0","0","0","0","0","0","0","0","1","1","0","0","1","0","1","0","1","0","0","0","1","0","0","0","0","0","0","0","0","0","0","0","0","0","0","0","1","0","0","0","0","0","0","0","9167132","13821288"
"D3","62","Pinellas","2010","6217784","POPEYES LOUISIANA KITCHEN OPERATED BY TICE","600 34 ST N","ST. PETERSBURG","33713","3701349","3","Food","Complaint Full","Call Back - Complied","07/10/2026","","","5","0","0","5","Y","0","0","0","0","0","0","0","0","0","0","0","0","0","2","0","0","0","0","0","0","0","0","1","1","0","0","0","0","0","0","0","0","0","0","0","0","0","0","0","0","0","0","0","0","0","0","0","0","0","0","1","0","0","0","0","0","0","0","9167132","13841576"
"D3","62","Pinellas","2010","6217793","LIBRARY JV MANAGEMENT LLC & FOR ALL KIDS LLC","600 5 ST S","ST. PETERSBURG","33701","3671628","4","Food","Routine - Food","Call Back - Extension given, pending","07/23/2026","","","1","0","1","0","Y","0","0","1","0","0","0","0","0","0","0","0","0","0","0","0","0","0","0","0","0","0","0","0","0","0","0","0","0","0","0","0","0","0","0","0","0","0","0","0","0","0","0","0","0","0","0","0","0","0","0","0","0","0","0","0","0","0","0","9099757","13718622"
"D3","62","Pinellas","2010","6217811","GREEN MARKET CAFE","7839 113 ST STE C","SEMINOLE","33772","3704918","1","Food","Routine - Food","Inspection Completed - No Further Action","07/28/2026","","","5","0","1","4","Y","0","0","0","0","0","0","0","1","0","1","0","1","0","0","0","1","0","0","0","0","0","0","0","0","0","0","0","0","0","0","0","0","0","0","0","0","0","0","0","0","0","0","0","0","0","0","0","0","0","1","0","0","0","0","0","0","0","0","8340565","13743397"
"D3","62","Pinellas","2010","6217823","DUNKIN DONUTS","1821 N HIGHLAND AVE","CLEARWATER","33755","3723513","1","Food","Routine - Food","Inspection Completed - No Further Action","07/16/2026","","","3","0","0","3","Y","0","0","0","0","0","0","0","1","0","0","0","0","1","0","0","0","0","0","0","0","1","0","0","0","0","0","0","0","0","0","0","0","0","0","0","0","0","0","0","0","0","0","0","0","0","0","0","0","0","0","0","0","0","0","0","0","0","0","6916967","13762006"
"D3","62","Pinellas","2010","6217825","MULLETS FISH CAMP AND MARKET","3901 6TH STREET S","ST. PETERSBURG","33705","3700830","1","Food","Complaint Full","Inspection Completed - No Further Action","07/01/2026","","","4","1","1","2","Y","0","0","0","0","0","0","0","0","0","2","0","0","0","0","0","0","0","0","0","0","0","1","0","0","0","0","0","0","0","0","0","0","0","0","1","0","0","0","0","0","0","0","0","0","0","0","0","0","0","0","0","0","0","0","0","0","0","0","7951926","13720891"
"D3","62","Pinellas","2010","6217829","EVE'S FAMILY RESTAURANT","3150 TAMPA RD UNIT 9","OLDSMAR","34677","3748621","1","Food","Routine - Food","Inspection Completed - No Further Action","07/16/2026","","","14","5","3","6","Y","0","1","1","0","0","1","0","3","0","0","0","2","0","0","0","0","0","0","0","0","1","1","1","0","0","0","0","0","0","0","1","0","0","0","0","0","0","0","0","1","0","0","0","0","0","0","0","0","0","0","0","0","1","0","0","0","0","0","7198162","13787123"
"D3","62","Pinellas","2010","6217830","PHILLY'S","1135 MISSOURI AVE N","LARGO","33770","3654603","2","Food","Routine - Food","Call Back - Complied","07/07/2026","","","1","0","0","1","Y","0","0","0","0","0","0","0","0","0","0","0","0","0","0","0","0","0","0","0","0","0","1","0","0","0","0","0","0","0","0","0","0","0","0","0","0","0","0","0","0","0","0","0","0","0","0","0","0","0","0","0","0","0","0","0","0","0","0","9058826","13687496"
"D3","62","Pinellas","2010","6217841","TACO MIENDO ST PETE","4747 66  ST  N","ST PETERSBURG","33709","3752609","1","Food","Routine - Food","Administrative complaint recommended","07/14/2026","","","16","3","4","9","Y","1","0","1","0","0","0","0","1","0","0","0","0","0","2","0","0","0","0","0","0","1","1","2","0","0","0","0","0","0","0","2","0","0","0","2","0","0","1","0","0","0","0","0","0","0","0","0","0","0","0","1","0","1","0","0","0","0","0","8885396","13791111"
"D3","62","Pinellas","2010","6217841","TACO MIENDO ST PETE","4747 66  ST  N","ST PETERSBURG","33709","3752609","2","Food","Routine - Food","Call Back - Admin. complaint recommended","07/15/2026","","","11","1","2","8","Y","0","0","1","0","0","0","0","1","0","0","0","0","0","2","0","0","0","0","0","0","0","1","2","0","0","0","0","0","0","0","0","0","0","0","1","0","0","1","0","0","0","0","0","0","0","0","0","0","0","0","1","0","1","0","0","0","0","0","8885396","13845256"
"D3","62","Pinellas","2010","6217841","TACO MIENDO ST PETE","4747 66  ST  N","ST PETERSBURG","33709","3752609","3","Food","Routine - Food","Call Back - Admin. complaint recommended","07/23/2026","","","11","1","2","8","Y","0","0","1","0","0","0","0","1","0","0","0","0","0","2","0","0","0","0","0","0","0","1","2","0","0","0","0","0","0","0","0","0","0","0","1","0","0","1","0","0","0","0","0","0","0","0","0","0","0","0","1","0","1","0","0","0","0","0","8885396","13846064"
"D3","62","Pinellas","2010","6217848","SENOR SUBS & GYROS","1364 CLEVELAND ST","CLEARWATER","33755","3735808","1","Food","Routine - Food","Warning Issued","07/10/2026","","","6","1","1","4","Y","0","0","0","0","0","0","0","0","0","1","0","0","0","1","0","1","0","0","0","0","1","0","0","0","0","0","0","0","0","0","0","0","0","0","1","0","0","0","0","1","0","0","0","0","0","0","0","0","0","0","0","0","0","0","0","0","0","0","7238229","13774301"
"D3","62","Pinellas","2010","6217848","SENOR SUBS & GYROS","1364 CLEVELAND ST","CLEARWATER","33755","3735808","2","Food","Routine - Food","Call Back - Complied","07/14/2026","","","0","0","0","0","Y","0","0","0","0","0","0","0","0","0","0","0","0","0","0","0","0","0","0","0","0","0","0","0","0","0","0","0","0","0","0","0","0","0","0","0","0","0","0","0","0","0","0","0","0","0","0","0","0","0","0","0","0","0","0","0","0","0","0","7238229","13843267"
"D3","62","Pinellas","2010","6217851","PINEAPPLE ESPRESSO","3045 DR MARTIN LUTHER KING JR ST N","ST PETERSBURG ","33704","3752129","1","Food","Routine - Food","Inspection Completed - No Further Action","07/14/2026","","","5","1","2","2","Y","0","0","1","0","0","0","0","0","0","0","0","0","0","1","0","0","0","0","0","0","1","0","0","0","0","0","0","0","0","0","1","0","0","0","0","0","0","0","0","0","0","0","0","0","0","0","0","0","0","1","0","0","0","0","0","0","0","0","7198403","13790631"
"D3","62","Pinellas","2010","6217853","DUNKIN DONUTS","8150 BRYAN DAIRY RD","PINELLAS PARK","33777","3755654","1","Food","Complaint Full","Inspection Completed - No Further Action","07/07/2026","","","2","0","1","1","Y","0","0","0","0","0","0","0","0","0","0","0","1","0","0","0","1","0","0","0","0","0","0","0","0","0","0","0","0","0","0","0","0","0","0","0","0","0","0","0","0","0","0","0","0","0","0","0","0","0","0","0","0","0","0","0","0","0","0","7132428","13819906"
"D3","62","Pinellas","2010","6217855","OUTBACK STEAKHOUSE","7885 113TH STREET","SEMINOLE","33772","3748925","1","Food","Routine - Food","Inspection Completed - No Further Action","07/28/2026","","","5","1","0","4","Y","0","0","0","0","0","0","0","0","0","2","0","0","0","0","0","1","0","0","0","0","0","0","1","0","0","0","0","0","0","0","0","0","0","0","0","0","0","0","0","0","1","0","0","0","0","0","0","0","0","0","0","0","0","0","0","0","0","0","7056596","13787427"
"D3","62","Pinellas","2010","6217860","KAIA BOWLS CLEARWATER BEACH N","483 MANDALAY UNIT 107","CLEARWATER BEACH","33767","3759223","1","Food","Complaint Full","Inspection Completed - No Further Action","07/21/2026","","","2","0","0","2","Y","0","0","0","0","0","0","0","0","0","1","0","0","1","0","0","0","0","0","0","0","0","0","0","0","0","0","0","0","0","0","0","0","0","0","0","0","0","0","0","0","0","0","0","0","0","0","0","0","0","0","0","0","0","0","0","0","0","0","8386255","13852730"
"D3","62","Pinellas","2010","6217862","CLEARWATER WINE BAR & BISTRO","482 POINSETTIA AVE","CLEARWATER","33767-2032","3722622","1","Food","Routine - Food","Inspection Completed - No Further Action","07/24/2026","","","1","0","1","0","Y","0","1","0","0","0","0","0","0","0","0","0","0","0","0","0","0","0","0","0","0","0","0","0","0","0","0","0","0","0","0","0","0","0","0","0","0","0","0","0","0","0","0","0","0","0","0","0","0","0","0","0","0","0","0","0","0","0","0","7251271","13761115"
"D3","62","Pinellas","2010","6217903","THE CAMPUS GRIND LLC","121 7 AVE S STE 1","ST. PETERSBURG","33701","3705774","1","Food","Routine - Food","Inspection Completed - No Further Action","07/30/2026","","","6","1","1","4","Y","0","0","0","0","0","0","0","1","0","0","0","1","0","1","0","0","0","0","0","0","0","0","0","1","0","0","0","0","0","0","0","1","0","0","0","0","0","0","0","0","1","0","0","0","0","0","0","0","0","0","0","0","0","0","0","0","0","0","7825471","13744257"
"D3","62","Pinellas","2010","6217910","KARMA JUICE BAR","1804 4 ST N","ST. PETERSBURG","33704","3737369","1","Food","Routine - Food","Inspection Completed - No Further Action","07/30/2026","","","3","1","1","1","Y","0","0","0","0","0","0","0","1","0","0","0","0","0","0","0","1","0","0","0","0","0","0","0","0","0","0","0","0","0","0","0","0","0","0","0","0","0","0","0","0","1","0","0","0","0","0","0","0","0","0","0","0","0","0","0","0","0","0","8423448","13775862"
"D3","62","Pinellas","2010","6217911","PROHIBITION KITCHEN AND TAP","1600 MAIN ST","DUNEDIN","34698","3755990","1","Food","Complaint Full","Warning Issued","07/10/2026","","","24","6","6","12","Y","2","0","0","0","0","0","0","2","0","0","0","3","1","2","0","2","0","0","0","0","0","4","0","2","0","0","0","0","1","0","2","0","0","0","1","0","0","0","0","0","1","0","0","0","0","0","0","0","0","0","0","0","1","0","0","0","0","0","7812276","13842151"
"D3","62","Pinellas","2010","6217918","POPPO'S TAQUERIA","1033 CENTRAL AVE","ST. PETERSBURG","33705","3712609","1","Food","Routine - Food","Warning Issued","07/07/2026","","","5","1","1","3","Y","0","0","2","0","0","0","0","0","0","0","0","0","0","0","0","1","0","0","0","0","0","1","0","0","0","0","0","0","1","0","0","0","0","0","0","0","0","0","0","0","0","0","0","0","0","0","0","0","0","0","0","0","0","0","0","0","0","0","7371204","13751102"
"D3","62","Pinellas","2010","6217918","POPPO'S TAQUERIA","1033 CENTRAL AVE","ST. PETERSBURG","33705","3712609","2","Food","Routine - Food","Call Back - Complied","07/09/2026","","","1","0","0","1","Y","0","0","0","0","0","0","0","0","0","0","0","0","0","0","0","0","0","0","0","0","0","0","0","0","0","0","0","0","1","0","0","0","0","0","0","0","0","0","0","0","0","0","0","0","0","0","0","0","0","0","0","0","0","0","0","0","0","0","7371204","13821479"
"D3","62","Pinellas","2010","6217920","THE FIT POKE STOP","10763  PARK BLVD NORTH","SEMINOLE","33772","3742933","1","Food","Routine - Food","Inspection Completed - No Further Action","07/28/2026","","","1","0","0","1","Y","0","0","0","0","0","0","0","0","0","0","0","0","1","0","0","0","0","0","0","0","0","0","0","0","0","0","0","0","0","0","0","0","0","0","0","0","0","0","0","0","0","0","0","0","0","0","0","0","0","0","0","0","0","0","0","0","0","0","7346392","13781435"
"D3","62","Pinellas","2010","6217930","SPEGGTACULAR","12125 INDIAN ROCKS RD","LARGO","33774","3749331","1","Food","Routine - Food","Inspection Completed - No Further Action","07/27/2026","","","6","2","0","4","Y","0","0","0","0","0","0","0","0","0","1","0","2","0","2","0","0","0","0","0","0","0","0","0","0","0","0","0","0","0","0","0","0","0","0","0","0","0","0","0","0","0","0","0","0","0","0","0","0","0","1","0","0","0","0","0","0","0","0","7632427","13787833"
"D3","62","Pinellas","2010","6217933","ICE & CREAM CREAMERY","10825  GULF BOULEVARD","TREASURE ISLAND","33706","3742396","1","Food","Routine - Food","Warning Issued","07/30/2026","","","9","0","4","5","Y","0","0","0","0","0","0","0","0","0","0","1","0","0","1","0","0","0","0","0","0","0","0","0","0","0","0","0","0","0","0","1","1","0","0","1","1","0","0","0","0","0","0","0","0","0","0","0","0","0","0","1","0","2","0","0","0","0","0","7362930","13780898"
"D3","62","Pinellas","2010","6217948","GREAT WALL","1024 62ND AVE N","ST. PETERSBURG","33702","3735994","1","Food","Routine - Food","Inspection Completed - No Further Action","07/21/2026","","","10","2","3","5","Y","0","2","0","0","0","0","0","4","0","1","0","1","0","0","0","0","0","0","0","0","0","1","0","0","0","0","0","0","0","0","1","0","0","0","0","0","0","0","0","0","0","0","0","0","0","0","0","0","0","0","0","0","0","0","0","0","0","0","7407577","13774487"
"D3","62","Pinellas","2010","6217955","COPA","1047 CENTRAL AVE","ST. PETERSBURG","33705","3703926","1","Food","Routine - Food","Inspection Completed - No Further Action","07/23/2026","","","2","0","1","1","Y","0","0","0","0","0","0","0","0","0","0","0","0","0","0","0","0","0","0","0","0","0","0","0","0","0","0","0","0","0","0","1","0","0","0","0","0","0","0","0","1","0","0","0","0","0","0","0","0","0","0","0","0","0","0","0","0","0","0","7425371","13742401"
"D3","62","Pinellas","2010","6217963","VICTORY TAVERN ","36221  E LAKE RD S","PALM HARBOR","34685","3713211","1","Food","Routine - Food","Inspection Completed - No Further Action","07/21/2026","","","4","1","0","3","Y","0","1","0","0","0","0","0","0","0","1","0","0","0","0","0","0","0","0","0","0","0","1","0","0","0","0","0","0","0","0","0","0","0","0","0","0","0","0","0","1","0","0","0","0","0","0","0","0","0","0","0","0","0","0","0","0","0","0","9487402","13751704"
"D3","62","Pinellas","2010","6217965","ANECDOTE BREWING CO","321 GULF BLVD UNITS B & C","INDIAN ROCKS BEACH","33785","3608771","2","Food","Routine - Food","Call Back - Complied","07/27/2026","","","0","0","0","0","Y","0","0","0","0","0","0","0","0","0","0","0","0","0","0","0","0","0","0","0","0","0","0","0","0","0","0","0","0","0","0","0","0","0","0","0","0","0","0","0","0","0","0","0","0","0","0","0","0","0","0","0","0","0","0","0","0","0","0","7428368","13701749"
"D3","62","Pinellas","2010","6217966","STARBUCKS COFFEE COMPANY","309 CORONADO DR","CLEARWATER","33767","3724994","1","Food","Routine - Food","Warning Issued","07/31/2026","","","4","1","3","0","Y","0","0","0","0","0","0","0","0","0","0","0","0","0","0","0","0","0","0","0","0","0","1","0","0","0","0","1","0","0","0","2","0","0","0","0","0","0","0","0","0","0","0","0","0","0","0","0","0","0","0","0","0","0","0","0","0","0","0","8203338","13763487"
"D3","62","Pinellas","2010","6217970","KAIA BOWLS","2539  COUNTRYSIDE BLVD STE 5","CLEARWATER","33761","3723649","1","Food","Routine - Food","Warning Issued","07/14/2026","","","2","0","1","1","Y","0","0","0","0","0","0","0","0","0","0","0","0","0","0","0","0","0","0","0","0","0","0","0","0","0","0","0","0","0","0","0","0","0","0","0","1","0","0","0","0","0","0","0","0","0","0","0","0","0","0","0","0","1","0","0","0","0","0","8001815","13762142"
"D3","62","Pinellas","2010","6217972","LANES LEMONADE","349 MAIN ST STE A","DUNEDIN","34698","3732867","1","Food","Routine - Food","Inspection Completed - No Further Action","07/23/2026","","","9","1","3","5","Y","0","1","1","0","0","0","0","2","0","0","1","0","0","1","0","0","0","0","0","0","0","1","0","0","0","0","0","0","0","0","1","0","0","0","0","0","0","0","0","0","0","0","0","0","0","0","0","0","0","1","0","0","0","0","0","0","0","0","9516696","13771360"
"D3","62","Pinellas","2010","6217985","JOLLIBEE","4057 PARK BLVD","PINELLAS PARK","33781","3729769","1","Food","Routine - Food","Inspection Completed - No Further Action","07/20/2026","","","2","0","0","2","Y","0","0","0","0","0","0","0","0","0","0","0","0","0","0","0","0","0","0","0","0","1","0","0","0","0","0","0","0","0","0","0","0","0","0","0","1","0","0","0","0","0","0","0","0","0","0","0","0","0","0","0","0","0","0","0","0","0","0","7219253","13768262"
"D3","62","Pinellas","2010","6217990","THE NORTH END TAPHOUSE","2908 1/2 BEACH BLVD S","GULFPORT","33707","3756104","1","Food","Complaint Full","Inspection Completed - No Further Action","07/21/2026","","","5","0","0","5","Y","0","0","0","0","0","0","0","0","0","0","0","0","0","1","0","0","0","0","0","0","0","1","2","0","0","0","0","0","1","0","0","0","0","0","0","0","0","0","0","0","0","0","0","0","0","0","0","0","0","0","0","0","0","0","0","0","0","0","7552872","13843849"
"D3","62","Pinellas","2010","6217995","MY HAPPY PLACE","16811 GULF BLVD","NORTH REDINGTON BEAC","33708","3748852","1","Food","Routine - Food","Inspection Completed - No Further Action","07/31/2026","","","4","0","1","3","Y","0","0","0","0","0","0","0","0","0","1","0","0","0","0","0","1","0","0","0","0","0","1","1","0","0","0","0","0","0","0","0","0","0","0","0","0","0","0","0","0","0","0","0","0","0","0","0","0","0","0","0","0","0","0","0","0","0","0","7368243","13787354"
"D3","62","Pinellas","2010","6218003","DICK'S LAST RESORT","111 BOARDWALK PL W STE 203","MADEIRA BEACH","33708","3738561","1","Food","Routine - Food","Inspection Completed - No Further Action","07/07/2026","","","8","2","2","4","Y","0","0","0","0","0","0","0","2","0","1","0","0","0","0","0","1","0","0","0","0","0","3","0","0","0","0","0","0","1","0","0","0","0","0","0","0","0","0","0","0","0","0","0","0","0","0","0","0","0","0","0","0","0","0","0","0","0","0","9241632","13777058"
"D3","62","Pinellas","2010","6218011","KEKE'S BREAKFAST CAFE","6862 GULFPORT BLVD S","SOUTH PASADENA","33707","3710235","1","Food","Routine - Food","Inspection Completed - No Further Action","07/08/2026","","","4","2","1","1","Y","0","0","2","0","0","0","0","0","0","0","0","0","0","1","0","0","0","0","0","0","0","1","0","0","0","0","0","0","0","0","0","0","0","0","0","0","0","0","0","0","0","0","0","0","0","0","0","0","0","0","0","0","0","0","0","0","0","0","7524719","13748728"
"D3","62","Pinellas","2010","6218018","DUNKIN'","6325 9 ST","ST. PETERSBURG","33702","3724706","1","Food","Routine - Food","Inspection Completed - No Further Action","07/23/2026","","","2","0","0","2","Y","0","0","0","0","0","0","0","0","0","0","0","0","0","0","0","0","0","0","0","0","0","0","0","0","0","0","0","0","0","0","0","0","0","0","0","1","0","0","0","1","0","0","0","0","0","0","0","0","0","0","0","0","0","0","0","0","0","0","8624450","13763199"
"D3","62","Pinellas","2010","6218020","DJ'S CLAM SHACK","19705 GULF BLVD  STE A","INDIAN SHORES","33785","3749170","1","Food","Routine - Food","Inspection Completed - No Further Action","07/17/2026","","","3","0","0","3","Y","0","0","0","0","0","0","0","1","0","0","0","0","0","0","0","0","0","0","0","0","1","0","0","0","0","0","0","0","0","0","0","0","0","0","0","1","0","0","0","0","0","0","0","0","0","0","0","0","0","0","0","0","0","0","0","0","0","0","7595730","13787672"
"D3","62","Pinellas","2010","6218056","CALEDONIA BREWING","587 MAIN ST","DUNEDIN","34698","3621487","2","Food","Routine - Food","Call Back - Complied","07/07/2026","","","0","0","0","0","Y","0","0","0","0","0","0","0","0","0","0","0","0","0","0","0","0","0","0","0","0","0","0","0","0","0","0","0","0","0","0","0","0","0","0","0","0","0","0","0","0","0","0","0","0","0","0","0","0","0","0","0","0","0","0","0","0","0","0","7706610","13690015"
"D3","62","Pinellas","2010","6218057","GULFPORT BREWERY","3007 BEACH BLVD S","GULFPORT","33707","3705560","1","Food","Routine - Food","Warning Issued","07/08/2026","","","11","6","3","2","Y","2","1","2","0","0","0","0","0","0","0","0","0","0","1","0","0","0","0","0","0","0","1","0","0","0","0","0","0","0","0","1","0","0","0","2","0","0","0","0","0","0","0","0","0","0","0","0","0","0","0","0","0","1","0","0","0","0","0","7365228","13744042"
"D3","62","Pinellas","2010","6218057","GULFPORT BREWERY","3007 BEACH BLVD S","GULFPORT","33707","3705560","2","Food","Routine - Food","Call Back - Admin. complaint recommended","07/20/2026","","","4","1","2","1","Y","0","0","0","0","0","0","0","0","0","0","0","0","0","1","0","0","0","0","0","0","0","1","0","0","0","0","0","0","0","0","0","0","0","0","1","0","0","0","0","0","0","0","0","0","0","0","0","0","0","0","0","0","1","0","0","0","0","0","7365228","13841715"
"D3","62","Pinellas","2010","6218057","GULFPORT BREWERY","3007 BEACH BLVD S","GULFPORT","33707","3705560","3","Food","Routine - Food","Call Back - Complied","07/21/2026","","","3","0","2","1","Y","0","0","0","0","0","0","0","0","0","0","0","0","0","1","0","0","0","0","0","0","0","1","0","0","0","0","0","0","0","0","0","0","0","0","0","0","0","0","0","0","0","0","0","0","0","0","0","0","0","0","0","0","1","0","0","0","0","0","7365228","13852621"
"D3","62","Pinellas","2010","6218061","DOC FORD'S RUM BAR & GRILLE","610 2 AVE NE","ST. PETERSBURG","33701","3761505","1","Food","Complaint Full","Inspection Completed - No Further Action","07/29/2026","","","18","4","8","6","Y","2","3","1","0","0","0","0","2","0","3","0","1","0","0","0","0","0","0","0","0","0","2","0","1","0","0","0","0","0","0","2","0","0","0","1","0","0","0","0","0","0","0","0","0","0","0","0","0","0","0","0","0","0","0","0","0","0","0","7664053","13860584"
"D3","62","Pinellas","2010","6218066","DRIFTWOOD CAFE","840 2 AVENUE NE","ST. PETERSBURG","33701","3729410","1","Food","Routine - Food","Inspection Completed - No Further Action","07/16/2026","","","9","0","2","7","Y","0","1","1","0","0","0","0","0","0","1","1","2","0","1","0","0","0","0","0","0","0","0","0","0","0","0","0","0","0","0","1","0","0","0","0","0","0","0","0","0","0","0","0","0","0","0","0","0","0","1","0","0","0","0","0","0","0","0","7303077","13767903"
"D3","62","Pinellas","2010","6218071","REBOOT","248  SCOTLAND ST","DUNEDIN","34698","3605202","2","Food","Routine - Food","Call Back - Complied","07/23/2026","","","4","0","2","2","Y","0","0","0","0","0","0","0","0","0","0","0","1","0","0","0","1","0","0","0","0","0","0","0","0","0","0","0","0","0","0","2","0","0","0","0","0","0","0","0","0","0","0","0","0","0","0","0","0","0","0","0","0","0","0","0","0","0","0","7723103","13698167"
"D3","62","Pinellas","2010","6218080","BOTTLES PUB","5619 PARK BLVD","PINELLAS PARK","33781","3742733","1","Food","Routine - Food","Inspection Completed - No Further Action","07/21/2026","","","0","0","0","0","N","0","0","0","0","0","0","0","0","0","0","0","0","0","0","0","0","0","0","0","0","0","0","0","0","0","0","0","0","0","0","0","0","0","0","0","0","0","0","0","0","0","0","0","0","0","0","0","0","0","0","0","0","0","0","0","0","0","0","7723846","13781235"
"D3","62","Pinellas","2010","6218084","BAYBORO BREWING","2390 5 AVE SOUTH","ST. PETERSBURG","33712-1631","3659607","3","Food","Routine - Food","Call Back - Complied","07/01/2026","","","0","0","0","0","Y","0","0","0","0","0","0","0","0","0","0","0","0","0","0","0","0","0","0","0","0","0","0","0","0","0","0","0","0","0","0","0","0","0","0","0","0","0","0","0","0","0","0","0","0","0","0","0","0","0","0","0","0","0","0","0","0","0","0","7731977","13704662"
"D3","62","Pinellas","2010","6218090","BODEGA ON CENTRAL","1180 CENTRAL AVE","ST. PETERSBURG","33705","3730031","1","Food","Routine - Food","Warning Issued","07/28/2026","","","20","2","4","14","Y","0","0","2","0","0","0","0","1","0","1","1","0","0","1","0","2","0","0","0","0","2","2","0","1","0","0","0","0","1","0","1","0","1","0","1","1","0","0","0","1","1","0","0","0","0","0","0","0","0","0","0","0","0","0","0","0","0","0","7658195","13768524"
"D3","62","Pinellas","2010","6218090","BODEGA ON CENTRAL","1180 CENTRAL AVE","ST. PETERSBURG","33705","3730031","2","Food","Routine - Food","Call Back - Complied","07/29/2026","","","7","0","2","5","Y","0","0","0","0","0","0","0","0","0","0","0","0","0","1","0","1","0","0","0","0","0","2","0","0","0","0","0","0","0","0","1","0","0","0","0","1","0","0","0","0","1","0","0","0","0","0","0","0","0","0","0","0","0","0","0","0","0","0","7658195","13862505"
"D3","62","Pinellas","2010","6218111","TEAK RESTAURANT","840 2 AVE NE FLR 4","ST. PETERSBURG","33701","3755884","1","Food","Complaint Full","Warning Issued","07/20/2026","","","15","4","4","7","Y","1","0","3","0","0","0","0","1","0","0","0","1","0","1","0","2","0","0","0","0","0","1","0","1","0","0","0","0","1","0","1","0","0","0","0","0","0","0","0","1","0","0","0","0","0","0","0","0","0","1","0","0","0","0","0","0","0","0","7402159","13841439"
"D3","62","Pinellas","2010","6218111","TEAK RESTAURANT","840 2 AVE NE FLR 4","ST. PETERSBURG","33701","3755884","2","Food","Complaint Full","Call Back - Complied","07/21/2026","","","5","1","2","2","Y","0","0","0","0","0","0","0","0","0","0","0","0","0","1","0","2","0","0","0","0","0","1","0","0","0","0","0","0","1","0","0","0","0","0","0","0","0","0","0","0","0","0","0","0","0","0","0","0","0","0","0","0","0","0","0","0","0","0","7402159","13852875"
"D3","62","Pinellas","2010","6218121","MR & MRS CRAB","6798 CROSSWINDS DR N","ST. PETERSBURG","33710","3736266","1","Food","Routine - Food","Administrative complaint recommended","07/24/2026","","","17","4","6","7","Y","1","0","1","0","0","0","0","2","0","0","0","0","0","1","0","0","0","0","0","0","0","3","0","1","0","0","0","0","0","0","2","0","0","0","1","1","0","0","0","1","1","0","0","0","0","0","0","0","0","0","0","0","2","0","0","0","0","0","7599612","13774759"
"D3","62","Pinellas","2010","6218150","PI BAR","1415 PINEHURST RD STE","DUNEDIN","34698","3691963","2","Food","Routine - Food","Call Back - Admin. complaint recommended","07/08/2026","","","9","2","2","5","Y","1","0","2","0","0","0","0","0","0","0","0","1","1","1","0","0","0","0","0","0","0","2","0","0","0","0","0","0","0","0","0","0","0","0","0","0","0","0","0","1","0","0","0","0","0","0","0","0","0","0","0","0","0","0","0","0","0","0","7749443","13683840"
"D3","62","Pinellas","2010","6218163","FUNKY FLAMINGO","1418 58TH STREET SOUTH","GULFPORT","33707","3730204","1","Food","Routine - Food","Inspection Completed - No Further Action","07/22/2026","","","0","0","0","0","Y","0","0","0","0","0","0","0","0","0","0","0","0","0","0","0","0","0","0","0","0","0","0","0","0","0","0","0","0","0","0","0","0","0","0","0","0","0","0","0","0","0","0","0","0","0","0","0","0","0","0","0","0","0","0","0","0","0","0","7748124","13768697"
"D3","62","Pinellas","2010","6218177","JOE WHISKEYS SPORTS BAR","27417 WESLEY CHAPEL BLVD","WESLEY CHAPEL ","33544","3710613","1","Food","Routine - Food","Inspection Completed - No Further Action","07/30/2026","","","0","0","0","0","Y","0","0","0","0","0","0","0","0","0","0","0","0","0","0","0","0","0","0","0","0","0","0","0","0","0","0","0","0","0","0","0","0","0","0","0","0","0","0","0","0","0","0","0","0","0","0","0","0","0","0","0","0","0","0","0","0","0","0","7764076","13749106"
"D3","62","Pinellas","2010","6218178","TACOS TEQUILA  AND RUM","490 MANDALAY AVE STE 10","CLEARWATER","33767","3674131","2","Food","Routine - Food","Call Back - Complied","07/14/2026","","","1","0","1","0","Y","0","1","0","0","0","0","0","0","0","0","0","0","0","0","0","0","0","0","0","0","0","0","0","0","0","0","0","0","0","0","0","0","0","0","0","0","0","0","0","0","0","0","0","0","0","0","0","0","0","0","0","0","0","0","0","0","0","0","9473519","13694054"
"D3","62","Pinellas","2010","6218201","NESTING GROUNDS CAFE","4852 RIDGEMOOR BLVD","PALM HARBOR","34685","3730325","1","Food","Routine - Food","Inspection Completed - No Further Action","07/15/2026","","","2","1","1","0","Y","0","0","0","0","0","0","0","0","0","0","0","0","0","1","0","0","0","0","0","0","0","0","0","0","0","0","0","0","0","0","1","0","0","0","0","0","0","0","0","0","0","0","0","0","0","0","0","0","0","0","0","0","0","0","0","0","0","0","7629501","13768818"
"D3","62","Pinellas","2010","6218220","HIBACHI EXPRESS","41260 US HWY 19 N","TARPON SPRINGS","34689","3738083","1","Food","Routine - Food","Inspection Completed - No Further Action","07/24/2026","","","3","0","0","3","Y","0","0","0","0","0","0","0","0","0","0","0","1","0","1","0","0","0","0","0","0","1","0","0","0","0","0","0","0","0","0","0","0","0","0","0","0","0","0","0","0","0","0","0","0","0","0","0","0","0","0","0","0","0","0","0","0","0","0","7901665","13776576"
"D3","62","Pinellas","2010","6218227","JUAN'S MEXICAN GRILL OLDSMAR","3860 TAMPA RD UNIT F","OLDSMAR","34677","3704389","1","Food","Routine - Food","Inspection Completed - No Further Action","07/07/2026","","","3","1","0","2","Y","0","0","0","0","0","0","0","0","0","1","0","0","0","1","0","0","0","0","0","0","1","0","0","0","0","0","0","0","0","0","0","0","0","0","0","0","0","0","0","0","0","0","0","0","0","0","0","0","0","0","0","0","0","0","0","0","0","0","7686621","13742866"
"D3","62","Pinellas","2010","6218234","LOUIS PAPPAS FRESH GREEK","3294 REDEEMER WAY ","NEW PORT RICHEY ","34655","3727383","1","Food","Routine - Food","Inspection Completed - No Further Action","07/23/2026","","","7","3","1","3","Y","0","0","1","0","0","0","0","0","0","0","0","2","0","0","0","0","0","0","0","0","0","1","1","0","0","0","0","0","1","0","0","0","0","0","0","1","0","0","0","0","0","0","0","0","0","0","0","0","0","0","0","0","0","0","0","0","0","0","7738692","13765876"
"D3","62","Pinellas","2010","6218242","THE BOXER CORONADO","207 CORONADO DR","CLEARWATER BEACH","33767","3726284","1","Food","Routine - Food","Warning Issued","07/17/2026","","","6","0","3","3","Y","0","0","1","0","0","0","0","0","0","0","0","0","0","0","0","1","0","0","0","0","0","1","1","0","0","0","0","0","0","0","0","0","0","0","0","0","0","0","0","0","0","0","0","0","0","0","0","0","0","0","0","0","2","0","0","0","0","0","9595175","13764777"
"D3","62","Pinellas","2010","6218245","EGG HAVEN CAFE","3601 66ST N","ST. PETERSBURG","33710","3726732","1","Food","Routine - Food","Administrative complaint recommended","07/29/2026","","","22","4","7","11","Y","1","0","1","0","1","0","0","3","0","0","0","1","0","2","0","1","0","0","0","0","0","2","2","0","0","0","0","0","0","0","3","0","1","0","1","0","0","0","0","0","0","0","0","0","0","0","0","0","0","0","0","0","3","0","0","0","0","0","9142300","13765225"
"D3","62","Pinellas","2010","6218252","SMALLS SLIDERS #10158","2540 GULF TO BAY BLVD","CLEARWATER","33765","3726148","1","Food","Routine - Food","Inspection Completed - No Further Action","07/24/2026","","","4","0","2","2","Y","0","0","0","0","0","0","0","0","0","0","0","0","1","0","0","1","0","0","0","0","1","0","0","0","0","0","0","0","0","0","0","0","0","0","0","0","0","0","0","0","0","0","0","0","0","0","0","0","0","0","0","0","1","0","0","0","0","0","9504657","13764641"
"D3","62","Pinellas","2010","6218258","OCC ROAD HOUSE & MUSEUM","10575 49 ST N","CLEARWATER","33762","3743277","1","Food","Routine - Food","Inspection Completed - No Further Action","07/09/2026","","","4","1","1","2","Y","0","0","0","0","0","0","0","0","0","0","0","2","0","1","0","0","0","0","0","0","0","0","0","0","0","0","0","0","0","0","0","0","0","0","0","0","0","0","0","0","1","0","0","0","0","0","0","0","0","0","0","0","0","0","0","0","0","0","7795562","13781779"
"D3","62","Pinellas","2010","6218258","OCC ROAD HOUSE & MUSEUM","10575 49 ST N","CLEARWATER","33762","3756124","1","Food","Complaint Full","Inspection Completed - No Further Action","07/14/2026","","","6","2","1","3","Y","2","0","0","0","0","1","0","0","0","0","0","1","0","0","0","0","0","0","0","0","0","1","0","0","0","0","0","0","0","0","0","0","0","0","0","1","0","0","0","0","0","0","0","0","0","0","0","0","0","0","0","0","0","0","0","0","0","0","7795562","13844108"
"D3","62","Pinellas","2010","6218260","GREEN LIGHT LOUNGE + KITCHEN","225 2ND AVE N","ST. PETERSBURG","33701","3654825","2","Food","Routine - Food","Call Back - Admin. complaint recommended","07/10/2026","","","2","0","1","1","Y","0","0","0","0","0","0","0","0","0","0","0","0","0","1","0","0","0","0","0","0","0","0","0","0","0","0","0","0","0","0","0","0","0","0","0","0","0","0","0","0","0","0","0","0","0","0","0","0","0","0","1","0","0","0","0","0","0","0","9667044","13680504"
"D3","62","Pinellas","2010","6218262","CJS BACKSTAGE","7022 22 AVE N","ST. PETERSBURG","33710","3738037","1","Food","Routine - Food","Inspection Completed - No Further Action","07/14/2026","","","13","2","4","7","Y","0","0","0","0","0","0","0","0","0","0","1","1","0","1","0","1","0","0","0","0","0","2","0","1","0","0","0","0","1","0","0","1","0","0","0","1","0","0","0","0","1","1","0","0","0","0","0","0","0","0","0","0","1","0","0","0","0","0","9006937","13776530"
"D3","62","Pinellas","2010","6218266","VILLA ITALIA PIZZERIA","131 CLEARWATER LARGO RD N","LARGO","33770","3600952","2","Food","Routine - Food","Call Back - Complied","07/08/2026","","","0","0","0","0","Y","0","0","0","0","0","0","0","0","0","0","0","0","0","0","0","0","0","0","0","0","0","0","0","0","0","0","0","0","0","0","0","0","0","0","0","0","0","0","0","0","0","0","0","0","0","0","0","0","0","0","0","0","0","0","0","0","0","0","8028282","13663576"
"D3","62","Pinellas","2010","6218267","FISH BOWL KITCHEN","654 EAST LAKE ROAD","PALM HARBOR","34685","3701462","1","Food","Complaint Full","Inspection Completed - No Further Action","07/07/2026","","","6","1","1","4","Y","1","1","0","0","0","1","0","2","0","0","0","0","0","0","0","0","0","0","0","0","0","1","0","0","0","0","0","0","0","0","0","0","0","0","0","0","0","0","0","0","0","0","0","0","0","0","0","0","0","0","0","0","0","0","0","0","0","0","7909552","13725642"
"D3","62","Pinellas","2010","6218276","KHAO NEOW SUSHI THAI LAO","17307 GULF BLVD STE B101","NORTH REDINGTON BEAC","33708","3745840","1","Food","Routine - Food","Inspection Completed - No Further Action","07/31/2026","","","10","1","2","7","Y","0","0","1","0","0","1","0","2","0","1","0","0","0","0","0","2","0","0","0","0","1","0","1","0","0","0","0","0","0","0","1","0","0","0","0","0","0","0","0","0","0","0","0","0","0","0","0","0","0","0","0","0","0","0","0","0","0","0","9409022","13784342"
"D3","62","Pinellas","2010","6218301","AROMA & SABOR","34720 US HWY 19 N","PALM HARBOR","34684","3693889","2","Food","Routine - Food","Call Back - Admin. complaint recommended","07/08/2026","","","5","0","2","3","Y","0","0","0","0","0","0","0","0","0","0","0","0","0","1","0","1","0","0","0","0","0","1","1","0","0","0","0","0","0","0","0","0","0","0","0","0","0","0","0","0","0","0","0","0","0","0","0","0","0","0","0","0","1","0","0","0","0","0","9341663","13687296"
"D3","62","Pinellas","2010","6218305","GATEWAY SUBS","3112 3 AVE NORTH","ST. PETERSBURG","33713","3755737","1","Food","Complaint Full","Inspection Completed - No Further Action","07/08/2026","","","5","1","2","2","Y","0","0","0","0","0","0","0","0","0","0","0","0","0","1","0","0","0","0","0","0","0","1","0","0","0","0","0","0","0","0","1","0","0","0","1","0","0","0","0","0","1","0","0","0","0","0","0","0","0","0","0","0","0","0","0","0","0","0","8068807","13821042"
"D3","62","Pinellas","2010","6218306","SOFRESH PALM HARBOR","326 E LAKE RD #14","PALM HARBOR","34685","3743491","1","Food","Routine - Food","Inspection Completed - No Further Action","07/09/2026","","","4","0","2","2","Y","0","1","0","0","0","0","0","1","0","0","0","0","0","0","0","0","0","0","0","0","0","1","0","0","0","0","0","0","0","0","1","0","0","0","0","0","0","0","0","0","0","0","0","0","0","0","0","0","0","0","0","0","0","0","0","0","0","0","8104502","13781993"
"D3","62","Pinellas","2010","6218308","CY CLEARWATER BEACH","455 E SHORE DR FLR 4","CLEARWATER BEACH","33767","3746052","1","Food","Routine - Food","Inspection Completed - No Further Action","07/16/2026","","","5","0","2","3","Y","0","0","0","0","0","0","0","0","0","0","0","0","0","1","0","0","0","0","0","0","0","0","0","0","0","0","0","0","0","0","2","0","0","0","0","0","0","0","0","1","0","1","0","0","0","0","0","0","0","0","0","0","0","0","0","0","0","0","8808997","13784554"
"D3","62","Pinellas","2010","6218324","NICKO'S PIZZA AND SUBS","1239 4 ST S","ST. PETERSBURG","33701","3744003","1","Food","Routine - Food","Inspection Completed - No Further Action","07/29/2026","","","4","0","1","3","Y","0","0","0","0","0","0","0","0","0","0","0","1","0","1","0","0","0","0","0","0","0","1","0","0","0","0","0","0","0","0","0","0","0","0","0","0","0","0","0","1","0","0","0","0","0","0","0","0","0","0","0","0","0","0","0","0","0","0","8296523","13782505"
"D3","62","Pinellas","2010","6218342","LA SEGUNDA BAKERY","2424 4 STREET N","ST. PETERSBURG","33704","3743663","1","Food","Routine - Food","Inspection Completed - No Further Action","07/17/2026","","","3","0","0","3","Y","0","0","0","0","0","0","0","0","0","0","0","0","0","0","0","0","0","0","0","0","0","1","0","0","0","0","0","0","1","0","0","0","0","0","0","1","0","0","0","0","0","0","0","0","0","0","0","0","0","0","0","0","0","0","0","0","0","0","8182267","13782165"
"D3","62","Pinellas","2010","6218359","GREEN PAGODA","7900 4 ST N","ST. PETERSBURG","33702","3724379","1","Food","Routine - Food","Warning Issued","07/22/2026","","","8","3","0","5","Y","0","0","2","0","0","0","0","2","0","0","0","0","0","0","0","0","0","0","0","0","0","1","0","0","0","0","0","1","1","0","0","0","0","0","0","1","0","0","0","0","0","0","0","0","0","0","0","0","0","0","0","0","0","0","0","0","0","0","8386908","13762872"
"D3","62","Pinellas","2010","6218359","GREEN PAGODA","7900 4 ST N","ST. PETERSBURG","33702","3724379","2","Food","Routine - Food","Call Back - Complied","07/28/2026","","","2","0","0","2","Y","0","0","0","0","0","0","0","0","0","0","0","0","0","0","0","0","0","0","0","0","0","0","0","0","0","0","0","0","1","0","0","0","0","0","0","1","0","0","0","0","0","0","0","0","0","0","0","0","0","0","0","0","0","0","0","0","0","0","8386908","13855948"
"D3","62","Pinellas","2010","6218366","WINGSTOP","33148 US HWY 19 N","PALM HARBOR","34684","3717892","1","Food","Routine - Food","Inspection Completed - No Further Action","07/24/2026","","","3","1","0","2","Y","0","0","0","0","0","0","0","0","0","0","0","0","1","0","0","0","0","0","0","0","0","1","0","0","0","0","0","0","0","0","0","0","0","0","0","0","0","0","0","0","1","0","0","0","0","0","0","0","0","0","0","0","0","0","0","0","0","0","8267303","13756385"
"D3","62","Pinellas","2010","6218387","JET'S PIZZA","1001 W BAY DR STE 104","LARGO","33770","3627332","2","Food","Routine - Food","Call Back - Admin. complaint recommended","07/07/2026","","","2","0","2","0","Y","0","0","0","0","0","0","0","0","0","0","0","0","0","0","0","0","0","0","0","0","0","0","0","0","0","0","0","0","0","0","0","0","0","0","0","0","0","0","0","0","0","0","0","0","0","0","0","0","0","0","0","0","2","0","0","0","0","0","8492762","13688254"
"D3","62","Pinellas","2010","6218388","JERSEY MIKE'S SUBS","33130 US 19 N","PALM HARBOR","34684","3737508","1","Food","Routine - Food","Inspection Completed - No Further Action","07/24/2026","","","4","0","1","3","Y","0","0","0","0","0","0","0","0","0","0","0","0","1","0","0","1","0","0","0","0","0","1","0","0","0","0","0","0","0","0","0","0","0","0","0","0","0","0","0","0","0","0","0","0","0","0","0","0","0","0","0","0","1","0","0","0","0","0","8494035","13776001"
"D3","62","Pinellas","2010","6218390","ORIGINAL FLAVOR 1889","409 CENTRAL AVE","ST. PETERSBURG","33701","3743785","1","Food","Routine - Food","Warning Issued","07/23/2026","","","17","2","4","11","Y","0","0","1","0","0","1","0","0","0","2","0","1","0","1","0","1","0","0","0","0","1","1","0","1","0","0","0","1","0","0","0","0","0","0","1","0","0","0","0","1","1","0","0","0","0","0","0","0","0","1","0","0","2","0","0","0","0","0","8443688","13782287"
"D3","62","Pinellas","2010","6218413","TREEHOUSE BBQ","229 62 AVE N","ST. PETERSBURG","33702","3726928","1","Food","Routine - Food","Warning Issued","07/23/2026","","","2","1","0","1","Y","1","0","1","0","0","0","0","0","0","0","0","0","0","0","0","0","0","0","0","0","0","0","0","0","0","0","0","0","0","0","0","0","0","0","0","0","0","0","0","0","0","0","0","0","0","0","0","0","0","0","0","0","0","0","0","0","0","0","9797715","13765421"
"D3","62","Pinellas","2010","6218420","PAJANOS PIZZA AND SUBS","17307 GULF BLVD UNIT B103","NORTH REDINGTON BCH","33708","3754351","1","Food","Routine - Food","Inspection Completed - No Further Action","07/10/2026","","","6","1","3","2","Y","0","0","0","0","0","0","0","0","0","0","0","0","0","0","0","0","0","0","0","0","0","1","1","0","1","0","0","0","0","0","0","0","0","0","0","0","0","0","0","0","1","0","0","0","0","0","0","0","0","1","0","0","1","0","0","0","0","0","8431289","13792853"
"D3","62","Pinellas","2010","6218424","GRAIN AND BERRY CAFE","2164 GULF TO BAY BLVD","CLEARWATER","33765","3739023","1","Food","Routine - Food","Inspection Completed - No Further Action","07/20/2026","","","9","2","2","5","Y","0","0","1","0","1","0","0","0","0","0","0","0","1","0","0","0","0","0","0","0","0","1","0","1","1","0","0","0","0","0","1","0","0","0","0","0","0","0","0","1","1","0","0","0","0","0","0","0","0","0","0","0","0","0","0","0","0","0","8541078","13777524"
"D3","62","Pinellas","2010","6218425","MARCOS PIZZA #8615","3163 CURLEW RD STE 2","OLDSMAR","34677","3744115","1","Food","Routine - Food","Warning Issued","07/27/2026","","","3","0","1","2","Y","0","1","0","0","0","0","0","0","0","0","0","0","0","0","0","0","0","0","0","0","1","0","0","0","0","0","0","0","0","0","0","0","0","0","0","0","0","0","0","0","0","0","0","0","0","0","0","0","0","0","0","0","1","0","0","0","0","0","8315796","13782617"
"D3","62","Pinellas","2010","6218442","TORCHY'S TACOS","2314 TYRONE BLVD N","ST. PETERSBURG","33710","3711848","1","Food","Routine - Food","Administrative complaint recommended","07/10/2026","","","6","0","3","3","Y","0","0","0","0","0","0","0","0","0","0","0","0","0","0","0","0","0","0","0","0","0","2","1","0","0","0","0","0","1","0","0","0","0","0","0","0","0","0","0","0","0","0","0","0","0","0","0","0","0","0","0","0","2","0","0","0","0","0","8615281","13750341"
"D3","62","Pinellas","2010","6218445","BURGER MONGER","1530 PASADENA AVE S STE 207","PASADENA","33707","3755861","1","Food","Complaint Full","Inspection Completed - No Further Action","07/08/2026","","","13","3","4","6","Y","1","0","0","0","0","1","0","1","0","0","0","1","0","2","0","1","0","0","0","0","0","2","0","0","0","0","0","0","1","0","2","0","1","0","0","0","0","0","0","0","0","0","0","0","0","0","0","0","0","0","0","0","0","0","0","0","0","0","9938798","13841255"
"D3","62","Pinellas","2010","6218447","CAFE RIVIERA","116 8 AVE","ST.PETE BEACH","33706","3701344","1","Food","Complaint Full","Warning Issued","07/09/2026","","","8","4","1","3","Y","0","0","2","0","0","0","0","2","0","0","0","1","0","0","0","0","0","0","0","0","1","0","0","0","0","0","0","0","0","0","0","0","0","0","0","1","0","0","0","0","0","0","0","0","0","0","0","0","0","0","0","0","1","0","0","0","0","0","9939644","13724589"
"D3","62","Pinellas","2010","6218447","CAFE RIVIERA","116 8 AVE","ST.PETE BEACH","33706","3701344","2","Food","Complaint Full","Call Back - Complied","07/14/2026","","","6","3","0","3","Y","0","0","2","0","0","0","0","1","0","0","0","1","0","0","0","0","0","0","0","0","1","0","0","0","0","0","0","0","0","0","0","0","0","0","0","1","0","0","0","0","0","0","0","0","0","0","0","0","0","0","0","0","0","0","0","0","0","0","9939644","13841927"
"D3","62","Pinellas","2010","6218469","ROSATI'S PIZZA","10443 ULMERTON RD UNIT 7","LARGO","33771","3759566","1","Food","Complaint Full","Warning Issued","07/21/2026","","","11","1","5","5","Y","0","0","0","0","0","0","0","0","1","0","0","1","1","1","0","0","0","0","0","0","0","1","0","0","0","0","0","0","0","0","2","0","0","0","0","0","0","0","0","0","0","0","0","0","0","0","0","0","0","1","1","0","2","0","0","0","0","0","8737941","13853388"
"D3","62","Pinellas","2010","6218470","MAD BEACH POKE ","13999 GULF BLVD UNIT C1","MADEIRA BEACH","33708","3744273","1","Food","Routine - Food","Inspection Completed - No Further Action","07/10/2026","","","2","1","0","1","Y","0","0","0","0","0","0","0","1","0","1","0","0","0","0","0","0","0","0","0","0","0","0","0","0","0","0","0","0","0","0","0","0","0","0","0","0","0","0","0","0","0","0","0","0","0","0","0","0","0","0","0","0","0","0","0","0","0","0","8481649","13782775"
"D3","62","Pinellas","2010","6218473","RITA'S ICE CUSTARD HAPPINESS","32836 US HWY 19 ","PALM HARBOR ","34684","3718135","1","Food","Routine - Food","Inspection Completed - No Further Action","07/14/2026","","","2","1","0","1","Y","0","0","0","0","0","0","0","1","0","0","0","0","0","0","0","0","0","0","0","0","0","1","0","0","0","0","0","0","0","0","0","0","0","0","0","0","0","0","0","0","0","0","0","0","0","0","0","0","0","0","0","0","0","0","0","0","0","0","8673530","13756628"
"D3","62","Pinellas","2010","6218487","KEYS JAM-ROCK GRILL","40168 US HWY 19 N ","TARPON SPRINGS ","34689","3705653","1","Food","Routine - Food","Inspection Completed - No Further Action","07/29/2026","","","3","1","0","2","Y","0","0","1","0","0","0","0","0","0","0","0","0","0","1","0","0","0","0","0","0","0","0","1","0","0","0","0","0","0","0","0","0","0","0","0","0","0","0","0","0","0","0","0","0","0","0","0","0","0","0","0","0","0","0","0","0","0","0","8531179","13744135"
"D3","62","Pinellas","2010","6218490","LAKAZBA CAFE","300 STATE ST E STE 110","OLDSMAR","34677","3731360","1","Food","Routine - Food","Warning Issued","07/30/2026","","","4","0","3","1","Y","0","0","0","0","0","0","0","0","0","0","1","0","0","0","0","1","0","0","0","0","0","0","0","0","1","0","0","0","0","0","0","0","0","0","0","0","0","0","0","0","0","0","0","0","0","0","0","0","0","0","0","0","1","0","0","0","0","0","8688255","13769853"
"D3","62","Pinellas","2010","6218492","JOSEPH'S TEA ROOM","25028 US 19 N ","CLEARWATER ","33763","3750483","1","Food","Routine - Food","Inspection Completed - No Further Action","07/28/2026","","","2","1","0","1","Y","0","0","0","0","0","0","0","0","0","0","0","0","0","0","0","0","0","0","0","0","0","0","0","0","0","0","0","0","0","0","0","1","0","0","0","0","0","0","0","0","1","0","0","0","0","0","0","0","0","0","0","0","0","0","0","0","0","0","8539583","13788985"
"D3","62","Pinellas","2010","6218493","ZAXBYS","3700 34TH STREET S","ST. PETERSBURG","33711","3756058","1","Food","Complaint Full","Inspection Completed - No Further Action","07/14/2026","","","2","1","0","1","Y","0","0","0","0","0","0","0","0","0","0","0","0","0","1","0","0","0","0","0","0","0","0","0","0","0","0","0","0","0","0","0","0","0","0","1","0","0","0","0","0","0","0","0","0","0","0","0","0","0","0","0","0","0","0","0","0","0","0","9040605","13843125"
"D3","62","Pinellas","2010","6218496","PLAYA BOWLS","4655 GULF BLVD UNIT 104","ST.PETE BEACH","33706","3751001","1","Food","Routine - Food","Inspection Completed - No Further Action","07/30/2026","","","10","0","3","7","Y","0","1","0","0","0","0","0","0","0","1","1","0","0","1","0","0","0","0","0","0","0","2","1","0","0","0","0","0","0","0","0","0","0","0","0","1","0","0","0","0","0","0","0","0","0","0","0","0","0","1","0","0","1","0","0","0","0","0","8789477","13789503"
"D3","62","Pinellas","2010","6218497","COCO'S CRUSH BAR & GRILL","2405 GULF BLVD","INDIAN ROCKS BEACH","33785","3712146","1","Food","Routine - Food","Inspection Completed - No Further Action","07/23/2026","","","3","1","0","2","Y","0","0","1","0","0","0","0","0","0","0","0","0","0","2","0","0","0","0","0","0","0","0","0","0","0","0","0","0","0","0","0","0","0","0","0","0","0","0","0","0","0","0","0","0","0","0","0","0","0","0","0","0","0","0","0","0","0","0","8553970","13750639"
"D3","62","Pinellas","2010","6218501","CREPESOLOGY","1503 MAIN ST","DUNEDIN","34698","3724901","1","Food","Routine - Food","Inspection Completed - No Further Action","07/09/2026","","","4","2","0","2","Y","1","1","0","0","0","0","0","0","0","0","0","0","1","0","0","0","0","0","0","0","0","0","0","0","0","0","0","0","0","0","0","0","0","0","1","0","0","0","0","0","0","0","0","0","0","0","0","0","0","0","0","0","0","0","0","0","0","0","8814137","13763394"
"D3","62","Pinellas","2010","6218503","KAIA BOWLS","101 PHILIPPE PKWY STE A","SAFETY HARBOR","34695","3737715","1","Food","Routine - Food","Inspection Completed - No Further Action","07/09/2026","","","2","1","0","1","Y","1","0","0","0","0","1","0","0","0","0","0","0","0","0","0","0","0","0","0","0","0","0","0","0","0","0","0","0","0","0","0","0","0","0","0","0","0","0","0","0","0","0","0","0","0","0","0","0","0","0","0","0","0","0","0","0","0","0","8724671","13776208"
"D3","62","Pinellas","2010","6218513","HURRICANE EDDIE’S IRB","1407 GULF BLVD","INDIAN ROCKS BEACH","33785","3718183","1","Food","Routine - Food","Inspection Completed - No Further Action","07/20/2026","","","4","2","2","0","Y","0","0","1","0","0","0","0","1","0","0","0","0","0","0","0","1","0","0","0","0","0","1","0","0","0","0","0","0","0","0","0","0","0","0","0","0","0","0","0","0","0","0","0","0","0","0","0","0","0","0","0","0","0","0","0","0","0","0","8697932","13756676"
"D3","62","Pinellas","2010","6218515","CHICK FIL A TYRONE BOULEVARD #04908","2190 TYRONE BLVD N","ST. PETERSBURG","33710","3732434","1","Food","Routine - Food","Inspection Completed - No Further Action","07/23/2026","","","5","0","1","4","Y","0","0","0","0","0","0","0","0","0","0","0","0","0","1","0","0","0","0","0","0","0","1","1","0","0","0","0","0","0","0","1","0","0","0","0","1","0","0","0","0","0","0","0","0","0","0","0","0","0","0","0","0","0","0","0","0","0","0","8880510","13770927"
"D3","62","Pinellas","2010","6218519","JUANS","4938 RIDGEMOOR BLVD","PALM HARBOR","34685","3744081","1","Food","Routine - Food","Inspection Completed - No Further Action","07/15/2026","","","0","0","0","0","Y","0","0","0","0","0","0","0","0","0","0","0","0","0","0","0","0","0","0","0","0","0","0","0","0","0","0","0","0","0","0","0","0","0","0","0","0","0","0","0","0","0","0","0","0","0","0","0","0","0","0","0","0","0","0","0","0","0","0","8732446","13782583"
"D3","62","Pinellas","2010","6218521","ROCKY MOUNTAIN SUBS","2655 E LAKE RD","PALM HARBOR","34685","3712157","1","Food","Routine - Food","Inspection Completed - No Further Action","07/10/2026","","","2","1","0","1","Y","0","0","1","0","0","0","0","1","0","0","0","0","0","0","0","0","0","0","0","0","0","0","0","0","0","0","0","0","0","0","0","0","0","0","0","0","0","0","0","0","0","0","0","0","0","0","0","0","0","0","0","0","0","0","0","0","0","0","8915089","13750650"
"D3","62","Pinellas","2010","6218525","JERSEY MIKE'S SUBS","10500 ULMERTON RD STE 208","LARGO","33771","3699671","1","Food","Complaint Full","Inspection Completed - No Further Action","07/08/2026","","","8","1","2","5","Y","0","0","0","0","0","0","0","1","0","0","0","0","0","0","0","0","0","0","0","0","0","1","1","0","0","0","1","0","0","0","0","2","0","0","0","1","0","0","0","1","0","0","0","0","0","0","0","0","0","0","0","0","0","0","0","0","0","0","8738638","13712007"
"D3","62","Pinellas","2010","6218527","WORLD OF VEGAN","3375 34 ST N STE 101","ST. PETERSBURG","33713","3744478","1","Food","Routine - Food","Inspection Completed - No Further Action","07/14/2026","","","2","0","1","1","Y","0","0","0","0","0","0","0","1","0","0","1","0","0","0","0","0","0","0","0","0","0","0","0","0","0","0","0","0","0","0","0","0","0","0","0","0","0","0","0","0","0","0","0","0","0","0","0","0","0","0","0","0","0","0","0","0","0","0","8909110","13782980"
"D3","62","Pinellas","2010","6218528","KEKE'S BREAKFAST CAFE","30541 US HWY 19 N","PALM HARBOR","34684","3759219","1","Food","Complaint Full","Inspection Completed - No Further Action","07/20/2026","","","10","1","1","8","Y","1","1","0","0","0","0","0","0","0","0","0","0","2","1","0","0","0","0","0","0","1","0","0","1","0","0","0","0","0","0","2","0","0","0","0","1","0","0","0","0","0","0","0","0","0","0","0","0","0","0","0","0","0","0","0","0","0","0","8940035","13852662"
"D3","62","Pinellas","2010","6218535","POTBELLY SANDWICH WORKS","13100 SEMINOLE BLVD STE 104","LARGO","33778","3713128","1","Food","Routine - Food","Inspection Completed - No Further Action","07/24/2026","","","4","0","1","3","Y","0","0","0","0","0","0","0","0","0","1","0","0","0","1","0","0","0","0","0","0","0","2","0","0","0","0","0","0","0","0","0","0","0","0","0","0","0","0","0","0","0","0","0","0","0","0","0","0","0","0","0","0","0","0","0","0","0","0","8958770","13751621"
"D3","62","Pinellas","2010","6218536","GATEWAY SUBS","5931 4 ST N","SAINT PETERSBURG","33703","3745067","1","Food","Routine - Food","Inspection Completed - No Further Action","07/16/2026","","","5","1","2","2","Y","0","1","0","0","0","0","0","1","0","0","0","1","0","0","0","0","0","0","0","0","0","1","0","0","0","0","0","0","0","0","0","0","0","0","0","0","0","0","0","0","0","0","0","0","0","0","0","0","0","0","0","0","1","0","0","0","0","0","8818821","13783569"
"D3","62","Pinellas","2010","6218537","HALAL EATS","543 N PINELLAS AVE","TARPON SPRINGS","34689","3700904","1","Food","Food-Licensing Inspection","Warning Issued","07/09/2026","","","5","2","2","1","Y","0","0","0","0","0","0","0","0","0","0","0","0","0","0","0","0","0","0","0","0","0","1","0","0","0","0","0","0","0","0","0","0","1","0","1","0","0","0","0","0","0","0","0","0","0","0","0","0","0","1","1","0","0","0","0","0","0","0","10001897","13721076"
"D3","62","Pinellas","2010","6218538","GULFSIDE PIZZA AND SUBS","11703 HAMLIN BLVD","LARGO","33774","3725776","1","Food","Routine - Food","Inspection Completed - No Further Action","07/27/2026","","","5","2","1","2","Y","1","0","1","0","0","0","0","0","0","0","0","0","0","0","0","0","0","0","0","0","0","1","0","0","0","0","0","0","0","0","1","0","0","0","0","0","0","0","0","0","0","0","0","0","0","0","0","0","0","1","0","0","0","0","0","0","0","0","9287760","13764269"
"D3","62","Pinellas","2010","6218550","FORTU","97 CENTRAL AVE","ST PETERSBURG","33701","3755625","1","Food","Complaint Full","Inspection Completed - No Further Action","07/30/2026","","","1","0","0","1","Y","0","0","0","0","0","0","0","0","0","0","0","1","0","0","0","0","0","0","0","0","0","0","0","0","0","0","0","0","0","0","0","0","0","0","0","0","0","0","0","0","0","0","0","0","0","0","0","0","0","0","0","0","0","0","0","0","0","0","8647050","13819278"
"D3","62","Pinellas","2010","6218557","BUFFALO WILD WINGS GO","1785 MAIN ST STE 101","DUNEDIN","34698","3752792","1","Food","Routine - Food","Inspection Completed - No Further Action","07/21/2026","","","3","1","1","1","Y","0","0","0","0","0","0","0","0","0","0","0","1","0","1","0","0","0","0","0","0","0","1","0","0","0","0","0","0","0","0","0","0","0","0","0","0","0","0","0","0","0","0","0","0","0","0","0","0","0","0","0","0","0","0","0","0","0","0","9866594","13791294"
"D3","62","Pinellas","2010","6218562","CHIPOTLE MEXICAN GRILL","980 MISSOURI AVE N","LARGO","33770","3712800","1","Food","Routine - Food","Inspection Completed - No Further Action","07/23/2026","","","1","0","0","1","Y","0","0","0","0","0","0","0","0","0","0","0","0","0","0","0","0","0","0","0","0","0","0","0","0","0","0","0","0","0","0","0","0","0","0","0","0","0","1","0","0","0","0","0","0","0","0","0","0","0","0","0","0","0","0","0","0","0","0","9071041","13751293"
"D3","62","Pinellas","2010","6218566","RAINING BERRIES","770 EAST LAKE ROAD","PALM HARBOR","34685","3738539","1","Food","Routine - Food","Inspection Completed - No Further Action","07/10/2026","","","3","0","1","2","Y","0","0","0","0","0","0","0","0","0","0","0","0","0","0","0","0","0","0","0","0","0","1","0","0","0","0","0","0","0","0","0","0","0","0","0","1","0","0","0","0","0","0","0","0","0","0","0","0","0","1","0","0","0","0","0","0","0","0","8508847","13777036"
"D3","62","Pinellas","2010","6218576","ROE'S CAFE AND CATERING","1100 94 AVE N","ST. PETERSBURG","33702","3706676","1","Food","Routine - Food","Inspection Completed - No Further Action","07/17/2026","","","2","0","0","2","Y","0","0","0","0","0","0","0","1","0","0","0","0","0","0","0","0","0","0","0","0","0","0","0","0","1","0","0","0","0","0","0","0","0","0","0","0","0","0","0","0","0","0","0","0","0","0","0","0","0","0","0","0","0","0","0","0","0","0","9512430","13745162"
"D3","62","Pinellas","2010","6218587","WHATCHA WANT EATERY","472   DOUGLAS RD E","OLDSMAR","34677","3725419","1","Food","Routine - Food","Warning Issued","07/28/2026","","","18","6","4","8","Y","0","2","1","0","0","0","0","2","0","0","0","2","1","0","0","0","0","0","0","0","2","1","1","0","0","0","0","0","0","0","1","0","0","0","1","1","0","0","0","0","1","0","0","0","0","0","0","0","0","0","1","0","1","0","0","0","0","0","9004574","13763912"
"D3","62","Pinellas","2010","6218587","WHATCHA WANT EATERY","472   DOUGLAS RD E","OLDSMAR","34677","3725419","2","Food","Routine - Food","Call Back - Admin. complaint recommended","07/29/2026","","","7","2","2","3","Y","0","1","1","0","0","0","0","1","0","0","0","0","0","0","0","0","0","0","0","0","0","0","1","0","0","0","0","0","0","0","0","0","0","0","0","1","0","0","0","0","0","0","0","0","0","0","0","0","0","0","1","0","1","0","0","0","0","0","9004574","13862292"
"D3","62","Pinellas","2010","6218587","WHATCHA WANT EATERY","472   DOUGLAS RD E","OLDSMAR","34677","3725419","3","Food","Routine - Food","Call Back - Extension given, pending","07/30/2026","","","2","0","2","0","Y","0","0","0","0","0","0","0","0","0","0","0","0","0","0","0","0","0","0","0","0","0","0","0","0","0","0","0","0","0","0","0","0","0","0","0","0","0","0","0","0","0","0","0","0","0","0","0","0","0","0","1","0","1","0","0","0","0","0","9004574","13863683"
"D3","62","Pinellas","2010","6218589","NEIGHBORHOOD JOE","2325 DR MLK JR ST N","ST. PETERSBURG","33704","3755482","1","Food","Routine - Food","Inspection Completed - No Further Action","07/14/2026","","","10","4","2","4","Y","1","1","2","0","0","0","0","1","0","0","0","0","0","0","0","0","0","0","0","0","0","2","0","0","0","0","0","0","1","0","1","0","0","0","0","0","0","0","0","0","0","0","0","0","0","0","0","0","0","1","0","0","0","0","0","0","0","0","9100451","13793985"
"D3","62","Pinellas","2010","6218592","COOL COOKIE","25 CAUSEWAY BLVD UNIT 108","INDIAN SHORES","33767","3725452","1","Food","Routine - Food","Inspection Completed - No Further Action","07/31/2026","","","0","0","0","0","Y","0","0","0","0","0","0","0","0","0","0","0","0","0","0","0","0","0","0","0","0","0","0","0","0","0","0","0","0","0","0","0","0","0","0","0","0","0","0","0","0","0","0","0","0","0","0","0","0","0","0","0","0","0","0","0","0","0","0","9112928","13763945"
"D3","62","Pinellas","2010","6218606","SPARTA SEAFOOD & GRILL","3157 CURLEW RD","OLDSMAR","34677","3738648","1","Food","Routine - Food","Inspection Completed - No Further Action","07/16/2026","","","12","2","1","9","Y","1","1","0","0","0","1","0","1","0","1","0","1","0","2","0","0","0","0","0","0","0","2","0","0","0","0","0","0","0","0","0","0","1","0","0","1","0","0","0","0","0","0","0","0","0","0","0","0","0","0","0","0","0","0","0","0","0","0","9142728","13777147"
"D3","62","Pinellas","2010","6218630","45 SPORTS BAR & LOUNGE ","1409 CLEVELAND ST","CLEARWATER","33755","3602857","2","Food","Routine - Food","Call Back - Admin. complaint recommended","07/15/2026","","","2","0","2","0","Y","0","0","0","0","0","0","0","0","0","0","0","0","0","0","0","0","0","0","0","0","0","0","0","0","0","0","0","0","0","0","0","0","0","0","0","0","0","0","0","0","0","0","0","0","0","0","0","0","0","0","0","0","2","0","0","0","0","0","8920389","13685470"
"D3","62","Pinellas","2010","6218636","WAFFLES DREAM","1438  GULF TO BAY BLVD ","CLEARWATER","33755","3738470","1","Food","Routine - Food","Inspection Completed - No Further Action","07/10/2026","","","9","4","3","2","Y","1","0","1","0","1","0","0","2","0","0","0","0","0","0","0","0","0","0","0","0","0","0","0","0","0","0","1","0","0","0","1","0","0","0","0","0","0","0","0","1","1","0","0","0","0","0","0","0","0","0","0","0","0","0","0","0","0","0","9163918","13776965"
"D3","62","Pinellas","2010","6218647","JANA'S CAFE","120 COMMERCE BLVD STE 1","OLDSMAR","34677","3738704","1","Food","Routine - Food","Warning Issued","07/27/2026","","","4","2","1","1","Y","1","1","1","0","0","0","0","0","0","0","0","0","0","0","0","0","0","0","0","0","0","0","0","0","0","0","0","0","0","0","0","0","0","0","0","0","0","0","0","0","0","0","0","0","0","0","0","0","0","0","0","0","1","0","0","0","0","0","9245496","13777204"
"D3","62","Pinellas","2010","6218647","JANA'S CAFE","120 COMMERCE BLVD STE 1","OLDSMAR","34677","3738704","2","Food","Routine - Food","Call Back - Admin. complaint recommended","07/28/2026","","","3","2","1","0","Y","1","0","1","0","0","0","0","0","0","0","0","0","0","0","0","0","0","0","0","0","0","0","0","0","0","0","0","0","0","0","0","0","0","0","0","0","0","0","0","0","0","0","0","0","0","0","0","0","0","0","0","0","1","0","0","0","0","0","9245496","13860445"
"D3","62","Pinellas","2010","6218647","JANA'S CAFE","120 COMMERCE BLVD STE 1","OLDSMAR","34677","3738704","3","Food","Routine - Food","Call Back - Extension given, pending","07/29/2026","","","1","0","1","0","Y","0","0","0","0","0","0","0","0","0","0","0","0","0","0","0","0","0","0","0","0","0","0","0","0","0","0","0","0","0","0","0","0","0","0","0","0","0","0","0","0","0","0","0","0","0","0","0","0","0","0","0","0","1","0","0","0","0","0","9245496","13862207"
"D3","62","Pinellas","2010","6218661","THE GREEKS OF TARPON SPRINGS","128 N PINELLAS AVE STE B","TARPON SPRINGS","34689","3725561","1","Food","Routine - Food","Inspection Completed - No Further Action","07/07/2026","","","2","0","0","2","Y","0","0","0","0","0","0","0","0","0","0","0","0","0","0","0","0","0","0","0","0","1","0","0","0","0","0","0","0","0","0","0","1","0","0","0","0","0","0","0","0","0","0","0","0","0","0","0","0","0","0","0","0","0","0","0","0","0","0","9167813","13764054"
"D3","62","Pinellas","2010","6218661","THE GREEKS OF TARPON SPRINGS","128 N PINELLAS AVE STE B","TARPON SPRINGS","34689","3755951","1","Food","Complaint Full","Warning Issued","07/22/2026","","","8","2","1","5","Y","1","0","1","0","1","0","0","0","0","0","0","0","0","1","0","0","0","0","0","0","0","0","0","1","0","0","0","0","0","0","1","1","0","0","0","0","0","0","0","0","0","0","0","0","0","0","0","0","0","0","0","0","0","0","1","0","0","0","9167813","13841806"
"D3","62","Pinellas","2010","6218662","THE ACADEMY OF CREAM LLC","1412 PINEHURST RD","DUNEDIN","34698","3761962","2","Food","Food-Licensing Inspection","Call Back - Complied","07/30/2026","","","0","0","0","0","Y","0","0","0","0","0","0","0","0","0","0","0","0","0","0","0","0","0","0","0","0","0","0","0","0","0","0","0","0","0","0","0","0","0","0","0","0","0","0","0","0","0","0","0","0","0","0","0","0","0","0","0","0","0","0","0","0","0","0","10030447","13861678"
"D3","62","Pinellas","2010","6218666","JAMADI CORP","2152  DREW ST ","CLEARWATER","33765","3606597","3","Food","Routine - Food","Call Back - Complied","07/08/2026","","","0","0","0","0","Y","0","0","0","0","0","0","0","0","0","0","0","0","0","0","0","0","0","0","0","0","0","0","0","0","0","0","0","0","0","0","0","0","0","0","0","0","0","0","0","0","0","0","0","0","0","0","0","0","0","0","0","0","0","0","0","0","0","0","9253738","13703704"
"D3","62","Pinellas","2010","6218680","THE IRONS CLUB","2140 CENTRAL AVE","SAINT PETERSBURG","33712","3713081","1","Food","Routine - Food","Inspection Completed - No Further Action","07/17/2026","","","5","2","1","2","Y","1","0","0","0","1","0","0","1","0","0","0","0","0","0","0","1","0","0","0","0","0","1","0","0","0","0","0","0","0","0","0","0","0","0","0","0","0","0","0","0","0","0","0","0","0","0","0","0","0","0","0","0","0","0","0","0","0","0","9140766","13751574"
"D3","62","Pinellas","2010","6218681","NIKO'S GRILL HOUSE","614 ATHENS ST","TARPON SPRINGS","34689","3738777","1","Food","Routine - Food","Warning Issued","07/28/2026","","","4","1","2","1","Y","0","0","0","0","0","0","0","1","0","0","0","0","0","0","0","0","0","0","0","0","0","1","0","0","0","0","0","0","0","0","1","0","0","0","0","0","0","0","0","0","0","0","0","0","0","0","0","0","0","0","0","0","1","0","0","0","0","0","9239466","13777278"
"D3","62","Pinellas","2010","6218683","SWEETGREEN","1114 CENTRAL AVE","ST. PETERSBURG","33705","3701242","1","Food","Complaint Full","Inspection Completed - No Further Action","07/09/2026","","","4","0","1","3","Y","0","0","0","0","0","0","0","0","0","0","0","0","0","0","0","0","0","0","0","0","0","2","0","1","0","0","0","0","0","0","0","0","0","0","0","1","0","0","0","0","0","0","0","0","0","0","0","0","0","0","0","0","0","0","0","0","0","0","9397071","13723503"
"D3","62","Pinellas","2010","6218690","PAGODA","1550 66 ST N","ST. PETERSBURG","33710","3712725","1","Food","Routine - Food","Inspection Completed - No Further Action","07/31/2026","","","2","0","1","1","Y","0","0","0","0","0","0","0","0","0","0","0","0","0","0","0","1","0","0","0","0","0","0","0","0","0","0","0","0","0","0","1","0","0","0","0","0","0","0","0","0","0","0","0","0","0","0","0","0","0","0","0","0","0","0","0","0","0","0","9192946","13751218"
"D3","62","Pinellas","2010","6218692","BAD ASS COFFEE OF HAWAII","505 S GULFVIEW BLVD","CLEARWATER","33767","3706471","1","Food","Routine - Food","Inspection Completed - No Further Action","07/24/2026","","","1","0","0","1","Y","0","0","0","0","0","0","0","0","0","0","0","1","0","0","0","0","0","0","0","0","0","0","0","0","0","0","0","0","0","0","0","0","0","0","0","0","0","0","0","0","0","0","0","0","0","0","0","0","0","0","0","0","0","0","0","0","0","0","9276838","13744956"
"D3","62","Pinellas","2010","6218694","PERRY'S PORCH","335 2 AVE NE","ST PETERSBURG","33701","3755805","1","Food","Complaint Full","Administrative complaint recommended","07/20/2026","","","24","8","2","14","Y","2","0","2","0","0","0","0","1","0","3","0","3","0","2","0","0","0","0","0","0","3","3","1","1","0","0","0","0","0","0","1","0","0","0","1","0","0","0","0","1","0","0","0","0","1","0","0","0","0","0","0","0","0","0","0","0","0","0","9405725","13821264"
"D3","62","Pinellas","2010","6218694","PERRY'S PORCH","335 2 AVE NE","ST PETERSBURG","33701","3755805","2","Food","Complaint Full","Call Back - Complied","07/21/2026","","","3","0","1","2","Y","0","0","0","0","0","0","0","0","0","0","0","0","0","1","0","0","0","0","0","0","1","1","0","0","0","0","0","0","0","0","0","0","0","0","0","0","0","0","0","0","0","0","0","0","1","0","0","0","0","0","0","0","0","0","0","0","0","0","9405725","13852714"
"D3","62","Pinellas","2010","6218708","DUNKIN 359045","2641 US ALTERNATE 19","PALM HARBOR","34683","3726139","1","Food","Routine - Food","Inspection Completed - No Further Action","07/20/2026","","","5","1","1","3","Y","0","1","0","0","0","0","0","0","0","0","0","1","1","1","0","0","0","0","0","0","0","1","0","0","0","0","0","0","0","0","0","0","0","0","0","0","0","0","0","0","0","0","0","0","0","0","0","0","0","0","0","0","0","0","0","0","0","0","9013009","13764632"
"D3","62","Pinellas","2010","6218713","UNCORKED WINE BAR","35136 US HWY 19 N","PALM HARBOR","34684","3626616","2","Food","Routine - Food","Call Back - Complied","07/08/2026","","","0","0","0","0","Y","0","0","0","0","0","0","0","0","0","0","0","0","0","0","0","0","0","0","0","0","0","0","0","0","0","0","0","0","0","0","0","0","0","0","0","0","0","0","0","0","0","0","0","0","0","0","0","0","0","0","0","0","0","0","0","0","0","0","9069955","13690389"
"D3","62","Pinellas","2010","6218730","RUDYS FOOD AND MARKET","1698 CLEARWATER LARGO RD","CLEARWATER","33756","3606586","2","Food","Routine - Food","Call Back - Complied","07/29/2026","","","3","0","1","2","Y","0","0","0","0","0","0","0","0","0","0","0","0","0","1","0","0","0","0","0","0","0","1","0","0","0","0","0","0","0","0","0","0","0","0","0","1","0","0","0","0","0","0","0","0","1","0","0","0","0","0","0","0","0","0","0","0","0","0","9343224","13692306"
"D3","62","Pinellas","2010","6218736","SOUTHEAST BOTANICALS","1661 W BAY DR STE B","LARGO","33770","3608980","2","Food","Routine - Food","Call Back - Admin. complaint recommended","07/20/2026","","","1","0","1","0","Y","0","0","0","0","0","0","0","0","0","0","0","0","0","0","0","0","0","0","0","0","0","0","0","0","0","0","0","0","0","0","0","0","0","0","0","0","0","0","0","0","0","0","0","0","0","0","0","0","0","0","0","0","1","0","0","0","0","0","9457108","13697962"
"D3","62","Pinellas","2010","6218739","STRACHANS ICE CREAM","4053 PARK BLVD N","PINELLAS PARK","33781","3732813","1","Food","Routine - Food","Warning Issued","07/24/2026","","","2","0","1","1","Y","0","0","0","0","0","0","0","0","0","0","0","0","0","0","0","0","0","0","0","0","0","0","0","0","0","0","0","0","0","0","0","0","0","0","0","1","0","0","0","0","0","0","0","0","0","0","0","0","0","0","1","0","0","0","0","0","0","0","9575747","13771306"
"D3","62","Pinellas","2010","6218747","BELLEAIR HIDEAWAY","560 INDIAN ROCKS RD N","BELLEAIR BLUFFS","33770","3684877","2","Food","Routine - Food","Call Back - Complied","07/23/2026","","","0","0","0","0","Y","0","0","0","0","0","0","0","0","0","0","0","0","0","0","0","0","0","0","0","0","0","0","0","0","0","0","0","0","0","0","0","0","0","0","0","0","0","0","0","0","0","0","0","0","0","0","0","0","0","0","0","0","0","0","0","0","0","0","9521078","13699189"
"D3","62","Pinellas","2010","6218768","RITA'S ITALIAN ICE AND FROZEN CUSTARD","2141 66 ST N","ST. PETERSBURG","33710","3713139","1","Food","Routine - Food","Warning Issued","07/01/2026","","","6","1","3","2","Y","0","1","0","0","0","0","0","0","0","0","1","0","0","1","0","0","0","0","0","0","1","1","0","0","0","0","0","0","0","0","0","0","0","0","0","0","0","0","0","0","0","0","0","0","0","0","0","0","0","0","0","0","1","0","0","0","0","0","9394916","13751632"
"D3","62","Pinellas","2010","6218768","RITA'S ITALIAN ICE AND FROZEN CUSTARD","2141 66 ST N","ST. PETERSBURG","33710","3713139","2","Food","Routine - Food","Call Back - Complied","07/22/2026","","","1","0","0","1","Y","0","0","0","0","0","0","0","0","0","0","0","0","0","1","0","0","0","0","0","0","0","0","0","0","0","0","0","0","0","0","0","0","0","0","0","0","0","0","0","0","0","0","0","0","0","0","0","0","0","0","0","0","0","0","0","0","0","0","9394916","13819991"
"D3","62","Pinellas","2010","6218769","ZAGARA","3001 22 AVE N","ST. PETERSBURG","33713","3754393","1","Food","Routine - Food","Inspection Completed - No Further Action","07/15/2026","","","5","2","2","1","Y","0","0","0","0","0","0","0","1","0","1","0","0","0","0","0","0","0","0","0","0","0","0","0","0","0","0","0","0","0","0","1","0","0","0","0","0","0","0","0","0","0","0","0","0","0","0","0","0","0","1","0","0","1","0","0","0","0","0","9645037","13792895"
"D3","62","Pinellas","2010","6218770","THE VIOLET STONE","2607 9 ST N","ST PETERSBURG","33704","3761972","1","Food","Complaint Full","Warning Issued","07/30/2026","","","21","4","5","12","Y","0","1","1","0","0","0","0","2","0","3","0","2","0","1","0","2","0","0","0","0","0","1","0","1","1","0","0","0","0","0","2","0","0","0","1","0","0","0","0","0","1","0","0","0","0","0","0","0","0","0","1","0","1","0","0","0","0","0","9655160","13862308"
"D3","62","Pinellas","2010","6218771","FRUIT FLOAT CAFE","13050 GULF BLVD ","MADEIRA BEACH","33708","3698658","1","Food","Complaint Full","Warning Issued","07/10/2026","","","7","4","2","1","Y","0","0","0","0","0","0","0","1","0","0","0","0","0","1","0","1","0","0","0","0","0","0","0","0","0","0","0","0","1","0","0","0","0","0","1","0","0","0","0","0","0","0","0","0","0","0","0","0","0","1","0","0","1","0","0","0","0","0","9529864","13702627"
"D3","62","Pinellas","2010","6218775","JIN POKE","9348 OAKHURST RD","SEMINOLE","33776","3752374","1","Food","Routine - Food","Inspection Completed - No Further Action","07/10/2026","","","1","0","0","1","Y","0","0","0","0","0","0","0","0","0","1","0","0","0","0","0","0","0","0","0","0","0","0","0","0","0","0","0","0","0","0","0","0","0","0","0","0","0","0","0","0","0","0","0","0","0","0","0","0","0","0","0","0","0","0","0","0","0","0","9663114","13790876"
"D3","62","Pinellas","2010","6218778","THE DISTRICT BISTRO","412 CLEVELAND ST","CLEARWATER","33755","3739607","1","Food","Routine - Food","Warning Issued","07/16/2026","","","5","2","1","2","Y","1","0","0","0","0","1","0","0","0","1","1","0","0","0","0","0","0","0","0","0","0","1","0","0","0","0","0","0","0","0","0","0","0","0","0","0","0","0","0","0","0","0","0","0","0","0","0","0","0","0","0","0","0","0","0","0","0","0","9661809","13778109"
"D3","62","Pinellas","2010","6218778","THE DISTRICT BISTRO","412 CLEVELAND ST","CLEARWATER","33755","3739607","2","Food","Routine - Food","Call Back - Complied","07/27/2026","","","0","0","0","0","Y","0","0","0","0","0","0","0","0","0","0","0","0","0","0","0","0","0","0","0","0","0","0","0","0","0","0","0","0","0","0","0","0","0","0","0","0","0","0","0","0","0","0","0","0","0","0","0","0","0","0","0","0","0","0","0","0","0","0","9661809","13849798"
"D3","62","Pinellas","2010","6218807","Q SOUTHERN BBQ","3780 TAMPA RD C5/6","OLDSMAR","34677","3739453","1","Food","Routine - Food","Warning Issued","07/23/2026","","","3","1","1","1","Y","0","0","1","0","0","0","0","0","0","0","0","1","0","0","0","0","0","0","0","0","0","0","0","0","0","0","0","0","0","0","0","0","0","0","0","0","0","0","0","0","0","0","0","0","0","0","0","0","0","0","0","0","1","0","0","0","0","0","9648088","13777955"
"D3","62","Pinellas","2010","6218808","SHIPLEY DO-NUTS","4000 ULMERTON RD","CLEARWATER","33762","3732945","1","Food","Routine - Food","Inspection Completed - No Further Action","07/07/2026","","","4","1","2","1","Y","0","0","1","0","0","0","0","0","0","0","0","0","0","0","0","0","0","0","0","0","0","0","0","0","0","0","0","0","0","0","0","0","0","0","0","0","0","0","0","1","1","0","0","0","0","0","1","0","0","0","0","0","1","0","0","0","0","0","9705248","13771438"
"D3","62","Pinellas","2010","6218810","POINT CHAUD COFFEE & CREPES","6805 GULF BLVD","ST PETE BEACH","33706","3755292","1","Food","Routine - Food","Administrative complaint recommended","07/24/2026","","","15","2","8","5","Y","0","3","1","0","1","0","0","0","0","0","2","0","0","1","0","1","0","0","0","0","0","2","0","0","0","0","0","0","0","0","0","0","0","0","0","0","0","0","0","0","0","0","0","0","0","0","0","0","0","2","1","0","1","0","0","0","0","0","9661707","13793794"
"D3","62","Pinellas","2010","6218822","SALAD'S GALORE","990 BROADWAY UNIT 112","DUNEDIN","34698","3746012","1","Food","Routine - Food","Warning Issued","07/22/2026","","","2","0","1","1","Y","0","0","0","0","0","0","0","0","0","0","0","0","0","1","0","0","0","0","0","0","0","0","0","0","0","0","0","0","0","0","0","0","0","0","0","0","0","0","0","0","0","0","0","0","0","0","0","0","0","0","0","0","1","0","0","0","0","0","9808376","13784514"
"D3","62","Pinellas","2010","6218823","GALVINS GOODIES","990 BROADWAY UNIT 110","DUNEDIN","34698","3746240","1","Food","Routine - Food","Warning Issued","07/22/2026","","","2","0","1","1","Y","0","0","0","0","0","0","0","0","0","0","0","0","0","1","0","0","0","0","0","0","0","0","0","0","0","0","0","0","0","0","0","0","0","0","0","0","0","0","0","0","0","0","0","0","0","0","0","0","0","0","0","0","1","0","0","0","0","0","9808379","13784742"
"D3","62","Pinellas","2010","6218827","TACOS EL CARNAL LA CASA DEL TACO","1310 CLEVELAND ST","CLEARWATER","33755","3713680","1","Food","Routine - Food","Inspection Completed - No Further Action","07/08/2026","","","3","1","1","1","Y","0","0","0","0","0","0","0","1","0","0","0","0","0","0","0","0","0","0","0","0","0","0","0","0","0","0","0","0","0","0","0","0","0","0","0","0","0","0","0","1","1","0","0","0","0","1","0","0","0","0","0","0","0","0","0","0","0","0","9805101","13752173"
"D3","62","Pinellas","2010","6218835","JIMMYS TACOS STP","2534 CENTRAL AVE","ST PETERSBURG","33712","3707109","1","Food","Routine - Food","Inspection Completed - No Further Action","07/29/2026","","","14","4","4","6","Y","0","0","1","0","1","0","0","2","0","1","1","0","0","0","0","2","0","0","0","0","1","0","0","0","0","0","0","0","0","0","1","0","0","0","2","0","0","0","0","0","1","0","0","0","0","0","0","0","0","0","1","0","0","0","0","0","0","0","9695030","13745597"
"D3","62","Pinellas","2010","6218837","HIBACHI EXPRESS","3605 49 ST N","ST. PETERSBURG","33710","3745949","1","Food","Routine - Food","Inspection Completed - No Further Action","07/10/2026","","","15","4","4","7","Y","1","0","2","0","0","2","0","2","0","0","0","0","0","0","0","0","0","0","0","0","2","1","0","1","0","0","0","0","0","0","2","0","0","0","0","0","0","0","0","0","1","0","0","0","0","0","0","0","0","1","0","0","0","0","0","0","0","0","9831548","13784451"
"D3","62","Pinellas","2010","6218838","SODOUGH SQUARE","6925 4 ST N","ST. PETE","33702","3733141","1","Food","Routine - Food","Warning Issued","07/08/2026","","","6","1","3","2","Y","0","0","0","0","0","0","0","1","0","0","0","0","0","0","0","1","0","0","0","0","0","0","0","0","0","0","0","0","0","0","0","0","0","0","0","0","0","0","0","0","2","0","0","0","0","0","0","0","0","0","0","0","2","0","0","0","0","0","9837970","13771634"
"D3","62","Pinellas","2010","6218838","SODOUGH SQUARE","6925 4 ST N","ST. PETE","33702","3733141","2","Food","Routine - Food","Call Back - Complied","07/08/2026","","","5","1","2","2","Y","0","0","0","0","0","0","0","1","0","0","0","0","0","0","0","1","0","0","0","0","0","0","0","0","0","0","0","0","0","0","0","0","0","0","0","0","0","0","0","0","2","0","0","0","0","0","0","0","0","0","0","0","1","0","0","0","0","0","9837970","13841473"
"D3","62","Pinellas","2010","6218847","FUSILLO PASTA","905 CENTRAL AVE","ST. PETERSBURG","33705","3720465","1","Food","Routine - Food","Warning Issued","07/24/2026","","","14","5","4","5","Y","0","0","3","0","1","0","0","2","0","0","1","1","0","1","0","0","0","0","0","0","0","1","0","0","0","0","0","0","0","0","0","0","0","0","1","0","0","0","0","0","1","0","0","0","0","0","0","0","0","0","1","0","1","0","0","0","0","0","9867837","13758958"
"D3","62","Pinellas","2010","6218848","PHO HOUSE CAFE","7870 US HWY 19 N","PINELLAS PARK","33781","3752899","1","Food","Routine - Food","Administrative complaint recommended","07/14/2026","","","6","2","2","2","Y","0","0","1","0","0","0","0","1","0","0","0","0","0","0","0","0","0","0","0","0","1","1","0","0","0","0","0","0","0","0","2","0","0","0","0","0","0","0","0","0","0","0","0","0","0","0","0","0","0","0","0","0","0","0","0","0","0","0","9875397","13791401"
"D3","62","Pinellas","2010","6218884","BEVERLY'S ICE CREAM","311 GULF BLVD STE 4","INDIAN ROCKS BEACH","33785","3739571","1","Food","Routine - Food","Inspection Completed - No Further Action","07/22/2026","","","1","0","0","1","Y","0","0","0","0","0","0","0","0","0","0","0","0","0","0","0","0","0","0","0","0","1","0","0","0","0","0","0","0","0","0","0","0","0","0","0","0","0","0","0","0","0","0","0","0","0","0","0","0","0","0","0","0","0","0","0","0","0","0","9695479","13778073"
"D3","62","Pinellas","2010","6218904","SUBWAY","1425 MAIN ST UNIT C","DUNEDIN","34698","3746486","1","Food","Routine - Food","Inspection Completed - No Further Action","07/24/2026","","","10","1","3","6","Y","0","0","0","0","0","0","0","0","0","0","1","1","1","1","0","0","0","0","0","0","0","0","0","0","0","0","0","0","0","0","2","0","0","0","0","1","0","0","0","0","0","0","0","0","0","0","0","0","0","1","2","0","0","0","0","0","0","0","9937829","13784988"
"D3","62","Pinellas","2010","6218922","MARINA GRILLE","411 E SHORE DR","CLEARWATER BEACH","33767","3700225","1","Food","Food-Licensing Inspection","Inspection Completed - No Further Action","07/01/2026","","","5","0","4","1","Y","0","0","0","0","1","0","0","0","0","0","0","0","0","1","0","1","0","0","0","0","0","0","0","0","0","0","0","0","0","0","2","0","0","0","0","0","0","0","0","0","0","0","0","0","0","0","0","0","0","0","0","0","0","0","0","0","0","0","9976655","13715906"
"D3","62","Pinellas","2010","6218923","APPLEBEE'S NEIGHBORHOOD GRILL & BAR","2050 E HIGHWAY 50","CLERMONT","34711","3755942","1","Food","Food-Licensing Inspection","Inspection Completed - No Further Action","07/20/2026","","","9","0","2","7","Y","0","0","0","0","0","0","0","1","0","0","0","0","0","0","0","2","0","0","0","0","0","1","1","0","0","0","0","0","2","0","0","0","0","0","0","2","0","0","0","0","0","0","0","0","0","0","0","0","0","0","0","0","0","0","0","0","0","0","10006971","13841748"
"D3","62","Pinellas","2010","6218924","BOTECO BOSSA NOVA","6195 PARK BLVD N","PINELLAS PARK","33781","3699547","1","Food","Food-Licensing Inspection","Inspection Completed - No Further Action","07/09/2026","","","0","0","0","0","Y","0","0","0","0","0","0","0","0","0","0","0","0","0","0","0","0","0","0","0","0","0","0","0","0","0","0","0","0","0","0","0","0","0","0","0","0","0","0","0","0","0","0","0","0","0","0","0","0","0","0","0","0","0","0","0","0","0","0","9974099","13710154"
"D3","62","Pinellas","2010","6218926","GOLFOLOGY","2400 5 AVE S","ST PETERSBURG","33712","3699401","1","Food","Food-Licensing Inspection","Inspection Completed - No Further Action","07/14/2026","","","4","0","3","1","Y","0","0","0","0","1","0","0","0","0","0","0","0","0","0","0","1","0","0","0","0","0","0","0","0","0","0","0","0","0","0","2","0","0","0","0","0","0","0","0","0","0","0","0","0","0","0","0","0","0","0","0","0","0","0","0","0","0","0","9975566","13709133"
"D3","62","Pinellas","2010","6218927","PRETZEL EMPIRE (PATION DECK KIOSK)","735 DODECANESE BLVD","TARPON SPRINGS","34689","3700456","1","Food","Food-Licensing Inspection","Inspection Completed - No Further Action","07/14/2026","","","1","0","1","0","Y","0","0","0","0","0","0","0","0","0","0","0","0","0","0","0","0","0","0","0","0","0","0","0","0","0","0","0","0","0","0","1","0","0","0","0","0","0","0","0","0","0","0","0","0","0","0","0","0","0","0","0","0","0","0","0","0","0","0","9984201","13717981"
"D3","62","Pinellas","2010","6218929","CHIPOTLE MEXICAN GRILL","3335 ULMERTON RD","CLEARWATER","33762","3656347","1","Food","Food-Licensing Inspection","Inspection Completed - No Further Action","07/22/2026","","","0","0","0","0","Y","0","0","0","0","0","0","0","0","0","0","0","0","0","0","0","0","0","0","0","0","0","0","0","0","0","0","0","0","0","0","0","0","0","0","0","0","0","0","0","0","0","0","0","0","0","0","0","0","0","0","0","0","0","0","0","0","0","0","9672752","13490428"
"D3","62","Pinellas","2010","6218930","NUBO","420 CLEVELAND ST","CLEARWATER","33755","3759599","1","Food","Food-Licensing Inspection","Inspection Completed - No Further Action","07/27/2026","","","4","1","0","3","Y","0","0","0","0","0","0","0","0","0","0","0","0","0","1","0","0","0","0","0","0","0","0","0","0","0","0","0","0","1","0","0","1","0","0","0","0","0","0","0","1","0","0","0","0","0","0","0","0","0","0","0","0","0","0","0","0","0","0","10028269","13853520"
"D3","62","Pinellas","2010","6218931","LIN POKE","1563 S HIGHLAND AVE","CLEARWATER","33756","3689046","1","Food","Food-Licensing Inspection","Inspection Completed - No Further Action","07/29/2026","","","0","0","0","0","Y","0","0","0","0","0","0","0","0","0","0","0","0","0","0","0","0","0","0","0","0","0","0","0","0","0","0","0","0","0","0","0","0","0","0","0","0","0","0","0","0","0","0","0","0","0","0","0","0","0","0","0","0","0","0","0","0","0","0","9836932","13609856"
"D3","62","Pinellas","2010","6218932","QUAN NGOT NGAD LLC","11141 US 19 N UNIT 120 A1-2","CLEARWATER","33764","3762384","1","Food","Food-Licensing Inspection","Inspection Completed - No Further Action","07/30/2026","","","0","0","0","0","Y","0","0","0","0","0","0","0","0","0","0","0","0","0","0","0","0","0","0","0","0","0","0","0","0","0","0","0","0","0","0","0","0","0","0","0","0","0","0","0","0","0","0","0","0","0","0","0","0","0","0","0","0","0","0","0","0","0","0","10005531","13863089"
"D3","62","Pinellas","2010","6218933","LV SEAFOOD","11141 US 19 N BOOTH I5","CLEARWATER","33764","3762387","1","Food","Food-Licensing Inspection","Inspection Completed - No Further Action","07/30/2026","","","0","0","0","0","Y","0","0","0","0","0","0","0","0","0","0","0","0","0","0","0","0","0","0","0","0","0","0","0","0","0","0","0","0","0","0","0","0","0","0","0","0","0","0","0","0","0","0","0","0","0","0","0","0","0","0","0","0","0","0","0","0","0","0","10019116","13863096"
"D3","62","Pinellas","2010","6218934","OC 67 SEAFOOD","11141 US 19 N UNIT 120 BOOTH J#1","CLEARWATER","33764","3762389","1","Food","Food-Licensing Inspection","Inspection Completed - No Further Action","07/30/2026","","","0","0","0","0","Y","0","0","0","0","0","0","0","0","0","0","0","0","0","0","0","0","0","0","0","0","0","0","0","0","0","0","0","0","0","0","0","0","0","0","0","0","0","0","0","0","0","0","0","0","0","0","0","0","0","0","0","0","0","0","0","0","0","0","10026593","13863098"
"D3","62","Pinellas","2013","6215835","LIBRARY PREP KITCHEN","600 5 ST S","ST. PETERSBURG","33701","1133882","3","Food","Routine - Food","Call Back - Extension given, pending","07/23/2026","","","2","0","1","1","Y","0","0","2","0","0","0","0","0","0","0","0","0","0","0","0","0","0","0","0","0","0","0","0","0","0","0","0","0","0","0","0","0","0","0","0","0","0","0","0","0","0","0","0","0","0","0","0","0","0","0","0","0","0","0","0","0","0","0","6968317","13718601"
"D3","62","Pinellas","2013","6216006","SIMPLE DELIGHTS CATERING & DESSRTS, INC.","1245 18 AVE S","ST. PETERSBURG","33705","1136290","1","Food","Routine - Food","Inspection Completed - No Further Action","07/15/2026","","","0","0","0","0","Y","0","0","0","0","0","0","0","0","0","0","0","0","0","0","0","0","0","0","0","0","0","0","0","0","0","0","0","0","0","0","0","0","0","0","0","0","0","0","0","0","0","0","0","0","0","0","0","0","0","0","0","0","0","0","0","0","0","0","9120165","13739613"
"D3","62","Pinellas","2014","6252595","BAYBORO BREWING COMPANY","2390 5 AVE S","ST. PETERSBURG","33712","1334664","1","Food","Food-Licensing Inspection","Inspection Completed - No Further Action","07/01/2026","","","4","1","2","1","Y","0","0","0","0","0","0","0","1","0","0","0","0","0","0","0","0","0","0","0","0","0","1","0","0","0","0","0","0","0","0","1","0","0","0","0","0","0","0","0","0","0","0","0","0","0","0","0","0","0","0","0","0","1","0","0","0","0","0","8679048","13713678"
"D3","62","Pinellas","2014","6252638","PIPOS CUBAN CAFE","1990 W BAY DR","LARGO","33770","1346740","1","Food","Complaint Full","Inspection Completed - No Further Action","07/14/2026","","","1","0","1","0","Y","0","0","0","0","0","0","0","0","0","0","0","0","0","0","0","0","0","0","0","0","0","0","0","0","0","0","0","0","0","0","1","0","0","0","0","0","0","0","0","0","0","0","0","0","0","0","0","0","0","0","0","0","0","0","0","0","0","0","8905163","13841520"
"D3","62","Pinellas","2014","6252646","TRES PALMAS LATIN GRILL","3877 ULMERTON RD","CLEARWATER","33762","1338559","1","Food","Routine - Food","Inspection Completed - No Further Action","07/08/2026","","","3","1","2","0","Y","0","1","0","0","0","0","0","0","0","0","0","1","0","0","0","0","0","0","0","0","0","0","0","0","0","0","0","0","0","0","1","0","0","0","0","0","0","0","0","0","0","0","0","0","0","0","0","0","0","0","0","0","0","0","0","0","0","0","8911653","13730102"
"D3","62","Pinellas","2014","6252647","JA ISLAND SPICE MINI RESTAURANT","9743 W HILLSBOROUGH ","TAMPA","33615","1337799","1","Food","Routine - Food","Administrative complaint recommended","07/16/2026","","","5","3","1","1","Y","1","0","2","0","0","0","0","1","0","0","0","0","0","0","0","0","0","0","0","0","0","0","0","0","0","0","0","0","0","0","1","0","0","0","0","0","0","0","0","0","0","0","0","0","0","0","0","0","0","0","0","0","0","0","0","0","0","0","8886286","13729341"
"D3","62","Pinellas","2014","6252676","355 COFFEE","7420 49TH ST N","PINELLAS PARK","33781","1344664","1","Food","Routine - Food","Inspection Completed - No Further Action","07/30/2026","","","0","0","0","0","Y","0","0","0","0","0","0","0","0","0","0","0","0","0","0","0","0","0","0","0","0","0","0","0","0","0","0","0","0","0","0","0","0","0","0","0","0","0","0","0","0","0","0","0","0","0","0","0","0","0","0","0","0","0","0","0","0","0","0","9013559","13736208"
"D3","62","Pinellas","2014","6252772","ERIS TAQUERIA","10801 GULF BLVD","TREASURE ISLAND","33706","1347079","1","Food","Complaint Full","Warning Issued","07/23/2026","","","13","2","8","3","Y","0","1","1","0","1","0","0","0","0","0","1","1","0","1","0","0","0","0","0","0","0","1","0","0","0","0","0","0","2","0","1","0","0","0","0","0","0","0","0","0","0","0","0","0","0","0","0","0","0","0","1","0","2","0","0","0","0","0","9407189","13852796"
"D3","62","Pinellas","2014","6252820","RISING SUN TACOS","7097 30 AVE N","ST. PETERSBURG","33710","1336938","1","Food","Routine - Food","Inspection Completed - No Further Action","07/16/2026","","","4","0","2","2","Y","0","0","0","0","0","0","0","0","0","0","0","0","0","0","0","1","0","0","0","0","0","1","0","0","0","0","0","0","0","0","0","0","0","0","0","0","0","0","0","0","0","0","0","0","0","0","0","0","0","2","0","0","0","0","0","0","0","0","9281821","13728480"
"D3","62","Pinellas","2014","6252836","WORLD FAMOUS CHICKEN TERIYAKI","1 CAUSEWAY BLVD","DUNEDIN","34698","1320629","2","Food","Routine - Food","Call Back - Complied","07/09/2026","","","0","0","0","0","Y","0","0","0","0","0","0","0","0","0","0","0","0","0","0","0","0","0","0","0","0","0","0","0","0","0","0","0","0","0","0","0","0","0","0","0","0","0","0","0","0","0","0","0","0","0","0","0","0","0","0","0","0","0","0","0","0","0","0","9514573","13693918"
"D3","62","Pinellas","2014","6252884","THE PLAYGROUND","368 PATRICIA AVE","DUNEDIN","34698","1330815","2","Food","Routine - Food","Call Back - Complied","07/21/2026","","","1","0","0","1","Y","0","0","0","0","0","0","0","0","0","0","0","0","0","0","0","0","0","0","0","0","0","1","0","0","0","0","0","0","0","0","0","0","0","0","0","0","0","0","0","0","0","0","0","0","0","0","0","0","0","0","0","0","0","0","0","0","0","0","9757103","13698002"
"D3","62","Pinellas","2014","6252889","MESTIZOS CUISINE LLC","25778 US HWY 19 N","CLEARWATER","33763","1331264","2","Food","Routine - Food","Call Back - Complied","07/23/2026","","","0","0","0","0","Y","0","0","0","0","0","0","0","0","0","0","0","0","0","0","0","0","0","0","0","0","0","0","0","0","0","0","0","0","0","0","0","0","0","0","0","0","0","0","0","0","0","0","0","0","0","0","0","0","0","0","0","0","0","0","0","0","0","0","9785694","13699906"
"D3","62","Pinellas","2014","6252953","WACKY CREATIONS","2619 23 AVE N","ST. PETERSBURG","33713","1346720","1","Food","Food-Licensing Inspection","Inspection Completed - No Further Action","07/20/2026","","","0","0","0","0","Y","0","0","0","0","0","0","0","0","0","0","0","0","0","0","0","0","0","0","0","0","0","0","0","0","0","0","0","0","0","0","0","0","0","0","0","0","0","0","0","0","0","0","0","0","0","0","0","0","0","0","0","0","0","0","0","0","0","0","10015422","13820061"
"D3","62","Pinellas","2014","6252954","CRISPY AVENUE CATERING","2040 CENTRAL AVE","ST. PETERSBURG","33712","1334087","1","Food","Food-Licensing Inspection","Inspection Completed - No Further Action","07/01/2026","","","1","0","1","0","Y","0","0","0","0","0","0","0","0","0","0","0","0","0","0","0","0","0","0","0","0","0","0","0","0","0","0","0","0","0","0","1","0","0","0","0","0","0","0","0","0","0","0","0","0","0","0","0","0","0","0","0","0","0","0","0","0","0","0","9945224","13688578"
"D3","62","Pinellas","2014","6252955","MIAMI CHUNKY CONCH","1245 18TH AVE S","ST. PETERSBURG","33705","1346989","1","Food","Food-Licensing Inspection","Inspection Completed - No Further Action","07/17/2026","","","1","0","0","1","Y","0","0","0","0","0","0","0","0","0","0","0","0","0","0","0","0","0","0","0","0","0","1","0","0","0","0","0","0","0","0","0","0","0","0","0","0","0","0","0","0","0","0","0","0","0","0","0","0","0","0","0","0","0","0","0","0","0","0","10014546","13849072"
"D3","62","Pinellas","2014","6252956","KING POTATO","422 CLEVELAND ST","CLEARWATER","33755","1334782","1","Food","Food-Licensing Inspection","Inspection Completed - No Further Action","07/16/2026","","","0","0","0","0","Y","0","0","0","0","0","0","0","0","0","0","0","0","0","0","0","0","0","0","0","0","0","0","0","0","0","0","0","0","0","0","0","0","0","0","0","0","0","0","0","0","0","0","0","0","0","0","0","0","0","0","0","0","0","0","0","0","0","0","9987031","13718860"
"D3","62","Pinellas","2014","6252957","THE BLACK CAT CAFE","901 CURLEW RD","DUNEDIN","34698","1334633","1","Food","Food-Licensing Inspection","Inspection Completed - No Further Action","07/23/2026","","","3","0","2","1","Y","0","0","0","0","0","0","0","0","0","0","0","0","0","0","0","0","0","0","0","0","0","0","0","0","0","0","0","0","0","0","3","0","0","0","0","0","0","0","0","0","0","0","0","0","0","0","0","0","0","0","0","0","0","0","0","0","0","0","9982543","13712201"
"D3","62","Pinellas","2014","6252958","THE DRINK COASTAL","7097 30 AVE N","ST. PETERSBURG","33710","1333787","1","Food","Food-Licensing Inspection","Inspection Completed - No Further Action","07/27/2026","","","0","0","0","0","Y","0","0","0","0","0","0","0","0","0","0","0","0","0","0","0","0","0","0","0","0","0","0","0","0","0","0","0","0","0","0","0","0","0","0","0","0","0","0","0","0","0","0","0","0","0","0","0","0","0","0","0","0","0","0","0","0","0","0","9919761","13675416"
"D3","62","Pinellas","2014","6252959","CREPERIE DE FRANCE","1600 MISSOURI AVE N STE 170","LARGO","33770","1346983","1","Food","Food-Licensing Inspection","Inspection Completed - No Further Action","07/29/2026","","","0","0","0","0","Y","0","0","0","0","0","0","0","0","0","0","0","0","0","0","0","0","0","0","0","0","0","0","0","0","0","0","0","0","0","0","0","0","0","0","0","0","0","0","0","0","0","0","0","0","0","0","0","0","0","0","0","0","0","0","0","0","0","0","10013339","13849065"
"D3","62","Pinellas","2015","6200115","LARGO MEDICAL - 72164","201 14 ST SW","LARGO","33770","1116684","1","Food","Routine - Food","Inspection Completed - No Further Action","07/30/2026","","","1","0","0","1","Y","0","0","0","0","0","0","0","0","0","0","0","0","0","0","0","0","0","0","0","0","0","0","0","0","0","0","0","0","0","0","0","0","0","0","0","0","0","0","0","0","0","0","0","0","0","0","0","0","0","1","0","0","0","0","0","0","0","0","7371442","13725978"
"D3","62","Pinellas","2015","6200154","TYRONEMALL01","6901 22  AVE N","ST.PETERSBURG","33710","1116800","1","Food","Routine - Food","Inspection Completed - No Further Action","07/10/2026","","","0","0","0","0","Y","0","0","0","0","0","0","0","0","0","0","0","0","0","0","0","0","0","0","0","0","0","0","0","0","0","0","0","0","0","0","0","0","0","0","0","0","0","0","0","0","0","0","0","0","0","0","0","0","0","0","0","0","0","0","0","0","0","0","9640125","13726095"
"D3","62","Pinellas","2015","6200155","TYRONEMALL02","6901 22  AVE N","ST.PETERSBURG","33710","1116638","1","Food","Routine - Food","Inspection Completed - No Further Action","07/10/2026","","","0","0","0","0","Y","0","0","0","0","0","0","0","0","0","0","0","0","0","0","0","0","0","0","0","0","0","0","0","0","0","0","0","0","0","0","0","0","0","0","0","0","0","0","0","0","0","0","0","0","0","0","0","0","0","0","0","0","0","0","0","0","0","0","9640128","13725932"
"D3","62","Pinellas","2015","6200156","TYRONEMALL03","6901 22  AVE N","ST.PETERSBURG","33710","1117012","1","Food","Routine - Food","Inspection Completed - No Further Action","07/14/2026","","","0","0","0","0","Y","0","0","0","0","0","0","0","0","0","0","0","0","0","0","0","0","0","0","0","0","0","0","0","0","0","0","0","0","0","0","0","0","0","0","0","0","0","0","0","0","0","0","0","0","0","0","0","0","0","0","0","0","0","0","0","0","0","0","9640129","13726307"
"D3","62","Pinellas","2015","6200157","TYRONEMALL04","6901 22  AVE N","ST.PETERSBURG","33710","1116873","1","Food","Routine - Food","Inspection Completed - No Further Action","07/14/2026","","","0","0","0","0","Y","0","0","0","0","0","0","0","0","0","0","0","0","0","0","0","0","0","0","0","0","0","0","0","0","0","0","0","0","0","0","0","0","0","0","0","0","0","0","0","0","0","0","0","0","0","0","0","0","0","0","0","0","0","0","0","0","0","0","9640130","13726168"
"D3","62","Pinellas","2015","6200160","CLARION INN & SUITES","20967 US HWY 19 N","CLEARWATER","33765","1117149","1","Food","Routine - Food","Inspection Completed - No Further Action","07/21/2026","","","0","0","0","0","Y","0","0","0","0","0","0","0","0","0","0","0","0","0","0","0","0","0","0","0","0","0","0","0","0","0","0","0","0","0","0","0","0","0","0","0","0","0","0","0","0","0","0","0","0","0","0","0","0","0","0","0","0","0","0","0","0","0","0","9675059","13726444"
"D3","63","Polk","2010","6300249","CHURCH'S CHICKEN #413","215 W MEMORIAL BLVD","LAKELAND","33815","3762421","1","Food","Complaint Full","Inspection Completed - No Further Action","07/30/2026","","","3","1","0","2","Y","0","0","0","0","0","0","0","0","0","0","0","0","0","0","0","0","0","0","0","0","0","1","0","0","0","0","0","0","0","0","0","0","0","0","0","2","0","0","0","0","0","0","0","0","0","0","0","0","0","0","0","0","0","0","0","0","0","0","3998464","13863641"
"D3","63","Polk","2010","6301046","CLASSIC CATERERS","312 RIDGE MANOR DR","LAKE WALES","33853","3723384","1","Food","Routine - Food","Warning Issued","07/21/2026","","","1","0","1","0","Y","0","0","0","0","0","0","0","0","0","0","0","0","0","0","0","0","0","0","0","0","0","0","0","0","0","0","0","0","0","0","0","0","0","0","0","0","0","0","0","0","0","0","0","0","0","0","0","0","0","0","0","0","1","0","0","0","0","0","4165928","13761877"
"D3","63","Polk","2010","6301067","BLUE RIDGE GRILL","1037  N BROADWAY","BARTOW","33830","3756107","1","Food","Complaint Full","Inspection Completed - No Further Action","07/14/2026","","","11","1","4","6","Y","0","0","0","0","0","0","0","1","0","0","1","0","0","0","0","0","0","0","0","0","0","3","1","0","0","0","0","0","0","0","2","0","0","0","0","2","0","1","0","0","0","0","0","0","0","0","0","0","0","0","0","0","0","0","0","0","0","0","9188372","13843860"
"D3","63","Polk","2010","6301580","WENDY'S 593","3929 S. FLORIDA AVE","LAKELAND","33813","3751460","1","Food","Routine - Food","Inspection Completed - No Further Action","07/24/2026","","","2","0","0","2","Y","0","0","0","0","0","0","0","0","0","0","0","0","0","0","0","0","0","0","0","0","0","0","1","1","0","0","0","0","0","0","0","0","0","0","0","0","0","0","0","0","0","0","0","0","0","0","0","0","0","0","0","0","0","0","0","0","0","0","9239664","13789962"
"D3","63","Polk","2010","6301665","BURGER KING RESTAURANT #2078","205 CYPRESS GARDENS BLVD","WINTER HAVEN","33880","3755648","1","Food","Complaint Full","Inspection Completed - No Further Action","07/07/2026","","","2","0","0","2","Y","0","0","0","0","0","0","0","0","0","0","0","0","0","0","0","0","0","0","0","0","0","0","1","0","0","0","0","0","0","0","0","0","0","0","0","1","0","0","0","0","0","0","0","0","0","0","0","0","0","0","0","0","0","0","0","0","0","0","2867657","13819877"
"D3","63","Polk","2010","6302280","SHAKE SHOPPE (THE)","101 N MAIN ST","AUBURNDALE","33823","3734262","1","Food","Routine - Food","Inspection Completed - No Further Action","07/14/2026","","","2","0","0","2","Y","0","0","0","0","0","0","0","0","0","0","0","0","0","1","0","0","0","0","0","0","0","0","1","0","0","0","0","0","0","0","0","0","0","0","0","0","0","0","0","0","0","0","0","0","0","0","0","0","0","0","0","0","0","0","0","0","0","0","3919733","13772755"
"D3","63","Polk","2010","6302396","DON CRIOLLO BAKERY & RESTAURANT","2101 S COMBEE RD UNIT 24","LAKELAND","33801","3738940","1","Food","Routine - Food","Inspection Completed - No Further Action","07/24/2026","","","2","1","0","1","Y","0","0","0","0","0","0","0","0","0","1","0","0","0","1","0","0","0","0","0","0","0","0","0","0","0","0","0","0","0","0","0","0","0","0","0","0","0","0","0","0","0","0","0","0","0","0","0","0","0","0","0","0","0","0","0","0","0","0","9377170","13777441"
"D3","63","Polk","2010","6302864","DENNY'S 6824","4325 S FLORIDA AVE","LAKELAND","33813","3723177","1","Food","Routine - Food","Inspection Completed - No Further Action","07/21/2026","","","2","0","0","2","Y","0","0","0","0","0","0","0","0","0","0","0","0","0","0","0","0","0","0","0","0","0","1","1","0","0","0","0","0","0","0","0","0","0","0","0","0","0","0","0","0","0","0","0","0","0","0","0","0","0","0","0","0","0","0","0","0","0","0","7587469","13761670"
"D3","63","Polk","2010","6302965","KFC","5204 S FLORIDA AVE","LAKELAND","33813","3721459","1","Food","Routine - Food","Inspection Completed - No Further Action","07/16/2026","","","2","0","1","1","Y","0","0","0","0","0","0","0","0","0","0","0","0","0","1","0","0","0","0","0","0","0","0","0","0","0","0","0","0","0","0","0","0","0","0","0","1","0","0","0","0","0","0","0","0","0","0","0","0","0","0","0","0","0","0","0","0","0","0","4383820","13759952"
"D3","63","Polk","2010","6303055","ANDREA'S FAMILY RESTAURANT","1498 HAVENDALE BLVD","WINTER HAVEN","338815307","3760015","1","Food","Complaint Full","Inspection Completed - No Further Action","07/23/2026","","","7","0","1","6","Y","0","0","0","0","0","0","0","0","0","0","0","0","0","1","0","0","0","0","0","0","1","3","1","0","0","0","0","0","0","0","0","0","0","0","0","1","0","0","0","0","0","0","0","0","0","0","0","0","0","0","0","0","0","0","0","0","0","0","2241554","13854932"
"D3","63","Polk","2010","6303974","LA'S MIDWAY SALOON","2050 HWY 92 W","LAKE ALFRED","33850","3710248","1","Food","Routine - Food","Inspection Completed - No Further Action","07/23/2026","","","3","1","1","1","Y","0","0","0","0","0","0","0","1","0","0","0","0","0","0","0","0","0","0","0","0","0","0","1","0","0","0","0","0","0","0","0","0","0","0","0","0","0","0","0","0","0","0","0","0","0","0","0","0","0","0","0","0","1","0","0","0","0","0","7220337","13748741"
"D3","63","Polk","2010","6304072","POPEYES LOUISIANA KITCHEN OPERATED BY TICE","3815 FLORIDA AVE","LAKELAND","33813","3712532","1","Food","Routine - Food","Inspection Completed - No Further Action","07/21/2026","","","2","0","0","2","Y","0","0","0","0","0","0","0","0","0","0","0","0","0","1","0","0","0","0","0","0","0","0","0","0","0","0","0","0","0","0","0","0","0","0","0","0","0","0","0","0","0","0","0","0","0","0","0","0","0","1","0","0","0","0","0","0","0","0","9165762","13751025"
"D3","63","Polk","2010","6304123","STADIUM PIZZA & ITALIAN GRILL","1035 CR 540-A","LAKELAND","33813","3710297","1","Food","Routine - Food","Inspection Completed - No Further Action","07/15/2026","","","4","0","1","3","Y","0","1","0","0","0","0","0","0","0","0","0","0","0","1","0","0","0","0","0","0","0","0","1","0","0","0","0","0","0","0","0","0","0","0","0","1","0","0","0","0","0","0","0","0","0","0","0","0","0","0","0","0","0","0","0","0","0","0","4249957","13748790"
"D3","63","Polk","2010","6304169","LAVENDER N LACE","430 N LAKESHORE WAY","LAKE ALFRED","338502040","3747730","1","Food","Routine - Food","Inspection Completed - No Further Action","07/16/2026","","","4","0","1","3","Y","0","0","0","0","0","0","0","0","0","0","0","0","0","0","0","0","0","0","0","0","0","0","0","1","0","0","0","0","0","0","0","1","0","0","0","1","0","0","0","0","0","0","0","0","0","0","0","0","0","0","0","0","1","0","0","0","0","0","2241785","13786232"
"D3","63","Polk","2010","6304215","CHECKERS HAINES CITY","36114 N US HWY 27","HAINES CITY","33844","3755788","1","Food","Complaint Full","Inspection Completed - No Further Action","07/08/2026","","","1","0","0","1","Y","0","0","0","0","0","0","0","0","0","0","0","0","0","1","0","0","0","0","0","0","0","0","0","0","0","0","0","0","0","0","0","0","0","0","0","0","0","0","0","0","0","0","0","0","0","0","0","0","0","0","0","0","0","0","0","0","0","0","3751271","13821178"
"D3","63","Polk","2010","6304412","LAKE ALFRED DINER","185 S LAKE SHORE WAY","LAKE ALFRED","33850","3754760","1","Food","Routine - Food","Administrative complaint recommended","07/16/2026","","","4","1","0","3","Y","0","0","0","0","0","0","0","0","0","1","0","0","0","0","0","0","0","0","0","0","0","0","1","0","0","0","0","0","0","0","1","0","0","0","0","0","0","0","0","0","0","0","0","0","0","0","0","0","0","1","0","0","0","0","0","0","0","0","5478417","13793262"
"D3","63","Polk","2010","6304561","TACO BELL 2163","1799 SW 3 ST","WINTER HAVEN","338804319","3740439","1","Food","Routine - Food","Inspection Completed - No Further Action","07/28/2026","","","0","0","0","0","Y","0","0","0","0","0","0","0","0","0","0","0","0","0","0","0","0","0","0","0","0","0","0","0","0","0","0","0","0","0","0","0","0","0","0","0","0","0","0","0","0","0","0","0","0","0","0","0","0","0","0","0","0","0","0","0","0","0","0","2242026","13778941"
"D3","63","Polk","2010","6304619","SUBWAY #12487","28063 S U S HWY 27","DUNDEE","338384562","3746907","1","Food","Routine - Food","Inspection Completed - No Further Action","07/24/2026","","","2","0","1","1","Y","0","0","0","0","0","0","0","0","0","0","0","0","0","0","0","0","0","0","0","0","0","0","0","0","0","0","0","0","0","0","0","0","0","0","1","0","0","0","0","0","0","0","0","0","0","0","0","0","0","0","0","0","1","0","0","0","0","0","2242058","13785409"
"D3","63","Polk","2010","6304747","HUNGRY HOWIE'S PIZZA & SUBS","400 N CHARLESTON","FT MEADE","338412405","3715412","1","Food","Routine - Food","Inspection Completed - No Further Action","07/30/2026","","","3","0","0","3","Y","0","0","0","0","0","0","0","0","0","0","0","1","0","0","0","0","0","0","0","0","0","0","0","0","0","0","0","0","0","0","0","0","1","0","0","1","0","0","0","0","0","0","0","0","0","0","0","0","0","0","0","0","0","0","0","0","0","0","2242140","13753905"
"D3","63","Polk","2010","6304789","THE NEST","200 EAGLE RIDGE DR","DAVENPORT","33837","3697616","3","Food","Food-Licensing Inspection","Call Back - Admin. complaint recommended","07/07/2026","","","3","1","2","0","Y","0","0","0","0","0","0","0","0","0","0","0","0","0","0","0","1","0","0","0","0","0","0","0","0","0","0","0","0","0","0","0","0","0","0","0","0","0","0","0","0","0","0","0","0","0","0","0","0","0","1","1","0","0","0","0","0","0","0","9905891","13695395"
"D3","63","Polk","2010","6304817","TORTILLERIA LA MEXICANA #5","701 HINSON AVE","HAINES CITY","33844","3734097","1","Food","Routine - Food","Inspection Completed - No Further Action","07/27/2026","","","3","0","1","2","Y","0","0","0","0","0","0","0","0","0","0","1","0","0","0","0","1","0","0","0","0","0","0","0","0","0","0","0","0","0","0","0","0","0","0","0","0","0","0","0","0","0","0","0","0","0","0","0","0","0","0","1","0","0","0","0","0","0","0","2463245","13772590"
"D3","63","Polk","2010","6304824","TACO BELL #15937","1942 E HWY 60","LAKE WALES","33853","3729205","1","Food","Routine - Food","Inspection Completed - No Further Action","07/21/2026","","","2","0","0","2","Y","0","0","0","0","0","0","0","0","0","1","0","0","0","0","0","0","0","0","0","0","0","0","1","0","0","0","0","0","0","0","0","0","0","0","0","0","0","0","0","0","0","0","0","0","0","0","0","0","0","0","0","0","0","0","0","0","0","0","2242188","13767698"
"D3","63","Polk","2010","6304893","SUBWAY #13268","2834 RECKER HIGHWAY","WINTER HAVEN","33880","3734285","1","Food","Routine - Food","Inspection Completed - No Further Action","07/15/2026","","","2","0","0","2","Y","0","0","0","0","0","0","0","0","0","0","0","0","0","0","0","0","0","0","0","0","0","0","0","0","0","0","0","0","0","0","0","0","0","0","0","2","0","0","0","0","0","0","0","0","0","0","0","0","0","0","0","0","0","0","0","0","0","0","4031654","13772778"
"D3","63","Polk","2010","6305033","SUBWAY 13311","1382 HWY 60 E","LAKE WALES","33853","3716596","1","Food","Routine - Food","Inspection Completed - No Further Action","07/31/2026","","","2","0","0","2","Y","0","0","0","0","0","0","0","0","0","0","0","0","0","0","0","0","0","0","0","0","0","0","0","0","1","0","0","0","0","0","0","0","0","0","0","0","0","0","0","0","0","0","0","0","0","0","0","0","0","0","1","0","0","0","0","0","0","0","3753566","13755089"
"D3","63","Polk","2010","6305126","CHINA WOK","3800 US HIGHWAY 98 N","LAKELAND","33810","3745217","1","Food","Routine - Food","Inspection Completed - No Further Action","07/16/2026","","","5","0","3","2","Y","0","0","0","0","0","0","0","1","0","0","0","0","1","0","0","0","0","0","0","0","0","1","0","0","0","0","0","0","0","0","2","0","0","0","0","0","0","0","0","0","0","0","0","0","0","0","0","0","0","0","0","0","0","0","0","0","0","0","9288049","13783719"
"D3","63","Polk","2010","6305167","EGG FACTORY OF SOUTH LAKELAND","6960 S FLORIDA AVE","LAKELAND","33813","3739339","1","Food","Routine - Food","Inspection Completed - No Further Action","07/16/2026","","","4","0","2","2","Y","0","0","0","0","0","0","0","0","0","0","0","0","0","0","0","1","0","0","0","0","0","0","0","0","0","0","0","0","0","0","1","0","0","0","0","0","0","0","0","0","0","0","0","0","0","0","0","0","0","1","1","0","0","0","0","0","0","0","9554655","13777841"
"D3","63","Polk","2010","6305478","TACO BELL #18462","35995 HWY 27 N","HAINES CITY","33844","3748460","1","Food","Routine - Food","Inspection Completed - No Further Action","07/31/2026","","","1","0","0","1","Y","0","0","0","0","0","0","0","0","0","0","0","0","0","0","0","0","0","0","0","0","0","0","0","0","0","0","0","0","0","0","0","0","0","0","0","1","0","0","0","0","0","0","0","0","0","0","0","0","0","0","0","0","0","0","0","0","0","0","2242641","13786962"
"D3","63","Polk","2010","6305514","HUNGRY CRAB LLC","1551 3RD ST SW","WINTER HAVEN","33880","3701432","1","Food","Complaint Full","Inspection Completed - No Further Action","07/07/2026","","","6","2","2","2","Y","1","0","0","0","0","0","0","2","0","1","0","0","0","1","0","0","0","0","0","0","0","0","0","0","0","0","0","0","0","0","1","0","0","0","0","0","0","0","0","0","0","0","0","0","0","0","0","0","0","0","0","0","0","0","0","0","0","0","7371410","13725404"
"D3","63","Polk","2010","6305719","RED LOBSTER #6208","3706 US 98 N","LAKELAND","33809","3734819","1","Food","Routine - Food","Inspection Completed - No Further Action","07/31/2026","","","2","0","1","1","Y","0","0","0","0","0","0","0","0","0","0","0","0","0","0","0","0","0","0","0","0","0","0","0","0","0","0","0","0","0","0","0","0","0","0","0","1","0","0","0","0","0","0","0","0","0","0","0","0","0","0","0","0","1","0","0","0","0","0","5911589","13773312"
"D3","63","Polk","2010","6305731","SPICE THAI SUSHI","3895 S FLORIDA AVE","LAKELAND","33813","3708942","1","Food","Routine - Food","Warning Issued","07/08/2026","","","4","0","1","3","Y","0","0","0","0","0","0","0","0","0","0","0","0","0","1","0","0","0","0","0","0","0","1","0","0","0","0","0","0","0","0","0","0","1","0","0","0","0","0","0","0","0","0","0","0","0","0","0","0","0","0","0","0","1","0","0","0","0","0","5952839","13747435"
"D3","63","Polk","2010","6305762","APPLEBEE'S NEIGHBORHOOD GRILL & BAR","4835 FLORIDA AVE S","LAKELAND","33813","3755694","1","Food","Food-Licensing Inspection","Inspection Completed - No Further Action","07/09/2026","","","2","0","0","2","Y","0","0","0","0","0","0","0","0","0","0","0","0","0","0","0","1","0","0","0","0","0","0","0","0","0","0","0","0","0","0","0","0","1","0","0","0","0","0","0","0","0","0","0","0","0","0","0","0","0","0","0","0","0","0","0","0","0","0","10006614","13820051"
"D3","63","Polk","2010","6305785","CARRABBA'S ITALIAN GRILL","4829 S FLORIDA AVE","LAKELAND","33813","3701993","1","Food","Routine - Food","Inspection Completed - No Further Action","07/09/2026","","","2","0","0","2","Y","0","0","0","0","0","0","0","0","0","0","0","0","0","1","0","0","0","0","0","0","0","0","0","0","0","0","0","0","1","0","0","0","0","0","0","0","0","0","0","0","0","0","0","0","0","0","0","0","0","0","0","0","0","0","0","0","0","0","4046781","13740468"
"D3","63","Polk","2010","6305865","PAT'S TAVERN","618 N WABASH AVE","LAKELAND","33815","3702535","1","Food","Routine - Food","Inspection Completed - No Further Action","07/22/2026","","","1","0","1","0","Y","0","0","0","0","0","0","0","0","0","0","0","0","0","0","0","0","0","0","0","0","0","1","0","0","0","0","0","0","0","0","0","0","0","0","0","0","0","0","0","0","0","0","0","0","0","0","0","0","0","0","0","0","0","0","0","0","0","0","2243022","13741010"
"D3","63","Polk","2010","6305867","KFC","3630 US 98 N","LAKELAND","33809","3741115","1","Food","Routine - Food","Inspection Completed - No Further Action","07/31/2026","","","1","0","0","1","Y","0","0","0","0","0","0","0","0","0","0","0","0","0","0","0","0","0","0","0","0","0","0","1","0","0","0","0","0","0","0","0","0","0","0","0","0","0","0","0","0","0","0","0","0","0","0","0","0","0","0","0","0","0","0","0","0","0","0","4384017","13779617"
"D3","63","Polk","2010","6306407","POPEYES CHICKEN & BISCUITS#104","2550 US 98 N","LAKELAND","33805","3761970","1","Food","Complaint Full","Warning Issued","07/29/2026","","","3","0","2","1","Y","0","0","0","0","0","0","0","0","0","0","0","0","0","0","0","1","0","0","0","0","0","0","0","0","0","0","0","0","0","0","1","0","0","0","0","1","0","0","0","0","0","0","0","0","0","0","0","0","0","0","0","0","0","0","0","0","0","0","2243459","13862295"
"D3","63","Polk","2010","6306422","RUBY TUESDAY/2184","1710 N BROADWAY AVE","BARTOW","33830","3715167","1","Food","Routine - Food","Inspection Completed - No Further Action","07/15/2026","","","1","0","0","1","Y","0","0","0","0","0","0","0","0","0","0","0","0","0","0","0","0","0","0","0","0","0","0","0","0","0","0","0","0","0","0","0","0","0","0","0","1","0","0","0","0","0","0","0","0","0","0","0","0","0","0","0","0","0","0","0","0","0","0","2243474","13753660"
"D3","63","Polk","2010","6306462","DUKE'S BREWHOUSE","4960 S FLORIDA AVE","LAKELAND","33813","3749004","1","Food","Routine - Food","Inspection Completed - No Further Action","07/16/2026","","","6","0","0","6","Y","0","0","0","0","0","0","0","1","0","0","0","0","0","1","0","0","0","0","0","0","0","0","1","0","0","0","0","0","0","0","0","0","0","0","0","2","0","0","0","1","0","0","0","0","0","0","0","0","0","0","0","0","0","0","0","0","0","0","6674190","13787506"
"D3","63","Polk","2010","6306502","WENDY'S PROPERTIES LLC","7032 N CHURCH AVE","MULBERRY","33860","3723217","1","Food","Routine - Food","Inspection Completed - No Further Action","07/28/2026","","","1","0","0","1","Y","0","0","0","0","0","0","0","0","0","0","0","0","0","0","0","0","0","0","0","0","0","0","0","1","0","0","0","0","0","0","0","0","0","0","0","0","0","0","0","0","0","0","0","0","0","0","0","0","0","0","0","0","0","0","0","0","0","0","6499904","13761710"
"D3","63","Polk","2010","6306520","DENNY'S","894 CYPRESS GARDENS BLVD","WINTER HAVEN","33880","3700183","1","Food","Complaint Full","Inspection Completed - No Further Action","07/08/2026","","","7","0","0","7","Y","0","0","0","0","0","0","0","0","0","0","0","0","0","1","0","0","0","0","0","0","0","0","1","0","0","0","0","0","1","0","0","1","0","0","0","2","0","1","0","0","0","0","0","0","0","0","0","0","0","0","0","0","0","0","0","0","0","0","6444353","13715614"
"D3","63","Polk","2010","6306620","CHINA WOK","617 US HWY 17 92 W STE 523","HAINES CITY","33844","3724004","1","Food","Routine - Food","Inspection Completed - No Further Action","07/27/2026","","","4","1","0","3","Y","0","0","0","0","0","0","0","1","0","0","0","0","0","1","0","0","0","0","0","0","0","0","1","0","0","0","0","0","0","0","0","0","1","0","0","0","0","0","0","0","0","0","0","0","0","0","0","0","0","0","0","0","0","0","0","0","0","0","8139366","13762497"
"D3","63","Polk","2010","6306782","K & B TOP CHINA","28075 US 27 S","DUNDEE","33838","3731211","1","Food","Routine - Food","Inspection Completed - No Further Action","07/24/2026","","","2","1","0","1","Y","0","0","0","0","0","0","0","1","0","0","0","0","0","0","0","0","0","0","0","0","0","0","0","0","1","0","0","0","0","0","0","0","0","0","0","0","0","0","0","0","0","0","0","0","0","0","0","0","0","0","0","0","0","0","0","0","0","0","5887417","13769704"
"D3","63","Polk","2010","6306807","CHINA WOK","116 STATE RD 60 E","LAKE WALES","33853","3719086","1","Food","Routine - Food","Inspection Completed - No Further Action","07/10/2026","","","5","1","0","4","Y","0","0","0","0","0","0","0","1","0","0","0","0","1","0","0","0","0","0","0","0","0","2","1","0","0","0","0","0","0","0","0","0","0","0","0","0","0","0","0","0","0","0","0","0","0","0","0","0","0","0","0","0","0","0","0","0","0","0","9157448","13757579"
"D3","63","Polk","2010","6306884","MCDONALD'S","5325 FRONTAGE RD S","LAKELAND","33815","3755955","1","Food","Complaint Full","Inspection Completed - No Further Action","07/14/2026","","","4","1","2","1","Y","0","0","0","0","0","0","0","0","0","0","0","0","0","0","0","0","0","0","0","0","0","1","1","0","0","0","0","0","0","0","0","0","0","0","1","0","0","0","0","0","1","0","0","0","0","0","0","0","0","0","0","0","0","0","0","0","0","0","5523703","13841821"
"D3","63","Polk","2010","6306930","BEEF 'O' BRADY'S","540 W CENTRAL AVE","LAKE WALES","33853","3699967","1","Food","Complaint Full","Inspection Completed - No Further Action","07/08/2026","","","9","1","1","7","Y","0","0","0","0","1","0","0","0","0","0","0","0","0","2","0","0","0","0","0","0","0","1","0","0","0","0","0","0","1","0","0","0","0","0","1","2","0","0","0","0","0","0","0","0","0","0","0","0","0","1","0","0","0","0","0","0","0","0","5860781","13714102"
"D3","63","Polk","2010","6307008","ZAXBY'S","4510 US 98 N","LAKELAND","338093601","3755893","1","Food","Complaint Full","Inspection Completed - No Further Action","07/16/2026","","","1","0","0","1","Y","0","0","0","0","0","0","0","0","0","0","0","0","0","0","0","0","0","0","0","0","0","0","0","1","0","0","0","0","0","0","0","0","0","0","0","0","0","0","0","0","0","0","0","0","0","0","0","0","0","0","0","0","0","0","0","0","0","0","2244056","13841490"
"D3","63","Polk","2010","6307198","MAGIC WOK","2129 E CR 540A","LAKELAND","33813","3743450","1","Food","Routine - Food","Inspection Completed - No Further Action","07/14/2026","","","3","0","1","2","Y","0","1","0","0","0","0","0","0","0","0","0","0","0","0","0","0","0","0","0","0","0","1","0","0","0","0","0","0","0","0","0","0","0","0","0","1","0","0","0","0","0","0","0","0","0","0","0","0","0","0","0","0","0","0","0","0","0","0","8093730","13781952"
"D3","63","Polk","2010","6307303","NEW MOON SUSHI JAPANESE RESTAURANT","4231 S FLORIDA AVE","LAKELAND","33813","3702448","1","Food","Routine - Food","Inspection Completed - No Further Action","07/30/2026","","","2","0","0","2","Y","0","0","0","0","0","0","0","0","0","0","0","0","0","0","0","0","0","0","0","0","0","0","0","0","0","0","0","0","0","0","0","0","0","0","0","1","0","0","0","0","0","1","0","0","0","0","0","0","0","0","0","0","0","0","0","0","0","0","5694398","13740923"
"D3","63","Polk","2010","6307362","JUS YA TASTE","817 N MASSACHUSETTS AVE","LAKELAND","33801","3746653","1","Food","Routine - Food","Inspection Completed - No Further Action","07/23/2026","","","1","0","1","0","Y","0","0","0","0","0","0","0","0","0","0","0","0","0","0","0","0","0","0","0","0","0","0","0","0","0","0","0","0","0","0","1","0","0","0","0","0","0","0","0","0","0","0","0","0","0","0","0","0","0","0","0","0","0","0","0","0","0","0","9859621","13785155"
"D3","63","Polk","2010","6307384","PRIMO'S PIZZERIA","1031 S COMBEE RD","LAKELAND","33801","3741596","1","Food","Routine - Food","Inspection Completed - No Further Action","07/16/2026","","","3","0","2","1","Y","0","0","0","0","0","0","0","1","0","0","0","0","0","0","0","0","0","0","0","0","0","1","0","0","0","0","0","0","0","0","1","0","0","0","0","0","0","0","0","0","0","0","0","0","0","0","0","0","0","0","0","0","0","0","0","0","0","0","6528333","13780098"
"D3","63","Polk","2010","6307417","CHINA GARDEN","2008 SR 60 E","LAKE WALES","33853","3732786","1","Food","Routine - Food","Inspection Completed - No Further Action","07/17/2026","","","2","0","0","2","Y","0","0","0","0","0","0","0","0","0","0","0","0","0","1","0","0","0","0","0","0","0","0","0","0","0","0","0","0","0","0","0","1","0","0","0","0","0","0","0","0","0","0","0","0","0","0","0","0","0","0","0","0","0","0","0","0","0","0","9599805","13771279"
"D3","63","Polk","2010","6307448","THE HAMPTON INN","202 CYPRESS GARDENS BLVD","WINTER HAVEN","33880-4330","3721394","1","Food","Routine - Food","Inspection Completed - No Further Action","07/15/2026","","","2","2","0","0","Y","0","0","1","0","0","0","0","0","0","0","0","0","0","0","0","0","0","0","0","0","0","1","0","0","0","0","0","0","0","0","0","0","0","0","0","0","0","0","0","0","0","0","0","0","0","0","0","0","0","0","0","0","0","0","0","0","0","0","4344615","13759887"
"D3","63","Polk","2010","6307449","TRADEWINDS","400 GRAN BAHAMA BLVD","DAVENPORT","33897","3695716","1","Food","Food-Licensing Inspection","Warning Issued","07/22/2026","","","16","4","2","10","Y","2","2","0","0","0","0","0","1","0","0","0","0","0","0","0","1","0","0","0","0","0","0","1","0","1","0","0","0","1","0","0","0","2","0","0","2","0","0","0","0","0","0","0","0","0","0","0","0","0","1","2","0","0","0","0","0","0","0","9866722","13673222"
"D3","63","Polk","2010","6307456","BONEFISH GRILL","225 W PIPKIN RD","LAKELAND","33813","3747491","1","Food","Routine - Food","Inspection Completed - No Further Action","07/09/2026","","","3","0","0","3","Y","0","0","0","0","0","0","0","0","0","0","0","0","0","0","0","0","0","0","0","0","0","1","0","1","0","0","0","0","0","0","0","0","0","0","0","1","0","0","0","0","0","0","0","0","0","0","0","0","0","0","0","0","0","0","0","0","0","0","5551085","13785993"
"D3","63","Polk","2010","6307458","LUCKY WOK","23809 US HIGHWAY 27 N","LAKE WALES","33859","3734493","1","Food","Routine - Food","Inspection Completed - No Further Action","07/14/2026","","","3","1","0","2","Y","0","0","0","0","0","0","0","1","0","0","0","0","0","1","0","0","0","0","0","0","0","0","1","0","0","0","0","0","0","0","0","0","0","0","0","0","0","0","0","0","0","0","0","0","0","0","0","0","0","0","0","0","0","0","0","0","0","0","4378937","13772986"
"D3","63","Polk","2010","6307477","CHINESE TO GO","45689  US HWY 27","DAVENPORT","33837","3696952","2","Food","Complaint Partial","Call Back - Complied","07/07/2026","","","1","0","0","1","Y","0","0","0","0","0","0","0","1","0","0","0","0","0","0","0","0","0","0","0","0","0","0","0","0","0","0","0","0","0","0","0","0","0","0","0","0","0","0","0","0","0","0","0","0","0","0","0","0","0","0","0","0","0","0","0","0","0","0","9356629","13688405"
"D3","63","Polk","2010","6307551","PANERA BREAD #884","4208 S FLORIDA AVE","LAKELAND","33813","3742100","1","Food","Routine - Food","Inspection Completed - No Further Action","07/08/2026","","","3","0","1","2","Y","0","0","0","0","0","0","0","0","0","0","0","0","0","1","0","0","0","0","0","0","0","0","0","1","0","0","0","0","0","0","0","0","0","0","0","0","0","0","0","0","0","0","0","0","0","0","0","0","0","0","1","0","0","0","0","0","0","0","2829026","13780602"
"D3","63","Polk","2010","6307552","BOB EVANS RESTAURANT 525","6425 SOUTH FLORIDA AVE","LAKELAND","33813","3709619","1","Food","Routine - Food","Inspection Completed - No Further Action","07/01/2026","","","3","0","1","2","Y","0","0","0","0","0","0","0","0","0","0","0","0","0","0","0","0","0","0","0","0","0","1","0","0","0","0","0","0","0","0","1","0","0","0","0","1","0","0","0","0","0","0","0","0","0","0","0","0","0","0","0","0","0","0","0","0","0","0","6848116","13748112"
"D3","63","Polk","2010","6307559","TACO EXPRESS","500 N CHARLESTON AVENUE","FORT MEADE","33841","3717186","1","Food","Routine - Food","Inspection Completed - No Further Action","07/30/2026","","","2","1","1","0","Y","0","0","0","0","0","0","0","1","0","0","0","0","0","0","0","0","0","0","0","0","0","0","0","0","0","0","0","0","0","0","1","0","0","0","0","0","0","0","0","0","0","0","0","0","0","0","0","0","0","0","0","0","0","0","0","0","0","0","7973464","13755679"
"D3","63","Polk","2010","6307595","LA CHILANGUITA LLC","224 S 1 ST","LAKE WALES","33853","3733174","1","Food","Routine - Food","Inspection Completed - No Further Action","07/31/2026","","","4","0","2","2","Y","0","0","0","0","0","0","0","1","0","0","0","0","0","0","0","0","0","0","0","0","0","0","0","0","0","0","0","0","0","0","2","0","0","0","0","1","0","0","0","0","0","0","0","0","0","0","0","0","0","0","0","0","0","0","0","0","0","0","9831314","13771667"
"D3","63","Polk","2010","6307603","GOSH! PAN-ASIAN BISTRO & SUSHI BAR","4742 S FLORIDA AVE UNIT 4","LAKELAND","33813","3744140","1","Food","Routine - Food","Inspection Completed - No Further Action","07/01/2026","","","4","0","0","4","Y","0","0","0","0","0","0","0","0","0","0","0","0","0","0","0","1","0","0","0","0","0","0","1","0","0","0","0","0","0","0","0","0","0","0","0","1","0","0","0","0","0","0","0","0","0","0","0","0","0","0","1","0","0","0","0","0","0","0","8484311","13782642"
"D3","63","Polk","2010","6307698","S W CARIBBEAN DELIGHTS","1310 W DAUGHTERY ROAD","LAKELAND","33805","3736722","1","Food","Routine - Food","Inspection Completed - No Further Action","07/10/2026","","","3","0","1","2","Y","0","0","0","0","0","0","0","0","0","0","0","0","0","0","0","0","0","0","0","0","0","1","0","0","0","0","0","0","0","0","1","0","0","0","0","1","0","0","0","0","0","0","0","0","0","0","0","0","0","0","0","0","0","0","0","0","0","0","5528561","13775215"
"D3","63","Polk","2010","6307736","PIZZA HUT #4679","190 SR 60 E","LAKE WALES","33853","3723738","1","Food","Routine - Food","Inspection Completed - No Further Action","07/10/2026","","","3","0","0","3","Y","0","0","0","0","0","0","0","1","0","0","0","1","0","0","0","0","0","0","0","0","0","0","0","0","0","0","0","0","0","0","0","0","0","0","0","1","0","0","0","0","0","0","0","0","0","0","0","0","0","0","0","0","0","0","0","0","0","0","7952455","13762231"
"D3","63","Polk","2010","6307738","HGI LAKELAND GREAT AMERICAN GRILL","3839 DON EMERSON DR","LAKELAND","33811","3734179","1","Food","Routine - Food","Inspection Completed - No Further Action","07/24/2026","","","6","2","1","3","Y","0","0","1","0","0","0","0","1","0","0","0","0","0","1","0","0","0","0","0","0","0","1","0","0","1","0","0","0","0","0","0","0","0","0","0","0","0","0","0","0","1","0","0","0","0","0","0","0","0","0","0","0","0","0","0","0","0","0","3653066","13772672"
"D3","63","Polk","2010","6307781","BAMBOO WOK","5151 US HWY 98 S","LAKELAND","33812","3715493","1","Food","Routine - Food","Inspection Completed - No Further Action","07/14/2026","","","3","0","0","3","Y","0","0","0","0","0","0","0","0","0","0","0","0","0","0","0","0","0","0","0","0","0","1","1","0","1","0","0","0","0","0","0","0","0","0","0","0","0","0","0","0","0","0","0","0","0","0","0","0","0","0","0","0","0","0","0","0","0","0","6040625","13753986"
"D3","63","Polk","2010","6307787","XIMENA'S TACOS","303 MAIN ST","AUBURNDALE","33823","3728752","1","Food","Routine - Food","Inspection Completed - No Further Action","07/14/2026","","","3","0","0","3","Y","0","0","0","0","0","0","0","1","0","0","0","0","0","1","0","0","0","0","0","0","0","0","1","0","0","0","0","0","0","0","0","0","0","0","0","0","0","0","0","0","0","0","0","0","0","0","0","0","0","0","0","0","0","0","0","0","0","0","6496615","13767245"
"D3","63","Polk","2010","6307807","PAPA JOHN'S #3582","7760 LAKE WILSON RD","DAVENPORT","33837","3714800","1","Food","Routine - Food","Inspection Completed - No Further Action","07/21/2026","","","0","0","0","0","Y","0","0","0","0","0","0","0","0","0","0","0","0","0","0","0","0","0","0","0","0","0","0","0","0","0","0","0","0","0","0","0","0","0","0","0","0","0","0","0","0","0","0","0","0","0","0","0","0","0","0","0","0","0","0","0","0","0","0","3847646","13753293"
"D3","63","Polk","2010","6307811","FANTASY ISLAND","221 MARTIN LUTHER KING BLVD NE","WINTER HAVEN","33881","3699982","1","Food","Complaint Full","Warning Issued","07/07/2026","","","6","0","3","3","Y","0","1","0","0","0","0","0","0","0","0","1","0","0","0","0","0","0","0","0","0","0","1","1","0","0","0","0","0","0","0","0","0","0","0","1","0","0","0","0","0","0","0","0","0","0","0","0","0","0","0","0","0","1","0","0","0","0","0","9578887","13714179"
"D3","63","Polk","2010","6307826","TIJUANA FLATS BURRITO COMPANY","4796 SOUTH FLORIDA AVE","LAKELAND","33813","3704737","1","Food","Routine - Food","Inspection Completed - No Further Action","07/24/2026","","","2","1","0","1","Y","0","0","0","0","0","0","0","0","0","0","0","1","0","0","0","0","0","0","0","0","0","0","0","1","0","0","0","0","0","0","0","0","0","0","0","0","0","0","0","0","0","0","0","0","0","0","0","0","0","0","0","0","0","0","0","0","0","0","3917676","13743216"
"D3","63","Polk","2010","6307835","SUBWAY 37885","7910 LAKE WILSON ROAD","DAVENPORT","33837","3708360","1","Food","Routine - Food","Inspection Completed - No Further Action","07/14/2026","","","0","0","0","0","Y","0","0","0","0","0","0","0","0","0","0","0","0","0","0","0","0","0","0","0","0","0","0","0","0","0","0","0","0","0","0","0","0","0","0","0","0","0","0","0","0","0","0","0","0","0","0","0","0","0","0","0","0","0","0","0","0","0","0","3932031","13746853"
"D3","63","Polk","2010","6307873","BEIJING","149 N WABASH AVE","LAKELAND","33815","3724400","1","Food","Routine - Food","Inspection Completed - No Further Action","07/22/2026","","","6","0","1","5","Y","0","0","0","0","0","0","0","0","0","1","0","0","0","1","0","0","0","0","0","0","1","0","1","0","1","0","0","0","0","0","1","0","0","0","0","0","0","0","0","0","0","0","0","0","0","0","0","0","0","0","0","0","0","0","0","0","0","0","8468202","13762893"
"D3","63","Polk","2010","6307877","HOLIDAY INN EXPRESS","2953 RIDGE WAY","LAKE WALES","33859","3753863","1","Food","Routine - Food","Administrative complaint recommended","07/09/2026","","","1","1","0","0","Y","0","0","0","0","0","0","0","0","0","0","0","0","0","0","0","0","0","0","0","0","0","0","0","0","0","0","0","0","0","0","0","0","0","0","0","0","0","0","0","0","0","0","0","0","0","0","0","0","0","1","0","0","0","0","0","0","0","0","6310263","13792365"
"D3","63","Polk","2010","6307888","LA PINATA","850 S TENNESSEE AVE","LAKELAND","33801","3696616","1","Food","Food-Licensing Inspection","Inspection Completed - No Further Action","07/27/2026","","","2","0","0","2","Y","0","0","0","0","0","0","0","0","0","0","0","0","0","1","0","0","0","0","0","0","0","0","0","1","0","0","0","0","0","0","0","0","0","0","0","0","0","0","0","0","0","0","0","0","0","0","0","0","0","0","0","0","0","0","0","0","0","0","9947102","13682280"
"D3","63","Polk","2010","6307894","OBSCURE WINE COMPANY","117 E LAKE AVE STE B","AUBURNDALE","33823","3759130","1","Food","Food-Licensing Inspection","Inspection Completed - No Further Action","07/23/2026","","","0","0","0","0","Y","0","0","0","0","0","0","0","0","0","0","0","0","0","0","0","0","0","0","0","0","0","0","0","0","0","0","0","0","0","0","0","0","0","0","0","0","0","0","0","0","0","0","0","0","0","0","0","0","0","0","0","0","0","0","0","0","0","0","9973042","13851817"
"D3","63","Polk","2010","6307900","TWISTEE TREAT USA LLC","2043  SR 60 E","LAKE WALES","33898","3707221","1","Food","Routine - Food","Inspection Completed - No Further Action","07/10/2026","","","0","0","0","0","Y","0","0","0","0","0","0","0","0","0","0","0","0","0","0","0","0","0","0","0","0","0","0","0","0","0","0","0","0","0","0","0","0","0","0","0","0","0","0","0","0","0","0","0","0","0","0","0","0","0","0","0","0","0","0","0","0","0","0","9647902","13745709"
"D3","63","Polk","2010","6307922","GOLDEN TIDE SEAFOOD BAR","2020 SHEPHERD RD","MULBERRY","33860","3700335","1","Food","Food-Licensing Inspection","Warning Issued","07/09/2026","","","3","0","0","3","Y","0","0","0","0","0","0","0","0","0","0","0","0","0","0","0","0","0","0","0","0","0","0","0","0","0","0","0","0","0","0","0","0","0","0","0","2","0","0","0","0","0","0","0","0","0","0","0","0","0","0","1","0","0","0","0","0","0","0","9989088","13717050"
"D3","63","Polk","2010","6307922","GOLDEN TIDE SEAFOOD BAR","2020 SHEPHERD RD","MULBERRY","33860","3700335","2","Food","Food-Licensing Inspection","Call Back - Complied","07/15/2026","","","0","0","0","0","Y","0","0","0","0","0","0","0","0","0","0","0","0","0","0","0","0","0","0","0","0","0","0","0","0","0","0","0","0","0","0","0","0","0","0","0","0","0","0","0","0","0","0","0","0","0","0","0","0","0","0","0","0","0","0","0","0","0","0","9989088","13841972"
"D3","63","Polk","2010","6307952","CAMP MACK RIVER RESORT","14900 CAMP MACK RD","LAKE WALES","33898","3735384","1","Food","Routine - Food","Inspection Completed - No Further Action","07/27/2026","","","0","0","0","0","Y","0","0","0","0","0","0","0","0","0","0","0","0","0","0","0","0","0","0","0","0","0","0","0","0","0","0","0","0","0","0","0","0","0","0","0","0","0","0","0","0","0","0","0","0","0","0","0","0","0","0","0","0","0","0","0","0","0","0","6772941","13773877"
"D3","63","Polk","2010","6307976","HONG KONG RESTAURANT","830 N BROADWAY AVE","BARTOW","33830","3740934","1","Food","Routine - Food","Inspection Completed - No Further Action","07/29/2026","","","6","1","1","4","Y","0","1","0","0","0","0","0","1","0","0","0","0","0","1","0","0","0","0","0","0","0","0","0","0","1","0","0","0","0","0","0","0","0","0","0","2","0","0","0","0","0","0","0","0","0","0","0","0","0","0","0","0","0","0","0","0","0","0","4387238","13779436"
"D3","63","Polk","2010","6308044","CHINA HOUSE","23 W BROADWAY ST","FORT MEADE","33841","3736447","1","Food","Routine - Food","Inspection Completed - No Further Action","07/30/2026","","","4","1","2","1","Y","0","1","0","0","0","0","0","1","0","0","0","0","0","0","0","0","0","0","0","0","0","0","0","0","0","0","0","0","0","0","1","0","0","0","0","0","0","0","0","0","0","0","0","0","0","0","0","0","0","1","0","0","0","0","0","0","0","0","5277045","13774940"
"D3","63","Polk","2010","6308047","PIZZANO'S STATION","126 CALIFORNIA BLVD","DAVENPORT","33897","3727010","1","Food","Routine - Food","Warning Issued","07/16/2026","","","1","0","1","0","Y","0","0","0","0","0","0","0","0","0","0","0","0","0","0","0","0","0","0","0","0","0","0","0","0","0","0","0","0","0","0","0","0","0","0","0","0","0","0","0","0","0","0","0","0","0","0","0","0","0","0","0","0","1","0","0","0","0","0","9821237","13765503"
"D3","63","Polk","2010","6308061","CHINA GARDEN","1527 BARTOW RD","LAKELAND","33801","3716927","1","Food","Routine - Food","Inspection Completed - No Further Action","07/16/2026","","","4","1","1","2","Y","0","0","0","0","0","0","0","1","0","1","0","0","0","0","0","0","0","0","0","0","0","2","0","0","0","0","0","0","0","0","0","0","0","0","0","0","0","0","0","0","0","0","0","0","0","0","0","0","0","0","0","0","0","0","0","0","0","0","5346980","13755420"
"D3","63","Polk","2010","6308069","SOFRESH","4756 S FLORIDA AVE","LAKELAND","33813","3724804","1","Food","Routine - Food","Inspection Completed - No Further Action","07/16/2026","","","3","0","1","2","Y","0","0","0","0","0","0","0","0","0","0","0","0","0","1","0","0","0","0","0","0","0","0","0","1","0","0","0","0","0","0","1","0","0","0","0","0","0","0","0","0","0","0","0","0","0","0","0","0","0","0","0","0","0","0","0","0","0","0","8714734","13763297"
"D3","63","Polk","2010","6308084","WENDY'S 11363","900 6 ST NW","WINTER HAVEN","33881","3737241","1","Food","Routine - Food","Inspection Completed - No Further Action","07/31/2026","","","1","0","0","1","Y","0","0","0","0","0","0","0","0","0","0","0","0","0","0","0","0","0","0","0","0","0","0","0","0","0","0","0","0","1","0","0","0","0","0","0","0","0","0","0","0","0","0","0","0","0","0","0","0","0","0","0","0","0","0","0","0","0","0","8294197","13775734"
"D3","63","Polk","2010","6308095","ZAXBY'S","797 3 ST SW","WINTER HAVEN","33880","3701481","1","Food","Complaint Full","Inspection Completed - No Further Action","07/08/2026","","","2","0","0","2","Y","0","0","0","0","0","0","0","0","0","0","0","0","1","0","0","0","0","0","0","0","0","0","1","0","0","0","0","0","0","0","0","0","0","0","0","0","0","0","0","0","0","0","0","0","0","0","0","0","0","0","0","0","0","0","0","0","0","0","5470010","13725761"
"D3","63","Polk","2010","6308097","SPOON AND SPRINKLES","2250 POSNER BLVD","DAVENPORT","33837","3712878","1","Food","Routine - Food","Inspection Completed - No Further Action","07/09/2026","","","6","0","2","4","Y","0","0","0","0","0","0","0","0","0","0","0","0","0","1","0","0","0","0","0","0","0","2","0","0","0","0","0","0","1","0","1","0","0","0","0","1","0","0","0","0","0","0","0","0","0","0","0","0","0","0","0","0","0","0","0","0","0","0","9357909","13751371"
"D3","63","Polk","2010","6308110","PEACH HOUSE LAKELAND","733 E PALMETTO ST","LAKELAND","33803","3756096","1","Food","Complaint Full","Inspection Completed - No Further Action","07/17/2026","","","4","2","1","1","Y","0","0","1","0","0","0","0","1","0","0","0","0","0","0","0","1","0","0","0","0","0","0","0","0","0","0","0","0","0","0","1","0","0","0","0","0","0","0","0","0","0","0","0","0","0","0","0","0","0","0","0","0","0","0","0","0","0","0","8810934","13843825"
"D3","63","Polk","2010","6308146","SUBWAY #29725","1450 CHALET SUVANNE RD","LAKE WALES","33853","3736109","1","Food","Routine - Food","Inspection Completed - No Further Action","07/20/2026","","","1","0","0","1","Y","0","0","0","0","0","0","0","0","0","0","0","0","0","1","0","0","0","0","0","0","0","0","0","0","0","0","0","0","0","0","0","0","0","0","0","0","0","0","0","0","0","0","0","0","0","0","0","0","0","0","0","0","0","0","0","0","0","0","5652602","13774602"
"D3","63","Polk","2010","6308148","ROSITAS MEXICAN RESTAURANT","741 N WABASH AVE","LAKELAND","33815","3722081","1","Food","Routine - Food","Inspection Completed - No Further Action","07/22/2026","","","2","0","1","1","Y","0","0","0","0","0","0","0","0","0","1","0","0","0","0","0","0","0","0","0","0","0","0","0","0","0","0","0","0","0","0","1","0","0","0","0","0","0","0","0","0","0","0","0","0","0","0","0","1","0","0","0","0","0","0","0","0","0","0","5575966","13760574"
"D3","63","Polk","2010","6308155","GREEN TEA","384 HAVENDALE BLVD","AUBURNDALE","33823","3741321","1","Food","Routine - Food","Inspection Completed - No Further Action","07/23/2026","","","4","0","0","4","Y","0","0","0","0","0","0","0","0","0","0","0","0","1","0","0","0","0","0","0","0","0","1","2","0","0","0","0","0","0","0","0","0","0","0","0","0","0","0","0","0","0","0","0","0","0","0","0","0","0","0","0","0","0","0","0","0","0","0","5863344","13779823"
"D3","63","Polk","2010","6308210","LOUISE KITCHEN","1654 1 ST N","WINTER HAVEN","33881","3715931","1","Food","Routine - Food","Inspection Completed - No Further Action","07/17/2026","","","2","0","1","1","Y","0","0","0","0","0","0","0","0","0","0","0","0","0","0","0","0","0","0","0","0","0","1","0","0","0","0","0","0","0","0","0","0","0","0","0","0","0","0","0","0","1","0","0","0","0","0","0","0","0","0","0","0","0","0","0","0","0","0","5906436","13754424"
"D3","63","Polk","2010","6308214","LITTLE CAESARS #668","1301 SR 60 E","LAKE WALES","33853","3729552","1","Food","Routine - Food","Inspection Completed - No Further Action","07/16/2026","","","4","0","1","3","Y","0","0","0","0","0","0","0","0","0","0","0","0","0","1","0","0","0","0","0","0","0","0","0","0","0","0","0","0","0","0","1","0","1","0","0","1","0","0","0","0","0","0","0","0","0","0","0","0","0","0","0","0","0","0","0","0","0","0","7336284","13768045"
"D3","63","Polk","2010","6308223","TACO BELL 0375","24186 HWY 27","LAKE WALES","33859","3756056","1","Food","Complaint Full","Inspection Completed - No Further Action","07/14/2026","","","1","0","0","1","Y","0","0","0","0","0","0","0","0","0","0","0","0","0","0","0","0","0","0","0","0","0","0","1","0","0","0","0","0","0","0","0","0","0","0","0","0","0","0","0","0","0","0","0","0","0","0","0","0","0","0","0","0","0","0","0","0","0","0","5851207","13843114"
"D3","63","Polk","2010","6308233","BREWLANDS BILLIARDS","5733 SOUTH FLORIDA AVE","LAKELAND","33813","3702624","1","Food","Routine - Food","Warning Issued","07/28/2026","","","2","1","0","1","Y","0","0","1","0","0","0","0","0","0","0","0","0","0","0","0","0","0","0","0","0","0","1","0","0","0","0","0","0","0","0","0","0","0","0","0","0","0","0","0","0","0","0","0","0","0","0","0","0","0","0","0","0","0","0","0","0","0","0","5926455","13741099"
"D3","63","Polk","2010","6308233","BREWLANDS BILLIARDS","5733 SOUTH FLORIDA AVE","LAKELAND","33813","3702624","2","Food","Routine - Food","Call Back - Complied","07/29/2026","","","1","0","0","1","Y","0","0","0","0","0","0","0","0","0","0","0","0","0","0","0","0","0","0","0","0","0","1","0","0","0","0","0","0","0","0","0","0","0","0","0","0","0","0","0","0","0","0","0","0","0","0","0","0","0","0","0","0","0","0","0","0","0","0","5926455","13862584"
"D3","63","Polk","2010","6308268","COSTILLA GRILL MEXICAN RESTAURANT","223 N WABASH AVE","LAKELAND","33815","3730326","1","Food","Routine - Food","Warning Issued","07/22/2026","","","3","0","3","0","Y","1","1","0","0","0","0","0","0","0","0","0","0","0","0","0","0","0","0","0","0","0","0","0","0","0","0","0","0","0","0","0","0","0","0","0","0","0","0","0","0","0","0","0","0","0","0","0","0","0","0","0","0","1","0","0","0","0","0","7832316","13768819"
"D3","63","Polk","2010","6308274","HUNGRY HOWIES #3000","2805 SHEPHERD RD","LAKELAND","33811","3761459","1","Food","Complaint Full","Inspection Completed - No Further Action","07/28/2026","","","3","0","1","2","Y","0","0","0","0","0","0","0","0","0","0","0","0","0","0","0","0","0","0","0","0","0","0","0","0","0","0","0","0","0","0","1","0","0","0","0","2","0","0","0","0","0","0","0","0","0","0","0","0","0","0","0","0","0","0","0","0","0","0","6189234","13860318"
"D3","63","Polk","2010","6308274","HUNGRY HOWIES #3000","2805 SHEPHERD RD","LAKELAND","33811","3762991","1","Food","Complaint Partial","Administrative complaint recommended","07/30/2026","","","2","0","0","2","Y","0","0","0","0","0","0","0","1","0","0","0","0","0","0","0","0","0","0","0","0","0","0","0","0","0","0","0","0","0","0","0","0","0","0","0","1","0","0","0","0","0","0","0","0","0","0","0","0","0","0","0","0","0","0","0","0","0","0","6189234","13865454"
"D3","63","Polk","2010","6308274","HUNGRY HOWIES #3000","2805 SHEPHERD RD","LAKELAND","33811","3762991","2","Food","Complaint Partial","Call Back - Complied","07/31/2026","","","1","0","0","1","Y","0","0","0","0","0","0","0","0","0","0","0","0","0","0","0","0","0","0","0","0","0","0","0","0","0","0","0","0","0","0","0","0","0","0","0","1","0","0","0","0","0","0","0","0","0","0","0","0","0","0","0","0","0","0","0","0","0","0","6189234","13865572"
"D3","63","Polk","2010","6308277","SUBWAY 44499","3050 DEER CREEK COMMERCE LN STE 101","DAVENPORT","33837","3728897","1","Food","Routine - Food","Warning Issued","07/09/2026","","","2","1","0","1","Y","0","0","0","0","0","0","0","0","0","0","0","0","0","0","0","0","0","0","0","0","0","1","1","0","0","0","0","0","0","0","0","0","0","0","0","0","0","0","0","0","0","0","0","0","0","0","0","0","0","0","0","0","0","0","0","0","0","0","6206585","13767390"
"D3","63","Polk","2010","6308277","SUBWAY 44499","3050 DEER CREEK COMMERCE LN STE 101","DAVENPORT","33837","3728897","2","Food","Routine - Food","Call Back - Complied","07/17/2026","","","1","0","0","1","Y","0","0","0","0","0","0","0","0","0","0","0","0","0","0","0","0","0","0","0","0","0","0","1","0","0","0","0","0","0","0","0","0","0","0","0","0","0","0","0","0","0","0","0","0","0","0","0","0","0","0","0","0","0","0","0","0","0","0","6206585","13842028"
"D3","63","Polk","2010","6308284","SMITH FRANCHISE SERVICES REUNION LLC","7920 LAKE WILSON RD STE D10","DAVENPORT","33896","3710421","1","Food","Routine - Food","Inspection Completed - No Further Action","07/21/2026","","","1","0","0","1","Y","0","0","0","0","0","0","0","0","0","0","0","0","0","1","0","0","0","0","0","0","0","0","0","0","0","0","0","0","0","0","0","0","0","0","0","0","0","0","0","0","0","0","0","0","0","0","0","0","0","0","0","0","0","0","0","0","0","0","6184075","13748914"
"D3","63","Polk","2010","6308313","TACO BELL # 157","5090 DAVE ROBBINS WAY","LAKELAND","33812","3743139","1","Food","Routine - Food","Inspection Completed - No Further Action","07/14/2026","","","4","1","0","3","Y","0","0","0","0","0","0","0","0","0","0","0","0","0","1","0","0","0","0","0","0","0","1","1","1","0","0","0","0","0","0","0","0","0","0","0","0","0","0","0","0","0","0","0","0","0","0","0","0","0","0","0","0","0","0","0","0","0","0","7272353","13781641"
"D3","63","Polk","2010","6308324","HOWARD JOHNSON INN","1300 3RD ST SW, NORTH SIDE OF BUILDING","WINTER HAVEN","33880","3747899","1","Food","Routine - Food","Inspection Completed - No Further Action","07/08/2026","","","1","0","0","1","Y","0","0","0","0","1","0","0","0","0","0","0","0","0","0","0","0","0","0","0","0","0","0","0","0","0","0","0","0","0","0","0","0","0","0","0","0","0","0","0","0","0","0","0","0","0","0","0","0","0","0","0","0","0","0","0","0","0","0","6403531","13786401"
"D3","63","Polk","2010","6308373","PANDA EXPRESS #2854","301 CYPRESS GARDENS BLVD","WINTER HAVEN","33884","3722926","1","Food","Routine - Food","Inspection Completed - No Further Action","07/15/2026","","","1","0","0","1","Y","0","0","0","0","0","0","0","0","0","0","0","0","0","0","0","0","0","0","0","0","0","0","0","0","0","0","0","0","0","0","0","0","0","0","0","0","0","0","0","0","0","0","0","0","0","0","0","0","0","1","0","0","0","0","0","0","0","0","6671408","13761419"
"D3","63","Polk","2010","6308375","DUNKIN DONUTS","43450 HIGHWAY 27","DAVENPORT","33837","3741756","1","Food","Routine - Food","Inspection Completed - No Further Action","07/01/2026","","","2","0","1","1","Y","0","0","0","0","0","0","0","0","0","0","0","0","0","1","0","0","0","0","0","0","0","0","0","0","0","0","0","0","0","0","1","0","0","0","0","0","0","0","0","0","0","0","0","0","0","0","0","0","0","0","0","0","0","0","0","0","0","0","6697442","13780258"
"D3","63","Polk","2010","6308392","OVATION BISTRO & BAR","7130 CYPRESS GARDEN BLVD","WINTER HAVEN","33884","3756054","1","Food","Complaint Full","Inspection Completed - No Further Action","07/15/2026","","","4","0","0","4","Y","0","0","0","0","0","0","0","0","0","0","0","0","0","1","0","0","0","0","0","0","0","1","1","0","0","0","0","0","0","0","0","0","0","0","0","1","0","0","0","0","0","0","0","0","0","0","0","0","0","0","0","0","0","0","0","0","0","0","6720831","13843107"
"D3","63","Polk","2010","6308401","FIRST WATCH #0185","4620 S FLORIDA AVE  UNIT 130","LAKELAND","33813","3749255","1","Food","Routine - Food","Inspection Completed - No Further Action","07/08/2026","","","4","2","0","2","Y","1","0","1","0","0","0","0","0","0","0","0","0","1","0","0","0","0","0","0","0","0","0","0","1","0","0","0","0","0","0","0","0","0","0","0","0","0","0","0","0","0","0","0","0","0","0","0","0","0","0","0","0","0","0","0","0","0","0","6687916","13787757"
"D3","63","Polk","2010","6308403","PANDA EXPRESS #2876","4620 S FLORIDA AVE #100","LAKELAND","33813","3749332","1","Food","Routine - Food","Inspection Completed - No Further Action","07/21/2026","","","3","0","0","3","Y","0","0","0","0","0","0","0","0","0","0","0","0","0","0","0","0","0","0","0","0","0","0","0","0","0","0","0","0","0","0","0","0","0","0","0","0","0","0","0","1","0","0","0","0","0","0","0","0","0","1","1","0","0","0","0","0","0","0","6681833","13787834"
"D3","63","Polk","2010","6308427","HUNGRY HOWIE'S # 240","3047 HWY 540 W","WINTER HAVEN","33880","3716062","1","Food","Routine - Food","Inspection Completed - No Further Action","07/29/2026","","","1","0","0","1","Y","0","0","0","0","0","0","0","0","0","0","0","0","0","0","0","0","0","0","0","0","0","0","0","0","0","0","0","0","0","0","0","0","0","0","0","1","0","0","0","0","0","0","0","0","0","0","0","0","0","0","0","0","0","0","0","0","0","0","6944223","13754555"
"D3","63","Polk","2010","6308435","MISSION BBQ","4014 S FLORIDA AVE","LAKELAND","33813","3710538","1","Food","Routine - Food","Inspection Completed - No Further Action","07/24/2026","","","5","0","1","4","Y","0","0","0","0","0","0","0","0","0","1","0","0","0","0","0","1","0","0","0","0","1","1","0","1","0","0","0","0","0","0","0","0","0","0","0","0","0","0","0","0","0","0","0","0","0","0","0","0","0","0","0","0","0","0","0","0","0","0","6784590","13749031"
"D3","63","Polk","2010","6308449","HIBACHI EXPRESS ","5209 US HWY 98 S","LAKELAND","33812","3745807","1","Food","Routine - Food","Inspection Completed - No Further Action","07/17/2026","","","2","1","1","0","Y","0","0","1","0","0","0","0","0","0","0","0","0","0","0","0","0","0","0","0","0","0","0","0","0","0","0","0","0","0","0","1","0","0","0","0","0","0","0","0","0","0","0","0","0","0","0","0","0","0","0","0","0","0","0","0","0","0","0","9688646","13784309"
"D3","63","Polk","2010","6308463","FAMILY GRILL AND FOOD MART","6411 KATHLEEN RD","LAKELAND","33810","3712495","1","Food","Routine - Food","Inspection Completed - No Further Action","07/17/2026","","","2","0","0","2","Y","0","0","0","0","0","0","0","0","0","1","0","0","0","0","0","0","0","0","0","0","0","1","0","0","0","0","0","0","0","0","0","0","0","0","0","0","0","0","0","0","0","0","0","0","0","0","0","0","0","0","0","0","0","0","0","0","0","0","9112862","13750988"
"D3","63","Polk","2010","6308466","TAQUERIA DON GONZALO LLC","103 US HIGHWAY 17 92 N","HAINES CITY","33844","3710017","1","Food","Routine - Food","Emergency order recommended","07/29/2026","","","8","2","1","5","Y","0","0","0","0","0","0","0","0","0","0","0","0","0","3","0","0","0","0","0","0","0","2","0","0","0","0","0","0","1","0","0","0","0","0","2","0","0","0","0","0","0","0","0","0","0","0","0","0","0","0","0","0","0","0","0","0","0","0","7298092","13748510"
"D3","63","Polk","2010","6308466","TAQUERIA DON GONZALO LLC","103 US HIGHWAY 17 92 N","HAINES CITY","33844","3710017","2","Food","Routine - Food","Emergency Order Callback Complied","07/29/2026","","","6","1","1","4","Y","0","0","0","0","0","0","0","0","0","0","0","0","0","3","0","0","0","0","0","0","0","2","0","0","0","0","0","0","1","0","0","0","0","0","0","0","0","0","0","0","0","0","0","0","0","0","0","0","0","0","0","0","0","0","0","0","0","0","7298092","13863767"
"D3","63","Polk","2010","6308470","WAFFLE HOUSE #2312","1530 NORTH BROADWAY AVENUE","BARTOW","33830","3703913","1","Food","Routine - Food","Inspection Completed - No Further Action","07/15/2026","","","2","2","0","0","Y","0","0","1","0","0","0","0","0","0","0","0","1","0","0","0","0","0","0","0","0","0","0","0","0","0","0","0","0","0","0","0","0","0","0","0","0","0","0","0","0","0","0","0","0","0","0","0","0","0","0","0","0","0","0","0","0","0","0","7015339","13742388"
"D3","63","Polk","2010","6308493","HIBACHI2U","7870 LAKE WILSON RD","DAVENPORT","33896","3720671","1","Food","Routine - Food","Warning Issued","07/21/2026","","","5","1","1","3","Y","0","1","0","0","0","0","0","1","0","1","0","0","0","1","0","0","0","0","0","0","0","0","0","0","0","0","0","0","0","0","0","0","0","0","0","0","0","0","0","0","0","0","0","0","0","0","0","0","0","0","0","0","1","0","0","0","0","0","9953746","13759164"
"D3","63","Polk","2010","6308494","FANCY Q JAPANESE INC","5615 S FLORIDA AVENUE, SUITE 115","LAKELAND","33813","3729724","1","Food","Routine - Food","Warning Issued","07/28/2026","","","7","0","2","5","Y","0","0","0","0","0","0","0","1","0","1","0","1","0","0","0","1","0","0","0","0","0","0","0","0","0","0","0","0","0","0","1","0","0","0","0","0","0","0","0","0","0","0","0","0","0","0","0","0","0","1","0","0","1","0","0","0","0","0","7552814","13768217"
"D3","63","Polk","2010","6308499","XIMENA'S TACOS 2","343 CENTRAL AVE W","LAKE WALES","33853","3736274","1","Food","Routine - Food","Inspection Completed - No Further Action","07/16/2026","","","3","1","0","2","Y","0","0","0","0","0","0","0","0","0","0","0","0","0","1","0","0","0","0","0","0","0","0","0","0","0","0","0","0","0","0","0","0","0","0","1","1","0","0","0","0","0","0","0","0","0","0","0","0","0","0","0","0","0","0","0","0","0","0","7244764","13774767"
"D3","63","Polk","2010","6308507","BREWLANDS BAR AND BILLIARDS","5161 US HIGHWAY 98 NORTH","LAKELAND","33809","3735741","1","Food","Routine - Food","Inspection Completed - No Further Action","07/10/2026","","","2","0","0","2","Y","0","0","0","0","0","0","0","0","0","0","0","1","0","1","0","0","0","0","0","0","0","0","0","0","0","0","0","0","0","0","0","0","0","0","0","0","0","0","0","0","0","0","0","0","0","0","0","0","0","0","0","0","0","0","0","0","0","0","7224815","13774234"
"D3","63","Polk","2010","6308528","NINETEEN61","215 E MAIN ST FLR 1","LAKELAND","33801","3684315","3","Food","Routine - Food","Call Back - Complied","07/08/2026","","","0","0","0","0","Y","0","0","0","0","0","0","0","0","0","0","0","0","0","0","0","0","0","0","0","0","0","0","0","0","0","0","0","0","0","0","0","0","0","0","0","0","0","0","0","0","0","0","0","0","0","0","0","0","0","0","0","0","0","0","0","0","0","0","7348387","13693158"
"D3","63","Polk","2010","6308528","NINETEEN61","215 E MAIN ST FLR 1","LAKELAND","33801","3755815","1","Food","Complaint Full","Warning Issued","07/07/2026","","","6","2","2","2","Y","1","0","2","0","0","0","0","0","0","0","0","0","0","0","0","0","0","0","0","0","0","1","1","0","0","0","0","0","0","0","0","0","0","0","0","1","0","0","0","0","0","0","0","0","0","0","0","0","0","0","0","0","0","0","0","0","0","0","7348387","13821318"
"D3","63","Polk","2010","6308528","NINETEEN61","215 E MAIN ST FLR 1","LAKELAND","33801","3755815","2","Food","Complaint Full","Call Back - Extension given, pending","07/08/2026","","","3","0","1","2","Y","0","0","1","0","0","0","0","0","0","0","0","0","0","0","0","0","0","0","0","0","0","0","1","0","0","0","0","0","0","0","0","0","0","0","0","1","0","0","0","0","0","0","0","0","0","0","0","0","0","0","0","0","0","0","0","0","0","0","7348387","13821488"
"D3","63","Polk","2010","6308531","THE GARDEN GATE BED AND BREAKFAST","449 COUNTY ROAD 640","HOMELAND","33847","3736335","1","Food","Routine - Food","Inspection Completed - No Further Action","07/30/2026","","","0","0","0","0","Y","0","0","0","0","0","0","0","0","0","0","0","0","0","0","0","0","0","0","0","0","0","0","0","0","0","0","0","0","0","0","0","0","0","0","0","0","0","0","0","0","0","0","0","0","0","0","0","0","0","0","0","0","0","0","0","0","0","0","7207001","13774828"
"D3","63","Polk","2010","6308560","ATO","640  E MAIN STREET","LAKELAND","33801","3700578","1","Food","Complaint Full","Warning Issued","07/07/2026","","","7","1","4","2","Y","0","0","4","0","0","0","0","1","0","0","0","0","0","0","0","0","0","0","0","0","0","0","0","0","0","0","0","0","0","0","1","0","0","0","0","0","0","0","0","0","0","0","0","0","0","0","0","0","0","1","0","0","0","0","0","0","0","0","7545899","13719325"
"D3","63","Polk","2010","6308560","ATO","640  E MAIN STREET","LAKELAND","33801","3700578","2","Food","Complaint Full","Call Back - Extension given, pending","07/08/2026","","","2","0","2","0","Y","0","0","2","0","0","0","0","0","0","0","0","0","0","0","0","0","0","0","0","0","0","0","0","0","0","0","0","0","0","0","0","0","0","0","0","0","0","0","0","0","0","0","0","0","0","0","0","0","0","0","0","0","0","0","0","0","0","0","7545899","13821390"
"D3","63","Polk","2010","6308607","CRAFTY CRAB","4266 US 98 N","LAKELAND","33809","3716914","1","Food","Routine - Food","Inspection Completed - No Further Action","07/10/2026","","","4","0","3","1","Y","1","0","0","0","0","0","0","1","0","0","0","0","0","0","0","0","0","0","0","0","0","1","0","0","0","0","0","0","0","0","1","0","0","0","0","0","0","0","0","0","0","0","0","0","0","0","0","0","0","0","0","0","0","0","0","0","0","0","7704279","13755407"
"D3","63","Polk","2010","6308623","PANDA EXPRESS 3418","43470 HWY 27","DAVENPORT","33837","3739458","1","Food","Routine - Food","Inspection Completed - No Further Action","07/24/2026","","","4","1","0","3","Y","0","0","0","0","0","0","0","1","0","0","0","0","0","2","0","0","0","0","0","0","0","1","0","0","0","0","0","0","0","0","0","0","0","0","0","0","0","0","0","0","0","0","0","0","0","0","0","0","0","0","0","0","0","0","0","0","0","0","7759082","13777960"
"D3","63","Polk","2010","6308648","SUSHI BENTO","24169 US 27","LAKE WALES","33859","3751577","1","Food","Routine - Food","Inspection Completed - No Further Action","07/21/2026","","","3","2","0","1","Y","0","0","0","0","0","0","0","1","0","0","0","0","1","1","0","0","0","0","0","0","0","0","0","0","0","0","0","0","0","0","0","0","0","0","0","0","0","0","0","0","0","0","0","0","0","0","0","0","0","0","0","0","0","0","0","0","0","0","9041676","13790079"
"D3","63","Polk","2010","6308655","SWEET CUP CAFE 1","1401 LAKELAND HILLS BLVD","LAKELAND ","33805","3749606","1","Food","Routine - Food","Inspection Completed - No Further Action","07/16/2026","","","4","2","0","2","Y","0","0","0","0","0","0","0","1","0","2","0","0","0","1","0","0","0","0","0","0","0","0","0","0","0","0","0","0","0","0","0","0","0","0","0","0","0","0","0","0","0","0","0","0","0","0","0","0","0","0","0","0","0","0","0","0","0","0","7836294","13788108"
"D3","63","Polk","2010","6308669","MAS Q EMPANADAS","42677 US 27 N","DAVENPORT","33837","3720255","1","Food","Routine - Food","Inspection Completed - No Further Action","07/17/2026","","","1","1","0","0","Y","0","0","0","0","0","0","0","0","0","0","0","0","0","0","0","0","0","0","0","0","0","0","0","0","0","0","0","0","1","0","0","0","0","0","0","0","0","0","0","0","0","0","0","0","0","0","0","0","0","0","0","0","0","0","0","0","0","0","9764941","13758748"
"D3","63","Polk","2010","6308680","INDULGE CAFE BAR AND LOUNGE","2862 RECKER HWY","WINTER HAVEN","33880","3701230","1","Food","Complaint Full","Warning Issued","07/20/2026","","","3","0","1","2","Y","0","0","0","0","0","0","0","0","0","1","0","0","0","0","0","0","0","0","0","0","0","0","0","0","0","0","0","0","0","0","0","1","0","0","0","0","0","0","0","0","0","0","0","0","0","0","0","0","0","0","0","0","1","0","0","0","0","0","8059959","13723445"
"D3","63","Polk","2010","6308687","NYAMMINS KITCHEN AND GRILL","428 W 10  ST","LAKELAND","33805","3723857","1","Food","Routine - Food","Inspection Completed - No Further Action","07/14/2026","","","2","0","1","1","Y","0","0","0","0","0","0","0","0","0","0","0","0","0","0","0","0","0","0","0","0","1","0","0","0","0","0","0","0","0","0","1","0","0","0","0","0","0","0","0","0","0","0","0","0","0","0","0","0","0","0","0","0","0","0","0","0","0","0","8058296","13762350"
"D3","63","Polk","2010","6308690","LA GARITA BAKERY","42 MAXCY PLAZA CIR","HAINES CITY","33844","3713948","1","Food","Routine - Food","Inspection Completed - No Further Action","07/07/2026","","","2","1","0","1","Y","0","0","0","0","0","0","0","1","0","0","0","0","0","0","0","0","0","0","0","0","0","0","1","0","0","0","0","0","0","0","0","0","0","0","0","0","0","0","0","0","0","0","0","0","0","0","0","0","0","0","0","0","0","0","0","0","0","0","9791697","13752441"
"D3","63","Polk","2010","6308692","MR. POLLO MEXICAN GRILL","4981 US 98 N","LAKELAND","33809","3754249","1","Food","Routine - Food","Administrative complaint recommended","07/10/2026","","","1","1","0","0","Y","0","0","0","0","0","0","0","0","0","0","0","0","0","0","0","0","0","0","0","0","0","0","0","0","0","0","0","0","0","0","0","0","0","0","0","0","0","0","0","0","0","0","0","0","0","0","0","0","0","1","0","0","0","0","0","0","0","0","8099663","13792751"
"D3","63","Polk","2010","6308695","CULVER'S DAVENPORT","1107 POSNER  BLVD","DAVENPORT","33837","3724345","1","Food","Routine - Food","Inspection Completed - No Further Action","07/22/2026","","","0","0","0","0","Y","0","0","0","0","0","0","0","0","0","0","0","0","0","0","0","0","0","0","0","0","0","0","0","0","0","0","0","0","0","0","0","0","0","0","0","0","0","0","0","0","0","0","0","0","0","0","0","0","0","0","0","0","0","0","0","0","0","0","8169708","13762838"
"D3","63","Polk","2010","6308714","FIVE GUYS BURGERS AND FRIES","1321 POSNER BLVD","DAVENPORT","33837","3707245","1","Food","Routine - Food","Inspection Completed - No Further Action","07/01/2026","","","0","0","0","0","Y","0","0","0","0","0","0","0","0","0","0","0","0","0","0","0","0","0","0","0","0","0","0","0","0","0","0","0","0","0","0","0","0","0","0","0","0","0","0","0","0","0","0","0","0","0","0","0","0","0","0","0","0","0","0","0","0","0","0","7998019","13745734"
"D3","63","Polk","2010","6308716","OKSUMI RAMEN","4790 S FLORIDA AVE","LAKELAND","33813","3750077","1","Food","Routine - Food","Inspection Completed - No Further Action","07/08/2026","","","3","0","0","3","Y","0","0","0","0","0","0","0","1","0","0","0","0","0","0","0","0","0","0","0","0","0","0","0","0","0","0","0","0","0","0","0","0","0","0","0","1","0","0","0","1","0","0","0","0","0","0","0","0","0","0","0","0","0","0","0","0","0","0","8264637","13788579"
"D3","63","Polk","2010","6308734"," DRINKING BAR & RESTAURANTS","150 CALIFORNIA BLVD","DAVENPORT","33897","3733153","1","Food","Routine - Food","Inspection Completed - No Further Action","07/16/2026","","","2","0","0","2","Y","0","0","0","0","0","0","0","0","0","0","0","0","0","0","0","0","0","0","0","0","0","1","0","0","0","0","0","0","0","0","0","0","1","0","0","0","0","0","0","0","0","0","0","0","0","0","0","0","0","0","0","0","0","0","0","0","0","0","9562452","13771646"
"D3","63","Polk","2010","6308741","EL IMPORTADO SABOR ORIGINAL","70 MAXCY PLAZA CIR","HAINES CITY","33844","3744145","1","Food","Routine - Food","Inspection Completed - No Further Action","07/08/2026","","","4","1","0","3","Y","0","0","0","0","0","0","0","2","0","0","0","0","0","1","0","0","0","0","0","0","0","0","0","0","0","0","0","0","0","0","0","0","0","0","0","1","0","0","0","0","0","0","0","0","0","0","0","0","0","0","0","0","0","0","0","0","0","0","8690375","13782647"
"D3","63","Polk","2010","6308744","TASTY WINGS & RAMEN","112 HWY 60 E","LAKE WALES","33853","3743772","1","Food","Routine - Food","Inspection Completed - No Further Action","07/01/2026","","","7","1","4","2","Y","0","1","0","0","0","0","0","1","0","1","0","0","0","1","0","1","0","0","0","0","0","1","0","0","0","0","0","0","0","0","1","0","0","0","0","0","0","0","0","0","0","0","0","0","0","0","0","0","0","0","0","0","0","0","0","0","0","0","8205620","13782274"
"D3","63","Polk","2010","6308747","THE RESORT AT CANOPY OAKS","16950 COUNTY RD 630","LAKE WALES","33898","3732089","1","Food","Routine - Food","Inspection Completed - No Further Action","07/16/2026","","","1","0","0","1","Y","0","0","0","0","0","0","0","0","0","0","0","0","0","0","0","0","0","0","0","0","0","0","0","0","0","0","0","0","0","0","0","0","0","0","0","0","0","0","0","0","0","0","0","0","0","0","0","0","0","0","1","0","0","0","0","0","0","0","8366194","13770582"
"D3","63","Polk","2010","6308754","WINGSTOP 1994","4217 S FLORIDA AVE","LAKELAND","33813","3743825","1","Food","Routine - Food","Inspection Completed - No Further Action","07/30/2026","","","1","0","0","1","Y","0","0","0","0","0","0","0","0","0","0","0","0","0","0","0","0","0","0","0","0","1","0","0","0","0","0","0","0","0","0","0","0","0","0","0","0","0","0","0","0","0","0","0","0","0","0","0","0","0","0","0","0","0","0","0","0","0","0","8018780","13782327"
"D3","63","Polk","2010","6308762","4 RIVERS SMOKEHOUSE","4729 S FLORIDA  AVE","LAKELAND","33813","3750866","1","Food","Routine - Food","Inspection Completed - No Further Action","07/21/2026","","","2","0","0","2","Y","0","0","0","0","0","0","0","0","0","0","0","0","0","0","0","0","0","0","0","0","0","1","0","0","0","0","0","0","1","0","0","0","0","0","0","0","0","0","0","0","0","0","0","0","0","0","0","0","0","0","0","0","0","0","0","0","0","0","8472199","13789368"
"D3","63","Polk","2010","6308772","TACO FIESTA TAQUERIA","5925 IMPERIAL PKWY","MULBERRY","33860","3680600","2","Food","Routine - Food","Call Back - Complied","07/09/2026","","","0","0","0","0","Y","0","0","0","0","0","0","0","0","0","0","0","0","0","0","0","0","0","0","0","0","0","0","0","0","0","0","0","0","0","0","0","0","0","0","0","0","0","0","0","0","0","0","0","0","0","0","0","0","0","0","0","0","0","0","0","0","0","0","8480894","13685669"
"D3","63","Polk","2010","6308784","JULIO'S SANDWICH SHOP LLC","4525 S FLORIDA AVE ATE 33","LAKELAND","33813","3717963","1","Food","Routine - Food","Inspection Completed - No Further Action","07/21/2026","","","1","0","0","1","Y","0","0","0","0","0","0","0","1","0","0","0","0","0","0","0","0","0","0","0","0","0","0","0","0","0","0","0","0","0","0","0","0","0","0","0","0","0","0","0","0","0","0","0","0","0","0","0","0","0","0","0","0","0","0","0","0","0","0","8540764","13756456"
"D3","63","Polk","2010","6308795","MY RAMEN","3121 US HWY 98 S ","LAKELAND","33803","3750433","1","Food","Routine - Food","Inspection Completed - No Further Action","07/17/2026","","","3","0","3","0","Y","0","0","0","0","0","0","0","0","0","0","0","0","0","0","0","0","0","0","0","0","0","1","0","0","0","0","0","0","0","0","2","0","0","0","0","0","0","0","0","0","0","0","0","0","0","0","0","0","0","0","0","0","0","0","0","0","0","0","8582414","13788935"
"D3","63","Polk","2010","6308802","NAGOYA SUSHI & HIBACHI","1100 CHAMPIONS DR","DAVENPORT","33897","3718154","1","Food","Routine - Food","Inspection Completed - No Further Action","07/22/2026","","","2","1","1","0","Y","0","0","0","0","0","0","0","1","0","0","0","0","0","0","0","0","0","0","0","0","0","0","0","0","0","0","0","0","0","0","1","0","0","0","0","0","0","0","0","0","0","0","0","0","0","0","0","0","0","0","0","0","0","0","0","0","0","0","8572394","13756647"
"D3","63","Polk","2010","6308812","CRAVIN SEAFOOD BOIL","703 N COMBEE RD","LAKELAND","33801","3744030","1","Food","Routine - Food","Inspection Completed - No Further Action","07/24/2026","","","2","0","1","1","Y","0","0","0","0","0","0","0","0","0","0","0","0","0","1","0","0","0","0","0","0","0","0","0","0","0","0","0","0","0","0","1","0","0","0","0","0","0","0","0","0","0","0","0","0","0","0","0","0","0","0","0","0","0","0","0","0","0","0","8667771","13782532"
"D3","63","Polk","2010","6308826","TWISTEE TREAT POSNER","1311 POSNER BLVD","DAVENPORT","33836","3724862","1","Food","Routine - Food","Inspection Completed - No Further Action","07/08/2026","","","0","0","0","0","Y","0","0","0","0","0","0","0","0","0","0","0","0","0","0","0","0","0","0","0","0","0","0","0","0","0","0","0","0","0","0","0","0","0","0","0","0","0","0","0","0","0","0","0","0","0","0","0","0","0","0","0","0","0","0","0","0","0","0","8709031","13763355"
"D3","63","Polk","2010","6308847","HAPPY FRUIT DELIGHTS LLC","300 N CHARLESTON AVE","FORT MEADE","33841","3705862","1","Food","Routine - Food","Inspection Completed - No Further Action","07/23/2026","","","1","0","0","1","Y","0","0","0","0","0","0","0","0","0","1","0","0","0","0","0","0","0","0","0","0","0","0","0","0","0","0","0","0","0","0","0","0","0","0","0","0","0","0","0","0","0","0","0","0","0","0","0","0","0","0","0","0","0","0","0","0","0","0","8867970","13744345"
"D3","63","Polk","2010","6308855","LA GRANJA CHICKEN STEAK AND SEAFOOD","3919 S FLORIDA AVE","LAKELAND","33813","3737763","1","Food","Routine - Food","Warning Issued","07/08/2026","","","5","1","0","4","Y","0","0","1","0","0","0","0","1","0","0","0","0","0","1","0","0","0","0","0","0","0","0","0","1","0","0","0","0","0","0","0","0","1","0","0","0","0","0","0","0","0","0","0","0","0","0","0","0","0","0","0","0","0","0","0","0","0","0","8732980","13776256"
"D3","63","Polk","2010","6308855","LA GRANJA CHICKEN STEAK AND SEAFOOD","3919 S FLORIDA AVE","LAKELAND","33813","3737763","2","Food","Routine - Food","Call Back - Complied","07/09/2026","","","1","0","0","1","Y","0","0","0","0","0","0","0","0","0","0","0","0","0","0","0","0","0","0","0","0","0","0","0","1","0","0","0","0","0","0","0","0","0","0","0","0","0","0","0","0","0","0","0","0","0","0","0","0","0","0","0","0","0","0","0","0","0","0","8732980","13841557"
"D3","63","Polk","2010","6308856","WAKAME SUSHI","875 STATE RD 559","AUBURNDALE","33823","3696165","2","Food","Complaint Partial","Call Back - Admin. complaint recommended","07/07/2026","","","2","0","2","0","Y","0","0","0","0","0","0","0","0","0","0","0","0","0","0","0","0","0","0","0","0","0","0","0","0","0","0","0","0","0","0","1","0","0","0","0","0","0","0","0","0","0","0","0","0","0","0","0","0","0","0","0","0","1","0","0","0","0","0","8832754","13690155"
"D3","63","Polk","2010","6308859","MARCO'S PIZZA 8640","23801 US HWY 27 UNIT 7","LAKE WALES","33859","3737549","1","Food","Routine - Food","Warning Issued","07/20/2026","","","4","0","1","3","Y","0","0","0","0","0","0","0","1","0","0","0","1","0","0","0","0","0","0","0","0","0","0","0","0","1","0","0","0","0","0","0","0","0","0","0","0","0","0","0","0","0","0","0","0","0","0","0","0","0","0","0","0","1","0","0","0","0","0","8603750","13776042"
"D3","63","Polk","2010","6308861","LUCY'S HOMEMADE ICE CREAM","705 HINSON AVE","HAINES CITY","33844","3737961","1","Food","Routine - Food","Inspection Completed - No Further Action","07/17/2026","","","0","0","0","0","Y","0","0","0","0","0","0","0","0","0","0","0","0","0","0","0","0","0","0","0","0","0","0","0","0","0","0","0","0","0","0","0","0","0","0","0","0","0","0","0","0","0","0","0","0","0","0","0","0","0","0","0","0","0","0","0","0","0","0","8851136","13776454"
"D3","63","Polk","2010","6308878","FIVE GUYS","600 CYPRESS GARDENS BLVD","WINTER HAVEN","33880","3718192","1","Food","Routine - Food","Inspection Completed - No Further Action","07/27/2026","","","0","0","0","0","Y","0","0","0","0","0","0","0","0","0","0","0","0","0","0","0","0","0","0","0","0","0","0","0","0","0","0","0","0","0","0","0","0","0","0","0","0","0","0","0","0","0","0","0","0","0","0","0","0","0","0","0","0","0","0","0","0","0","0","8712582","13756685"
"D3","63","Polk","2010","6308879","MCDONALD'S RESTAURANT","205 E CANAL ST","MULBERRY","33860","3758363","1","Food","Complaint Full","Inspection Completed - No Further Action","07/23/2026","","","3","0","0","3","Y","0","1","0","0","0","0","0","0","0","0","0","0","0","2","0","0","0","0","0","0","0","0","0","0","0","0","0","0","0","0","0","0","0","0","0","0","0","0","0","0","0","0","0","0","0","0","0","0","0","0","0","0","0","0","0","0","0","0","9017752","13849729"
"D3","63","Polk","2010","6308886","PALETERIA SANTY","2701 SWINDELL RD UNIT 36","LAKELAND","33805","3750940","1","Food","Routine - Food","Inspection Completed - No Further Action","07/24/2026","","","1","0","1","0","Y","0","0","0","0","0","0","0","0","0","0","0","0","0","0","0","0","0","0","0","0","0","0","0","0","0","0","0","0","0","0","1","0","0","0","0","0","0","0","0","0","0","0","0","0","0","0","0","0","0","0","0","0","0","0","0","0","0","0","8983206","13789442"
"D3","63","Polk","2010","6308894","CHILI'S RESTAURANT","36600 US HWY 27","HAINES CITY","33844","3761499","1","Food","Complaint Full","Warning Issued","07/30/2026","","","2","1","0","1","Y","0","0","1","0","0","0","0","0","0","0","0","0","0","0","0","0","0","0","0","0","0","0","1","0","0","0","0","0","0","0","0","0","0","0","0","0","0","0","0","0","0","0","0","0","0","0","0","0","0","0","0","0","0","0","0","0","0","0","9060104","13860543"
"D3","63","Polk","2010","6308894","CHILI'S RESTAURANT","36600 US HWY 27","HAINES CITY","33844","3761499","2","Food","Complaint Full","Call Back - Complied","07/31/2026","","","1","0","0","1","Y","0","0","0","0","0","0","0","0","0","0","0","0","0","0","0","0","0","0","0","0","0","0","1","0","0","0","0","0","0","0","0","0","0","0","0","0","0","0","0","0","0","0","0","0","0","0","0","0","0","0","0","0","0","0","0","0","0","0","9060104","13865374"
"D3","63","Polk","2010","6308908","CHICK FIL A CHAMPIONS CROSSINGS DTO","1201 CHAMPIONS DR","DAVENPORT","33897","3732622","1","Food","Routine - Food","Inspection Completed - No Further Action","07/24/2026","","","2","1","0","1","Y","0","0","0","0","0","0","0","0","0","0","0","1","0","0","0","0","0","0","0","0","0","0","1","0","0","0","0","0","0","0","0","0","0","0","0","0","0","0","0","0","0","0","0","0","0","0","0","0","0","0","0","0","0","0","0","0","0","0","9097841","13771115"
"D3","63","Polk","2010","6308914","TEXAS ROADHOUSE","1997 AEGEAN WAY","DAVENPORT","33896","3758777","1","Food","Complaint Full","Inspection Completed - No Further Action","07/21/2026","","","0","0","0","0","Y","0","0","0","0","0","0","0","0","0","0","0","0","0","0","0","0","0","0","0","0","0","0","0","0","0","0","0","0","0","0","0","0","0","0","0","0","0","0","0","0","0","0","0","0","0","0","0","0","0","0","0","0","0","0","0","0","0","0","9110469","13851015"
"D3","63","Polk","2010","6308920","JUICY WING AND SEAFOOD","620 CYPRESS GARDENS BLVD","WINTER HAVEN","33880","3762988","1","Food","Complaint Full","Inspection Completed - No Further Action","07/31/2026","","","4","1","1","2","Y","0","0","0","0","0","0","0","1","0","0","0","0","1","1","0","0","0","0","0","0","0","0","0","0","0","0","0","0","0","0","1","0","0","0","0","0","0","0","0","0","0","0","0","0","0","0","0","0","0","0","0","0","0","0","0","0","0","0","9158190","13865447"
"D3","63","Polk","2010","6308940","FIELD HOUSE POOL","210 CYPRESS GARDENS BLVD","WINTER HAVEN","33880","3751524","1","Food","Routine - Food","Inspection Completed - No Further Action","07/15/2026","","","0","0","0","0","Y","0","0","0","0","0","0","0","0","0","0","0","0","0","0","0","0","0","0","0","0","0","0","0","0","0","0","0","0","0","0","0","0","0","0","0","0","0","0","0","0","0","0","0","0","0","0","0","0","0","0","0","0","0","0","0","0","0","0","9203686","13790026"
"D3","63","Polk","2010","6308953","PATIO 105","105 E STUART AVE","LAKE WALES","33853","3738580","1","Food","Routine - Food","Inspection Completed - No Further Action","07/31/2026","","","1","0","0","1","Y","0","0","0","0","0","0","0","0","0","0","0","0","0","0","0","0","0","0","0","0","0","0","0","0","0","0","0","0","0","0","0","0","0","0","0","0","0","0","0","1","0","0","0","0","0","0","0","0","0","0","0","0","0","0","0","0","0","0","9213039","13777078"
"D3","63","Polk","2010","6308968","DOMINO'S 3035","24174 US HWY 27 #300","LAKE WALES","33859","3712977","1","Food","Routine - Food","Inspection Completed - No Further Action","07/14/2026","","","1","0","0","1","Y","0","0","0","0","0","0","0","0","0","0","0","0","0","0","0","0","0","0","0","0","0","0","0","0","0","0","0","0","0","0","0","0","1","0","0","0","0","0","0","0","0","0","0","0","0","0","0","0","0","0","0","0","0","0","0","0","0","0","9346306","13751470"
"D3","63","Polk","2010","6308981","CHICKEN SALAD CHICK","5216 S FLORIDA AVE","LAKELAND","33813","3712936","1","Food","Routine - Food","Inspection Completed - No Further Action","07/21/2026","","","2","0","1","1","Y","0","0","0","0","0","0","0","0","0","0","1","0","0","0","0","0","0","0","0","0","0","1","0","0","0","0","0","0","0","0","0","0","0","0","0","0","0","0","0","0","0","0","0","0","0","0","0","0","0","0","0","0","0","0","0","0","0","0","9308001","13751429"
"D3","63","Polk","2010","6308984","POTBELLY SANDWICH WORKS","400 LEGACY VILLAGE DR 105","DAVENPORT","33896","3739062","1","Food","Routine - Food","Inspection Completed - No Further Action","07/09/2026","","","1","0","0","1","Y","0","0","0","0","0","0","0","1","0","0","0","0","0","0","0","0","0","0","0","0","0","0","0","0","0","0","0","0","0","0","0","0","0","0","0","0","0","0","0","0","0","0","0","0","0","0","0","0","0","0","0","0","0","0","0","0","0","0","9485175","13777563"
"D3","63","Polk","2010","6308997","LAKE MIRIAM CHINESE KITCHEN","4802 S FLORIDA AVE","LAKELAND","33813","3739054","1","Food","Routine - Food","Inspection Completed - No Further Action","07/01/2026","","","6","1","1","4","Y","0","0","1","0","0","0","0","1","0","0","0","0","0","0","0","0","0","0","0","0","0","1","1","0","0","0","0","0","0","0","0","0","0","0","0","0","0","0","0","1","0","0","0","0","0","0","0","0","0","1","0","0","0","0","0","0","0","0","9510119","13777555"
"D3","63","Polk","2010","6309023","TWO BRO ICE CREAM","1649 US HWY 27, STE C","CLERMONT","34714","3754398","1","Food","Routine - Food","Administrative complaint recommended","07/29/2026","","","9","1","5","3","Y","0","1","0","0","0","0","0","0","0","1","1","0","0","0","0","1","0","0","0","0","0","1","0","0","2","0","0","0","0","0","0","0","0","0","0","0","0","0","0","0","0","0","0","0","0","0","0","0","0","1","0","0","1","0","0","0","0","0","9603746","13792900"
"D3","63","Polk","2010","6309025","EINSTEIN BROS BAGELS","400 LEGACY VILLAGE DR STE 106","DAVENPORT","33896","3720000","1","Food","Routine - Food","Inspection Completed - No Further Action","07/09/2026","","","0","0","0","0","Y","0","0","0","0","0","0","0","0","0","0","0","0","0","0","0","0","0","0","0","0","0","0","0","0","0","0","0","0","0","0","0","0","0","0","0","0","0","0","0","0","0","0","0","0","0","0","0","0","0","0","0","0","0","0","0","0","0","0","9674368","13758493"
"D3","63","Polk","2010","6309027","LA CRIOLLA CAFE AND BAKERY","416 CITI CENTRE ST","WINTER HAVEN","33880","3739357","1","Food","Routine - Food","Inspection Completed - No Further Action","07/23/2026","","","3","0","0","3","Y","0","0","0","0","0","0","0","1","0","0","0","0","0","0","0","0","0","0","0","0","0","0","0","0","1","0","0","0","0","0","0","0","0","0","0","1","0","0","0","0","0","0","0","0","0","0","0","0","0","0","0","0","0","0","0","0","0","0","9560743","13777859"
"D3","63","Polk","2010","6309038","PISTACHO'S BAKERY AND CAKE","45589 US 27","DAVENPORT","33897","3745503","1","Food","Routine - Food","Inspection Completed - No Further Action","07/24/2026","","","2","1","0","1","Y","0","0","0","0","0","0","0","1","0","0","0","0","0","0","0","0","0","0","0","0","0","0","1","0","0","0","0","0","0","0","0","0","0","0","0","0","0","0","0","0","0","0","0","0","0","0","0","0","0","0","0","0","0","0","0","0","0","0","9521262","13784005"
"D3","63","Polk","2010","6309054","CRISPY CONES CENTRAL FLORIDA","4132 E JOHNSON AVE UNIT E","HAINES CITY","33844","3720288","1","Food","Routine - Food","Warning Issued","07/28/2026","","","3","1","1","1","Y","0","0","0","0","0","0","0","1","0","0","0","0","0","0","0","0","0","0","0","0","0","0","0","0","0","0","1","0","0","0","0","0","0","0","0","0","0","0","0","0","0","0","0","0","0","0","0","0","0","0","0","0","1","0","0","0","0","0","9600007","13758781"
"D3","63","Polk","2010","6309054","CRISPY CONES CENTRAL FLORIDA","4132 E JOHNSON AVE UNIT E","HAINES CITY","33844","3720288","2","Food","Routine - Food","Call Back - Extension given, pending","07/29/2026","","","1","0","1","0","Y","0","0","0","0","0","0","0","0","0","0","0","0","0","0","0","0","0","0","0","0","0","0","0","0","0","0","0","0","0","0","0","0","0","0","0","0","0","0","0","0","0","0","0","0","0","0","0","0","0","0","0","0","1","0","0","0","0","0","9600007","13862523"
"D3","63","Polk","2010","6309054","CRISPY CONES CENTRAL FLORIDA","4132 E JOHNSON AVE UNIT E","HAINES CITY","33844","3720288","3","Food","Routine - Food","Call Back - Extension given, pending","07/30/2026","","","1","0","1","0","Y","0","0","0","0","0","0","0","0","0","0","0","0","0","0","0","0","0","0","0","0","0","0","0","0","0","0","0","0","0","0","0","0","0","0","0","0","0","0","0","0","0","0","0","0","0","0","0","0","0","0","0","0","1","0","0","0","0","0","9600007","13863867"
"D3","63","Polk","2010","6309058","IHOP 36-253","5280 US 98 S","LAKELAND","33812","3720396","1","Food","Routine - Food","Inspection Completed - No Further Action","07/17/2026","","","1","0","0","1","Y","0","0","0","0","0","0","0","0","0","0","0","0","0","0","0","0","0","0","0","0","0","1","0","0","0","0","0","0","0","0","0","0","0","0","0","0","0","0","0","0","0","0","0","0","0","0","0","0","0","0","0","0","0","0","0","0","0","0","9595306","13758889"
"D3","63","Polk","2010","6309059","TAJ IMPERIAL","2536 JACKS RD","DAVENPORT","33897","3719943","1","Food","Routine - Food","Inspection Completed - No Further Action","07/17/2026","","","5","2","1","2","Y","0","0","0","0","0","0","0","2","0","1","0","0","0","0","0","1","0","0","0","0","0","0","0","0","0","0","0","0","0","0","1","0","0","0","0","0","0","0","0","0","0","0","0","0","0","0","0","0","0","0","0","0","0","0","0","0","0","0","9692250","13758436"
"D3","63","Polk","2010","6309060","CAFE 51","1023 E COUNTY ROAD 540A","LAKELAND","33813","3726806","1","Food","Routine - Food","Inspection Completed - No Further Action","07/14/2026","","","2","0","0","2","Y","0","0","0","0","0","0","0","0","0","0","0","1","0","0","0","0","0","0","0","0","0","0","1","0","0","0","0","0","0","0","0","0","0","0","0","0","0","0","0","0","0","0","0","0","0","0","0","0","0","0","0","0","0","0","0","0","0","0","9795984","13765299"
"D3","63","Polk","2010","6309064","HIBACHI EXPRESS","2106 SHEPHERD RD","MULBERRY","33860","3746090","1","Food","Routine - Food","Warning Issued","07/28/2026","","","5","3","1","1","Y","0","0","0","0","0","0","0","2","0","0","0","0","0","1","0","0","0","0","0","0","0","0","0","0","0","0","0","0","0","0","0","0","0","0","1","0","0","0","0","0","0","0","0","0","0","0","0","0","0","0","0","0","1","0","0","0","0","0","9751874","13784592"
"D3","63","Polk","2010","6309065","CHICK-FIL-A SHEPHERD RD","6875 S FLORIDA  AVE","LAKELAND","33813","3739698","1","Food","Routine - Food","Inspection Completed - No Further Action","07/30/2026","","","5","2","1","2","Y","1","0","1","0","0","0","0","0","0","0","0","0","0","0","0","0","0","0","0","0","0","1","0","0","0","0","0","0","0","0","0","0","0","0","0","1","0","0","0","0","0","0","0","0","0","0","0","0","0","0","0","0","1","0","0","0","0","0","9782490","13778200"
"D3","63","Polk","2010","6309066","BUFFALO WILD WINGS GO","2058 SHEPHERD RD","MULBERRY","33860","3746344","1","Food","Routine - Food","Inspection Completed - No Further Action","07/28/2026","","","3","0","2","1","Y","0","0","0","0","0","0","0","1","0","0","0","0","0","0","0","0","0","0","0","0","0","0","0","0","0","0","0","0","0","0","0","0","0","0","0","0","0","0","0","0","0","0","0","0","0","0","0","0","0","0","0","0","2","0","0","0","0","0","9632625","13784846"
"D3","63","Polk","2010","6309071","ADLER'S & REVEL JANE'S","200 PARK ST N","AUBURNDALE","33823","3720540","1","Food","Routine - Food","Warning Issued","07/14/2026","","","4","0","3","1","Y","0","0","0","0","0","0","0","0","0","0","0","0","0","0","0","0","0","0","0","0","0","1","0","0","0","0","0","0","0","0","2","0","0","0","0","0","0","0","0","0","0","0","0","0","0","0","0","0","0","0","0","0","1","0","0","0","0","0","9541175","13759033"
"D3","63","Polk","2010","6309084","CYPRESS TAVERN","5999 DUNDEE RD STE 700","WINTER HAVEN","33884","3700222","1","Food","Food-Licensing Inspection","Inspection Completed - No Further Action","07/09/2026","","","1","0","0","1","Y","0","0","0","0","0","0","0","0","0","0","0","0","0","0","0","0","0","0","0","0","0","0","0","0","0","0","0","0","0","0","0","1","0","0","0","0","0","0","0","0","0","0","0","0","0","0","0","0","0","0","0","0","0","0","0","0","0","0","9974299","13715903"
"D3","63","Polk","2010","6309090","FRESH MONKEE HIGHLAND CITY","5257 US HWY 98 S","LAKELAND","33812","3699714","1","Food","Food-Licensing Inspection","Inspection Completed - No Further Action","07/07/2026","","","0","0","0","0","Y","0","0","0","0","0","0","0","0","0","0","0","0","0","0","0","0","0","0","0","0","0","0","0","0","0","0","0","0","0","0","0","0","0","0","0","0","0","0","0","0","0","0","0","0","0","0","0","0","0","0","0","0","0","0","0","0","0","0","9980091","13712192"
"D3","63","Polk","2010","6309091","TROPICAL FOOD SOLUTIONS","27 S 5 ST","HAINES CITY","33844","3699108","1","Food","Food-Licensing Inspection","Inspection Completed - No Further Action","07/14/2026","","","0","0","0","0","Y","0","0","0","0","0","0","0","0","0","0","0","0","0","0","0","0","0","0","0","0","0","0","0","0","0","0","0","0","0","0","0","0","0","0","0","0","0","0","0","0","0","0","0","0","0","0","0","0","0","0","0","0","0","0","0","0","0","0","9945721","13706357"
"D3","63","Polk","2010","6309093","ZAXBY'S","6027 HWY 17 92 N","DAVENPORT","33896","3649053","1","Food","Food-Licensing Inspection","Inspection Completed - No Further Action","07/28/2026","","","0","0","0","0","Y","0","0","0","0","0","0","0","0","0","0","0","0","0","0","0","0","0","0","0","0","0","0","0","0","0","0","0","0","0","0","0","0","0","0","0","0","0","0","0","0","0","0","0","0","0","0","0","0","0","0","0","0","0","0","0","0","0","0","9649401","13466350"
"D3","63","Polk","2010","6309094","CULVER'S","1395 N HOLLAND PKWY","BARTOW","33830","3584630","1","Food","Food-Licensing Inspection","Inspection Completed - No Further Action","07/29/2026","","","3","0","0","3","Y","0","0","0","0","0","0","0","0","0","0","0","0","0","0","0","0","0","0","0","0","0","0","0","1","0","0","0","0","0","0","0","0","0","0","1","0","0","0","0","0","0","0","0","0","0","0","0","0","0","0","2","0","0","0","0","0","0","0","9542587","10810436"
"D3","63","Polk","2010","6309096","MARRIOTT FAIRFIELD","45590 US HWY 27","DAVENPORT","33897","3761924","1","Food","Food-Licensing Inspection","Inspection Completed - No Further Action","07/30/2026","","","0","0","0","0","Y","0","0","0","0","0","0","0","0","0","0","0","0","0","0","0","0","0","0","0","0","0","0","0","0","0","0","0","0","0","0","0","0","0","0","0","0","0","0","0","0","0","0","0","0","0","0","0","0","0","0","0","0","0","0","0","0","0","0","10027277","13861333"
"D3","63","Polk","2013","6307394","OMUSUBEE","502 E MAIN ST","LAKELAND","33801","1135891","1","Food","Routine - Food","Inspection Completed - No Further Action","07/17/2026","","","1","0","1","0","Y","0","1","0","0","0","0","0","0","0","0","0","0","0","0","0","0","0","0","0","0","0","0","0","0","0","0","0","0","0","0","0","0","0","0","0","0","0","0","0","0","0","0","0","0","0","0","0","0","0","0","0","0","0","0","0","0","0","0","8265237","13739214"
"D3","63","Polk","2013","6307406","RSLNT NUTRITION LLC","502 E MAIN ST","LAKELAND","33801","1136089","1","Food","Routine - Food","Inspection Completed - No Further Action","07/17/2026","","","0","0","0","0","Y","0","0","0","0","0","0","0","0","0","0","0","0","0","0","0","0","0","0","0","0","0","0","0","0","0","0","0","0","0","0","0","0","0","0","0","0","0","0","0","0","0","0","0","0","0","0","0","0","0","0","0","0","0","0","0","0","0","0","8745997","13739412"
"D3","63","Polk","2013","6307433","LAS EMPANADICTAS","1100 17-92 HWY N","HAINES CITY","33844","1132489","2","Food","Routine - Food","Call Back - Complied","07/01/2026","","","0","0","0","0","Y","0","0","0","0","0","0","0","0","0","0","0","0","0","0","0","0","0","0","0","0","0","0","0","0","0","0","0","0","0","0","0","0","0","0","0","0","0","0","0","0","0","0","0","0","0","0","0","0","0","0","0","0","0","0","0","0","0","0","9450611","13698782"
"D3","63","Polk","2013","6307457","LOVING HUT VEGAN CUISINE","3375 34TH STREET NORTH, UNIT 101","ST. PETERSBURG","33713","1134746","1","Food","Food-Licensing Inspection","Inspection Completed - No Further Action","07/10/2026","","","0","0","0","0","Y","0","0","0","0","0","0","0","0","0","0","0","0","0","0","0","0","0","0","0","0","0","0","0","0","0","0","0","0","0","0","0","0","0","0","0","0","0","0","0","0","0","0","0","0","0","0","0","0","0","0","0","0","0","0","0","0","0","0","9940050","13680576"
"D3","63","Polk","2013","6307461","RESERVE HAUTE","2080 E EDGEWOOD DR","LAKELAND","33803","1136636","1","Food","Food-Licensing Inspection","Inspection Completed - No Further Action","07/24/2026","","","0","0","0","0","Y","0","0","0","0","0","0","0","0","0","0","0","0","0","0","0","0","0","0","0","0","0","0","0","0","0","0","0","0","0","0","0","0","0","0","0","0","0","0","0","0","0","0","0","0","0","0","0","0","0","0","0","0","0","0","0","0","0","0","9995043","13841736"
"D3","63","Polk","2013","6307463","BERBS HOMEMADE LEMONADE","104 W CENTRAL AVE","WINTER HAVEN","33880","1136713","1","Food","Food-Licensing Inspection","Inspection Completed - No Further Action","07/29/2026","","","0","0","0","0","Y","0","0","0","0","0","0","0","0","0","0","0","0","0","0","0","0","0","0","0","0","0","0","0","0","0","0","0","0","0","0","0","0","0","0","0","0","0","0","0","0","0","0","0","0","0","0","0","0","0","0","0","0","0","0","0","0","0","0","10025318","13857958"
"D3","63","Polk","2014","6350553","FIESTA TROPICAL MARKET","547 E BRIDGERS AVE","AUBURNDALE","33823","1343751","1","Food","Routine - Food","Inspection Completed - No Further Action","07/16/2026","","","3","0","1","2","Y","0","0","0","0","0","0","0","0","0","0","0","0","0","0","0","0","0","0","0","0","0","0","1","0","0","0","0","0","1","0","1","0","0","0","0","0","0","0","0","0","0","0","0","0","0","0","0","0","0","0","0","0","0","0","0","0","0","0","3763828","13735294"
"D3","63","Polk","2014","6350605","MONICA'S TACOS CORP","5757 HWY 98 S","HIGHLAND CITY","33846","1341259","1","Food","Routine - Food","Inspection Completed - No Further Action","07/24/2026","","","2","1","1","0","Y","0","1","1","0","0","0","0","0","0","0","0","0","0","0","0","0","0","0","0","0","0","0","0","0","0","0","0","0","0","0","0","0","0","0","0","0","0","0","0","0","0","0","0","0","0","0","0","0","0","0","0","0","0","0","0","0","0","0","6421061","13732802"
"D3","63","Polk","2014","6350617","GFS CATERINGLLC","2849 WEST GAFFNEY ROAD","AVON PARK","33825","1338218","1","Food","Routine - Food","Inspection Completed - No Further Action","07/04/2026","","","0","0","0","0","Y","0","0","0","0","0","0","0","0","0","0","0","0","0","0","0","0","0","0","0","0","0","0","0","0","0","0","0","0","0","0","0","0","0","0","0","0","0","0","0","0","0","0","0","0","0","0","0","0","0","0","0","0","0","0","0","0","0","0","7932240","13729760"
"D3","63","Polk","2014","6350618","FAMILY FOOD DEPOT","2727 THORNHILL ROAD","AUBURNDALE","33823","1339990","1","Food","Routine - Food","Inspection Completed - No Further Action","07/14/2026","","","1","0","0","1","Y","0","0","0","0","0","0","0","0","0","0","0","0","0","0","0","0","0","0","0","0","0","1","0","0","0","0","0","0","0","0","0","0","0","0","0","0","0","0","0","0","0","0","0","0","0","0","0","0","0","0","0","0","0","0","0","0","0","0","4300646","13731533"
"D3","63","Polk","2014","6350623","MI RANCHO","1156 HWY 92 W","AUBURNDALE","33823","1341225","1","Food","Routine - Food","Inspection Completed - No Further Action","07/14/2026","","","1","0","0","1","Y","0","0","0","0","0","0","0","0","0","0","0","0","0","0","0","0","0","0","0","0","0","0","1","0","0","0","0","0","0","0","0","0","0","0","0","0","0","0","0","0","0","0","0","0","0","0","0","0","0","0","0","0","0","0","0","0","0","0","4356166","13732768"
"D3","63","Polk","2014","6350654","WHATCHA GOT COOKIN","118 E WALL ST","FROSTPROOF","33843","1340369","1","Food","Routine - Food","Inspection Completed - No Further Action","07/21/2026","","","0","0","0","0","Y","0","0","0","0","0","0","0","0","0","0","0","0","0","0","0","0","0","0","0","0","0","0","0","0","0","0","0","0","0","0","0","0","0","0","0","0","0","0","0","0","0","0","0","0","0","0","0","0","0","0","0","0","0","0","0","0","0","0","5504785","13731912"
"D3","63","Polk","2014","6350656","AMIT PATEL","3035 THORNHILL RD","WINTER HAVEN","33880","1340017","1","Food","Routine - Food","Inspection Completed - No Further Action","07/28/2026","","","0","0","0","0","Y","0","0","0","0","0","0","0","0","0","0","0","0","0","0","0","0","0","0","0","0","0","0","0","0","0","0","0","0","0","0","0","0","0","0","0","0","0","0","0","0","0","0","0","0","0","0","0","0","0","0","0","0","0","0","0","0","0","0","5806997","13731560"
"D3","63","Polk","2014","6350739","VC'S KITCHEN CORP","305 SNIVELY AVE","ELOISE","33880","1342515","1","Food","Routine - Food","Warning Issued","07/09/2026","","","3","0","1","2","Y","0","0","0","0","0","0","0","0","0","0","0","0","0","0","0","0","0","0","0","0","0","0","0","0","0","0","0","0","0","0","0","0","0","0","0","0","0","0","0","0","0","0","0","0","0","0","0","0","0","0","2","0","1","0","0","0","0","0","5972973","13734058"
"D3","63","Polk","2014","6350747","PATEL RENTAL","3035 THORNHILL ROAD","WINTER HAVEN","33880","1337451","1","Food","Routine - Food","Inspection Completed - No Further Action","07/15/2026","","","1","0","1","0","Y","0","0","0","0","0","0","0","0","0","0","0","0","0","0","0","0","0","0","0","0","0","0","0","0","0","0","0","0","0","0","1","0","0","0","0","0","0","0","0","0","0","0","0","0","0","0","0","0","0","0","0","0","0","0","0","0","0","0","6097843","13728993"
"D3","63","Polk","2014","6350788","TAQUERIA SAN JOSE","1003 RIFLE RANGE RD","WINTER HAVEN","33880","1338881","1","Food","Routine - Food","Inspection Completed - No Further Action","07/23/2026","","","1","0","0","1","Y","0","0","0","0","0","0","0","0","0","0","0","0","0","0","0","0","0","0","0","0","0","0","0","1","0","0","0","0","0","0","0","0","0","0","0","0","0","0","0","0","0","0","0","0","0","0","0","0","0","0","0","0","0","0","0","0","0","0","6380677","13730424"
"D3","63","Polk","2014","6350851","RENTERIA ERENDIRA","95 DUNDEE RD","DUNDEE","33838","1335381","1","Food","Routine - Food","Inspection Completed - No Further Action","07/27/2026","","","1","0","0","1","Y","0","0","0","0","0","0","0","0","0","0","0","0","0","0","0","0","0","0","0","0","0","0","0","0","0","0","0","0","1","0","0","0","0","0","0","0","0","0","0","0","0","0","0","0","0","0","0","0","0","0","0","0","0","0","0","0","0","0","6904000","13726922"
"D3","63","Polk","2014","6350903","TAQUERIA EL BURRITO","1035 S COMBEE RD","LAKELAND","33801","1340396","1","Food","Routine - Food","Inspection Completed - No Further Action","07/17/2026","","","4","0","3","1","Y","0","0","0","0","0","0","0","0","0","0","0","0","0","0","0","1","0","0","0","0","0","2","0","0","0","0","0","0","0","0","1","0","0","0","0","0","0","0","0","0","0","0","0","0","0","0","0","0","0","0","0","0","0","0","0","0","0","0","7230663","13731939"
"D3","63","Polk","2014","6350904","EL BUEN TACO LLC","3044 STATE ROAD 60E","LAKE WALES","33898","1343927","1","Food","Routine - Food","Inspection Completed - No Further Action","07/17/2026","","","2","0","0","2","Y","0","0","0","0","0","0","0","0","0","0","0","0","0","0","0","0","0","0","0","0","0","0","0","0","0","0","0","0","0","0","0","0","1","0","0","1","0","0","0","0","0","0","0","0","0","0","0","0","0","0","0","0","0","0","0","0","0","0","8192083","13735470"
"D3","63","Polk","2014","6350917","EL AMIGO TACAZO","3895 RECKER HWY","WINTER HAVEN","33880","1335751","1","Food","Routine - Food","Inspection Completed - No Further Action","07/24/2026","","","2","0","1","1","Y","0","0","0","0","0","0","0","1","0","0","0","0","0","0","0","0","0","0","0","0","0","0","0","0","0","0","0","0","0","0","1","0","0","0","0","0","0","0","0","0","0","0","0","0","0","0","0","0","0","0","0","0","0","0","0","0","0","0","9647123","13727292"
"D3","63","Polk","2014","6350937","TAQUERIA SAN MIGUEL DE YURIRIA ","5435 LEWELLYN RD UNIT 8","LAKELAND","33810","1341501","1","Food","Routine - Food","Warning Issued","07/17/2026","","","3","0","2","1","Y","0","0","0","0","0","0","0","0","0","0","0","0","0","0","0","0","0","0","0","0","0","1","0","0","0","0","0","0","0","0","1","0","0","0","0","0","0","0","0","0","0","0","0","0","0","0","0","0","0","0","0","0","1","0","0","0","0","0","8652045","13733044"
"D3","63","Polk","2014","6350939","TACO-RIENDO","300 MARTHA DRIVE","LAKE WALES","33898","1340052","1","Food","Routine - Food","Inspection Completed - No Further Action","07/17/2026","","","0","0","0","0","Y","0","0","0","0","0","0","0","0","0","0","0","0","0","0","0","0","0","0","0","0","0","0","0","0","0","0","0","0","0","0","0","0","0","0","0","0","0","0","0","0","0","0","0","0","0","0","0","0","0","0","0","0","0","0","0","0","0","0","7531642","13731595"
"D3","63","Polk","2014","6350979","5 HERMANOS BAKED POTATOES","620 DUNDEE ROAD, VIN 0192","DUNDEE","33838","1343874","1","Food","Routine - Food","Inspection Completed - No Further Action","07/08/2026","","","0","0","0","0","Y","0","0","0","0","0","0","0","0","0","0","0","0","0","0","0","0","0","0","0","0","0","0","0","0","0","0","0","0","0","0","0","0","0","0","0","0","0","0","0","0","0","0","0","0","0","0","0","0","0","0","0","0","0","0","0","0","0","0","7712231","13735417"
"D3","63","Polk","2014","6351025","USA MOFONGO Y ALGO MAS LLC","802  N COMBEE RD","LAKELAND","33801","1341554","1","Food","Routine - Food","Inspection Completed - No Further Action","07/16/2026","","","2","0","1","1","Y","0","0","0","0","0","0","0","0","0","0","0","0","0","0","0","0","0","0","0","0","0","1","0","0","0","0","0","0","0","0","1","0","0","0","0","0","0","0","0","0","0","0","0","0","0","0","0","0","0","0","0","0","0","0","0","0","0","0","8826068","13733097"
"D3","63","Polk","2014","6351076","LILIS LUVIANOS TAQUERIA","19509 HWY 27","LAKE WALES","33853","1338946","1","Food","Routine - Food","Inspection Completed - No Further Action","07/23/2026","","","2","0","0","2","Y","0","0","0","0","0","0","0","0","0","0","0","0","0","1","0","0","0","0","0","0","0","0","0","1","0","0","0","0","0","0","0","0","0","0","0","0","0","0","0","0","0","0","0","0","0","0","0","0","0","0","0","0","0","0","0","0","0","0","8415074","13730489"
"D3","63","Polk","2014","6351125","ROSITAS SON LLC","1205  LAKELAND HILLS BLVD","LAKELAND ","33805","1336820","1","Food","Routine - Food","Inspection Completed - No Further Action","07/23/2026","","","2","0","1","1","Y","0","0","0","0","0","0","0","0","0","0","0","0","0","0","0","0","0","0","0","0","0","1","0","0","0","0","0","0","0","0","1","0","0","0","0","0","0","0","0","0","0","0","0","0","0","0","0","0","0","0","0","0","0","0","0","0","0","0","9475986","13728362"
"D3","63","Polk","2014","6351143","CAMP MARGARITAVILLE AUBURNDALE","361 DENTON AVE","AUBURNDALE","33823","1318404","2","Food","Routine - Food","Call Back - Admin. complaint recommended","07/14/2026","","","1","0","0","1","Y","0","0","0","0","0","0","0","0","0","0","0","0","0","0","0","0","0","0","0","0","0","0","0","0","0","0","0","0","0","0","0","0","0","0","0","0","0","0","0","0","0","0","0","0","0","0","0","0","0","0","1","0","0","0","0","0","0","0","8399603","13694658"
"D3","63","Polk","2014","6351152","UNCLE BUCKY'S SOUTHERN BBQ","3342 WINTER LAKE RD","LAKELAND","33801","1335083","1","Food","Routine - Food","Inspection Completed - No Further Action","07/17/2026","","","2","0","2","0","Y","0","0","0","0","0","0","0","0","0","0","0","0","0","0","0","0","0","0","0","0","0","1","0","0","0","0","0","0","0","0","1","0","0","0","0","0","0","0","0","0","0","0","0","0","0","0","0","0","0","0","0","0","0","0","0","0","0","0","8360059","13726624"
"D3","63","Polk","2014","6351164","DUSTY'S TACOS LLC","333 EB ST","FROSTPROOF","33843","1335103","1","Food","Routine - Food","Inspection Completed - No Further Action","07/01/2026","","","1","0","0","1","Y","0","0","0","0","0","0","0","0","0","0","0","0","0","0","0","0","0","0","0","0","0","0","0","1","0","0","0","0","0","0","0","0","0","0","0","0","0","0","0","0","0","0","0","0","0","0","0","0","0","0","0","0","0","0","0","0","0","0","8431673","13726644"
"D3","63","Polk","2014","6351173","TAQUERIA MICHOACANA Y EL CORA","910 N SCENIC HWY","BABSON PARK","33827","1337663","1","Food","Routine - Food","Inspection Completed - No Further Action","07/28/2026","","","1","1","0","0","Y","0","0","0","0","0","0","0","1","0","0","0","0","0","0","0","0","0","0","0","0","0","0","0","0","0","0","0","0","0","0","0","0","0","0","0","0","0","0","0","0","0","0","0","0","0","0","0","0","0","0","0","0","0","0","0","0","0","0","8498279","13729205"
"D3","63","Polk","2014","6351212","RIKO POLLO","711 E MAIN ST","HAINES CITY","33844","1342786","1","Food","Routine - Food","Warning Issued","07/16/2026","","","2","0","1","1","Y","0","0","0","0","0","0","0","0","0","0","0","0","0","0","0","0","0","0","0","0","1","0","0","0","0","0","0","0","0","0","0","0","0","0","0","0","0","0","0","0","0","0","0","0","0","0","0","0","0","0","0","0","1","0","0","0","0","0","8567508","13734329"
"D3","63","Polk","2014","6351249","TACOS CHATO","3979 NEW TAMPA HWY","LAKELAND","33815","1341514","1","Food","Routine - Food","Inspection Completed - No Further Action","07/14/2026","","","2","0","1","1","Y","0","0","0","0","0","0","0","0","0","0","0","1","0","0","0","0","0","0","0","0","0","0","0","0","0","0","0","0","0","0","1","0","0","0","0","0","0","0","0","0","0","0","0","0","0","0","0","0","0","0","0","0","0","0","0","0","0","0","8687954","13733057"
"D3","63","Polk","2014","6351274","GEKS BLESSED FRUITS LLC","3979 NEW TAMPA HWY","LAKELAND","33815","1335220","1","Food","Routine - Food","Inspection Completed - No Further Action","07/14/2026","","","1","0","1","0","Y","0","0","0","0","0","0","0","0","0","0","0","0","0","0","0","0","0","0","0","0","0","1","0","0","0","0","0","0","0","0","0","0","0","0","0","0","0","0","0","0","0","0","0","0","0","0","0","0","0","0","0","0","0","0","0","0","0","0","8738298","13726761"
"D3","63","Polk","2014","6351275","TAQUERIA LA MICHUACANA Y EL CORA 1","910 N SCENIC HWY","BABSON PARK","33827","1344056","1","Food","Routine - Food","Inspection Completed - No Further Action","07/09/2026","","","4","1","1","2","Y","0","0","0","0","0","0","0","1","0","0","0","0","0","0","0","1","0","0","0","0","0","0","0","0","0","0","0","0","0","0","0","0","0","0","2","0","0","0","0","0","0","0","0","0","0","0","0","0","0","0","0","0","0","0","0","0","0","0","8800064","13735599"
"D3","63","Polk","2014","6351303","TACOS EL REY ","3802 RIFLE RANGE RD","WINTER HAVEN","33880","1345922","1","Food","Routine - Food","Administrative complaint recommended","07/28/2026","","","4","1","0","3","Y","0","0","0","0","0","0","0","0","0","0","0","0","0","0","0","0","0","0","0","0","0","0","0","0","0","0","0","0","0","0","0","0","0","0","0","0","0","0","0","0","0","0","0","0","0","0","0","0","0","2","2","0","0","0","0","0","0","0","8856853","13737466"
"D3","63","Polk","2014","6351304","TAQUERIA LAS CUNADAS LLC","1015 S SCENIC HWY","FROSTPROOF - 280","33843","1343509","1","Food","Routine - Food","Inspection Completed - No Further Action","07/21/2026","","","1","0","0","1","Y","0","0","0","0","0","0","0","1","0","0","0","0","0","0","0","0","0","0","0","0","0","0","0","0","0","0","0","0","0","0","0","0","0","0","0","0","0","0","0","0","0","0","0","0","0","0","0","0","0","0","0","0","0","0","0","0","0","0","8858343","13735052"
"D3","63","Polk","2014","6351319","HY TECH CUSINE 2","7400 E STATE RD 60","BARTOW","33830","1340340","1","Food","Routine - Food","Inspection Completed - No Further Action","07/29/2026","","","1","0","1","0","Y","0","0","0","0","0","0","0","0","0","0","0","0","0","0","0","1","0","0","0","0","0","0","0","0","0","0","0","0","0","0","0","0","0","0","0","0","0","0","0","0","0","0","0","0","0","0","0","0","0","0","0","0","0","0","0","0","0","0","8881051","13731883"
"D3","63","Polk","2014","6351325","FLIPPERS FRY AND GRILL","2500 US HWY 92 E","LAKELAND","33801","1337993","1","Food","Routine - Food","Inspection Completed - No Further Action","07/24/2026","","","1","0","1","0","Y","0","0","0","0","0","0","0","0","0","0","0","0","0","0","0","0","0","0","0","0","0","1","0","0","0","0","0","0","0","0","0","0","0","0","0","0","0","0","0","0","0","0","0","0","0","0","0","0","0","0","0","0","0","0","0","0","0","0","8914189","13729535"
"D3","63","Polk","2014","6351339","THE MOFONGOS HOUSE","5008 SPIRIT LAKE RD","WINTER HAVEN","33880","1345278","1","Food","Routine - Food","Administrative complaint recommended","07/29/2026","","","2","1","0","1","Y","0","0","0","0","0","0","0","0","0","0","0","0","0","0","0","0","0","0","0","0","0","1","0","0","0","0","0","0","0","0","0","0","0","0","0","0","0","0","0","0","0","0","0","0","0","0","0","0","0","1","0","0","0","0","0","0","0","0","8988715","13736822"
"D3","63","Polk","2014","6351351","THE LAKE HOUSE KITCHEN 4 LLC","695 AVE K SW","WINTER HAVEN","33880","1346135","1","Food","Routine - Food","Administrative complaint recommended","07/27/2026","","","4","1","1","2","Y","0","0","0","0","0","0","0","0","0","0","0","0","0","0","0","0","0","0","0","0","0","0","0","0","0","0","0","0","0","0","1","0","0","0","0","0","0","0","0","0","0","0","0","0","0","0","0","0","0","1","2","0","0","0","0","0","0","0","9038968","13737679"
"D3","63","Polk","2014","6351371","FRUTAMANIA","5385 FLORIDA AVE S","LAKELAND","33813","1337868","1","Food","Routine - Food","Inspection Completed - No Further Action","07/01/2026","","","0","0","0","0","Y","0","0","0","0","0","0","0","0","0","0","0","0","0","0","0","0","0","0","0","0","0","0","0","0","0","0","0","0","0","0","0","0","0","0","0","0","0","0","0","0","0","0","0","0","0","0","0","0","0","0","0","0","0","0","0","0","0","0","9092620","13729410"
"D3","63","Polk","2014","6351405","THREE BLACK PIGS","5775 E JOHNSON AVE","HAINES CITY","33844","1335898","1","Food","Routine - Food","Inspection Completed - No Further Action","07/17/2026","","","1","0","0","1","Y","0","0","0","0","0","0","0","1","0","0","0","0","0","0","0","0","0","0","0","0","0","0","0","0","0","0","0","0","0","0","0","0","0","0","0","0","0","0","0","0","0","0","0","0","0","0","0","0","0","0","0","0","0","0","0","0","0","0","9766634","13727440"
"D3","63","Polk","2014","6351442","LA COCINA DE LUZMA","741 N WABASH AVE","LAKELAND","33815","1344319","1","Food","Routine - Food","Inspection Completed - No Further Action","07/22/2026","","","1","0","0","1","Y","0","0","0","0","0","0","0","0","0","0","0","0","0","0","0","0","0","0","0","0","0","1","0","0","0","0","0","0","0","0","0","0","0","0","0","0","0","0","0","0","0","0","0","0","0","0","0","0","0","0","0","0","0","0","0","0","0","0","9336319","13735863"
"D3","63","Polk","2014","6351454","REAL ACAI LLC","6021 S FLORIDA AVE","LAKELAND","33813","1336747","1","Food","Routine - Food","Inspection Completed - No Further Action","07/24/2026","","","1","0","0","1","Y","0","0","0","0","0","0","0","0","0","0","0","0","0","0","0","0","0","0","0","0","0","0","0","0","0","0","0","0","0","0","0","0","0","0","0","0","0","0","0","0","0","0","0","0","0","0","0","0","0","1","0","0","0","0","0","0","0","0","9368947","13728289"
"D3","63","Polk","2014","6351456","TACOS EL CHIGUINO","1323 STATE ROAD 60","LAKE WALES","33853","1338068","1","Food","Routine - Food","Inspection Completed - No Further Action","07/16/2026","","","0","0","0","0","Y","0","0","0","0","0","0","0","0","0","0","0","0","0","0","0","0","0","0","0","0","0","0","0","0","0","0","0","0","0","0","0","0","0","0","0","0","0","0","0","0","0","0","0","0","0","0","0","0","0","0","0","0","0","0","0","0","0","0","9399696","13729610"
"D3","63","Polk","2014","6351467","CAFE CONDESA","701 E HINSON AVE","HAINES CITY","33844","1335485","1","Food","Routine - Food","Inspection Completed - No Further Action","07/28/2026","","","0","0","0","0","Y","0","0","0","0","0","0","0","0","0","0","0","0","0","0","0","0","0","0","0","0","0","0","0","0","0","0","0","0","0","0","0","0","0","0","0","0","0","0","0","0","0","0","0","0","0","0","0","0","0","0","0","0","0","0","0","0","0","0","9433242","13727026"
"D3","63","Polk","2014","6351499","EL AMIGO DEL POBRE","741 N WABASH AVE","LAKELAND","33815","1339388","1","Food","Routine - Food","Inspection Completed - No Further Action","07/22/2026","","","1","0","0","1","Y","0","0","0","0","0","0","0","0","0","0","0","0","0","0","0","0","0","0","0","0","0","0","0","0","0","0","0","0","0","0","1","0","0","0","0","0","0","0","0","0","0","0","0","0","0","0","0","0","0","0","0","0","0","0","0","0","0","0","9525945","13730931"
"D3","63","Polk","2014","6351501","DELICIAS LA CAMPANITA","3301 RIFLE RANGE RD","WINTER HAVEN","33880","1339402","1","Food","Routine - Food","Warning Issued","07/15/2026","","","2","0","2","0","Y","0","0","0","0","0","0","0","0","0","0","0","0","0","0","0","0","0","0","0","0","0","1","0","0","0","0","0","0","0","0","0","0","0","0","0","0","0","0","0","0","0","0","0","0","0","0","0","0","0","0","0","0","1","0","0","0","0","0","9544586","13730945"
"D3","63","Polk","2014","6351508","TISTA'S PIZZA","950 LILY AVE","HAINES CITY","33844","1317962","2","Food","Routine - Food","Call Back - Complied","07/14/2026","","","0","0","0","0","Y","0","0","0","0","0","0","0","0","0","0","0","0","0","0","0","0","0","0","0","0","0","0","0","0","0","0","0","0","0","0","0","0","0","0","0","0","0","0","0","0","0","0","0","0","0","0","0","0","0","0","0","0","0","0","0","0","0","0","9554089","13694782"
"D3","63","Polk","2014","6351517","BELLAS TAMALES Y MAS","603 N SCENIC HWY","LAKE WALES","33853","1339501","1","Food","Routine - Food","Inspection Completed - No Further Action","07/01/2026","","","0","0","0","0","Y","0","0","0","0","0","0","0","0","0","0","0","0","0","0","0","0","0","0","0","0","0","0","0","0","0","0","0","0","0","0","0","0","0","0","0","0","0","0","0","0","0","0","0","0","0","0","0","0","0","0","0","0","0","0","0","0","0","0","9568771","13731044"
"D3","63","Polk","2014","6351608","CAPI CUA 25 ","5385 S FLORIDA AVE","LAKELAND","33813","1343368","1","Food","Routine - Food","Warning Issued","07/01/2026","","","3","0","2","1","Y","0","0","0","0","0","0","0","0","0","0","0","0","0","0","0","0","0","0","0","0","0","0","0","0","0","0","0","0","0","0","0","0","0","0","0","0","0","0","0","0","0","0","0","0","0","0","0","0","0","1","0","0","2","0","0","0","0","0","9727486","13734911"
"D3","63","Polk","2014","6351614","SUZU BOBA","104 W CENTRAL AVE","WINTER HAVEN","33880","1343480","1","Food","Routine - Food","Inspection Completed - No Further Action","07/09/2026","","","0","0","0","0","Y","0","0","0","0","0","0","0","0","0","0","0","0","0","0","0","0","0","0","0","0","0","0","0","0","0","0","0","0","0","0","0","0","0","0","0","0","0","0","0","0","0","0","0","0","0","0","0","0","0","0","0","0","0","0","0","0","0","0","9804241","13735023"
"D3","63","Polk","2014","6351621","HOA MAI - (APRICOT BLOSSOM) VIETNAMESE FOOD","104 W CENTRAL AVE","WINTER HAVEN","33880","1335799","1","Food","Routine - Food","Inspection Completed - No Further Action","07/09/2026","","","0","0","0","0","Y","0","0","0","0","0","0","0","0","0","0","0","0","0","0","0","0","0","0","0","0","0","0","0","0","0","0","0","0","0","0","0","0","0","0","0","0","0","0","0","0","0","0","0","0","0","0","0","0","0","0","0","0","0","0","0","0","0","0","9822439","13727340"
"D3","63","Polk","2014","6351645","PAPA RITOS MEXICAN FOOD","5385 FLORIDA AVE S","LAKELAND","33811","1339777","1","Food","Routine - Food","Inspection Completed - No Further Action","07/01/2026","","","2","1","0","1","Y","0","0","1","0","0","0","0","0","0","0","0","0","0","0","0","0","0","0","0","0","0","0","0","0","0","0","0","0","0","0","0","0","0","0","0","0","0","0","0","0","0","0","0","0","0","0","0","0","0","1","0","0","0","0","0","0","0","0","9906218","13731320"
"D3","63","Polk","2014","6351654","UN KBN SANDWHICH BY LESLIE","823 EAGLE RIDGE DR UNIT 600","LAKE WALES","33859","1337191","1","Food","Routine - Food","Inspection Completed - No Further Action","07/29/2026","","","1","0","0","1","Y","0","0","0","0","0","0","0","0","0","1","0","0","0","0","0","0","0","0","0","0","0","0","0","0","0","0","0","0","0","0","0","0","0","0","0","0","0","0","0","0","0","0","0","0","0","0","0","0","0","0","0","0","0","0","0","0","0","0","9864549","13728733"
"D3","63","Polk","2014","6351668","DZ FRUTAS","1155 W PIPKIN RD","LAKELAND","33811","1341120","1","Food","Routine - Food","Inspection Completed - No Further Action","07/16/2026","","","3","0","2","1","Y","0","1","0","0","0","0","0","0","0","0","0","0","0","0","0","1","0","0","0","0","0","0","0","0","0","0","0","0","0","0","0","0","0","0","0","0","0","0","0","0","0","0","0","0","0","0","0","0","0","1","0","0","0","0","0","0","0","0","9959414","13732663"
"D3","63","Polk","2014","6351672","JAMAICAN WOODFIYAH KITCHEN LLC","7400 STATE ROUTE 60 EAST","BARTOW","33830","1347313","1","Food","Food-Licensing Inspection","Inspection Completed - No Further Action","07/29/2026","","","0","0","0","0","Y","0","0","0","0","0","0","0","0","0","0","0","0","0","0","0","0","0","0","0","0","0","0","0","0","0","0","0","0","0","0","0","0","0","0","0","0","0","0","0","0","0","0","0","0","0","0","0","0","0","0","0","0","0","0","0","0","0","0","9946627","13861337"
"D3","63","Polk","2014","6351695","A SENHORA ESFIHA","9350 US 192","DAVENPORT","33897","1334736","1","Food","Food-Licensing Inspection","Inspection Completed - No Further Action","07/07/2026","","","0","0","0","0","Y","0","0","0","0","0","0","0","0","0","0","0","0","0","0","0","0","0","0","0","0","0","0","0","0","0","0","0","0","0","0","0","0","0","0","0","0","0","0","0","0","0","0","0","0","0","0","0","0","0","0","0","0","0","0","0","0","0","0","9983911","13717030"
"D3","63","Polk","2014","6351696","VIDA LA VIVA FRESH","155 E MAIN ST","BARTOW","33830","1334850","1","Food","Food-Licensing Inspection","Inspection Completed - No Further Action","07/15/2026","","","0","0","0","0","Y","0","0","0","0","0","0","0","0","0","0","0","0","0","0","0","0","0","0","0","0","0","0","0","0","0","0","0","0","0","0","0","0","0","0","0","0","0","0","0","0","0","0","0","0","0","0","0","0","0","0","0","0","0","0","0","0","0","0","9994455","13721960"
"D3","63","Polk","2014","6351697","716 RED HOTS LLC","2080 E EDGEWOOD DR","LAKELAND","33803","1346801","1","Food","Food-Licensing Inspection","Inspection Completed - No Further Action","07/17/2026","","","0","0","0","0","Y","0","0","0","0","0","0","0","0","0","0","0","0","0","0","0","0","0","0","0","0","0","0","0","0","0","0","0","0","0","0","0","0","0","0","0","0","0","0","0","0","0","0","0","0","0","0","0","0","0","0","0","0","0","0","0","0","0","0","10015632","13845419"
"D3","63","Polk","2014","6351698","TAQUERIA EL JAROCHO","3802 RIFLE RANGE RD","WINTER HAVEN","33880","1334901","1","Food","Food-Licensing Inspection","Inspection Completed - No Further Action","07/17/2026","","","0","0","0","0","Y","0","0","0","0","0","0","0","0","0","0","0","0","0","0","0","0","0","0","0","0","0","0","0","0","0","0","0","0","0","0","0","0","0","0","0","0","0","0","0","0","0","0","0","0","0","0","0","0","0","0","0","0","0","0","0","0","0","0","10002822","13723566"
"D3","63","Polk","2014","6351699","STREET KING LLC","35647 US 27","HAINES CITY","33844","1346988","1","Food","Food-Licensing Inspection","Inspection Completed - No Further Action","07/22/2026","","","0","0","0","0","Y","0","0","0","0","0","0","0","0","0","0","0","0","0","0","0","0","0","0","0","0","0","0","0","0","0","0","0","0","0","0","0","0","0","0","0","0","0","0","0","0","0","0","0","0","0","0","0","0","0","0","0","0","0","0","0","0","0","0","10014526","13849071"
"D3","63","Polk","2014","6351700","THE BARANGAY","1100 US HWY 17 92","HAINES CITY","33844","1334916","1","Food","Food-Licensing Inspection","Inspection Completed - No Further Action","07/24/2026","","","0","0","0","0","Y","0","0","0","0","0","0","0","0","0","0","0","0","0","0","0","0","0","0","0","0","0","0","0","0","0","0","0","0","0","0","0","0","0","0","0","0","0","0","0","0","0","0","0","0","0","0","0","0","0","0","0","0","0","0","0","0","0","0","10002495","13724872"
"D3","63","Polk","2015","6300142","BALMORAL RESORT","124 KENNY BLVD","HAINES CITY","33844","1116702","1","Food","Routine - Food","Inspection Completed - No Further Action","07/31/2026","","","0","0","0","0","Y","0","0","0","0","0","0","0","0","0","0","0","0","0","0","0","0","0","0","0","0","0","0","0","0","0","0","0","0","0","0","0","0","0","0","0","0","0","0","0","0","0","0","0","0","0","0","0","0","0","0","0","0","0","0","0","0","0","0","9436914","13725996"
"D3","63","Polk","2015","6300143","LAKEWALESBOW","950 EAGLE RIDGE DR","LAKE WALES","33898","1117134","1","Food","Routine - Food","Inspection Completed - No Further Action","07/01/2026","","","0","0","0","0","Y","0","0","0","0","0","0","0","0","0","0","0","0","0","0","0","0","0","0","0","0","0","0","0","0","0","0","0","0","0","0","0","0","0","0","0","0","0","0","0","0","0","0","0","0","0","0","0","0","0","0","0","0","0","0","0","0","0","0","9445016","13726429"
"D3","63","Polk","2015","6300148","AVI AT AMAZON MCO5","305 DEEN STILL RD","DAVENPORT","33897","1117143","1","Food","Routine - Food","Inspection Completed - No Further Action","07/14/2026","","","0","0","0","0","Y","0","0","0","0","0","0","0","0","0","0","0","0","0","0","0","0","0","0","0","0","0","0","0","0","0","0","0","0","0","0","0","0","0","0","0","0","0","0","0","0","0","0","0","0","0","0","0","0","0","0","0","0","0","0","0","0","0","0","9625909","13726438"
"D3","63","Polk","2015","6300149","AVI AT AMAZON MCO9","2841 ACCESS RD","DAVENPORT","33897","1116636","1","Food","Routine - Food","Inspection Completed - No Further Action","07/30/2026","","","0","0","0","0","Y","0","0","0","0","0","0","0","0","0","0","0","0","0","0","0","0","0","0","0","0","0","0","0","0","0","0","0","0","0","0","0","0","0","0","0","0","0","0","0","0","0","0","0","0","0","0","0","0","0","0","0","0","0","0","0","0","0","0","9625920","13725930"
"D3","63","Polk","2015","6300150","AVI @ AMAZON-MCO5 BACK","305 DEEN STILL RD","DAVENPORT","33054","1116719","1","Food","Routine - Food","Inspection Completed - No Further Action","07/14/2026","","","0","0","0","0","Y","0","0","0","0","0","0","0","0","0","0","0","0","0","0","0","0","0","0","0","0","0","0","0","0","0","0","0","0","0","0","0","0","0","0","0","0","0","0","0","0","0","0","0","0","0","0","0","0","0","0","0","0","0","0","0","0","0","0","9721279","13726013"
"D3","63","Polk","2015","6300151","AVI @ AMAZON-MCO9 BACK","2841 ACCESS RD","DAVENPORT","33897","1117089","1","Food","Routine - Food","Inspection Completed - No Further Action","07/30/2026","","","0","0","0","0","Y","0","0","0","0","0","0","0","0","0","0","0","0","0","0","0","0","0","0","0","0","0","0","0","0","0","0","0","0","0","0","0","0","0","0","0","0","0","0","0","0","0","0","0","0","0","0","0","0","0","0","0","0","0","0","0","0","0","0","9721291","13726384"
"D3","70","Sumter","2010","7000298","KFC/TACO BELL #9","1969 W CR 48","BUSHNELL","33513","3758130","1","Food","Complaint Full","Inspection Completed - No Further Action","07/29/2026","","","4","1","1","2","Y","0","0","0","0","0","0","0","0","0","0","0","0","0","0","0","0","0","0","0","0","0","1","0","1","0","0","0","0","1","0","0","0","0","0","0","1","0","0","0","0","0","0","0","0","0","0","0","0","0","0","0","0","0","0","0","0","0","0","2818244","13848505"
"D3","70","Sumter","2010","7000382","THE DAM PUB LLC","4666 CR 300","LAKE PANASOFFKEE","33538","3699572","2","Food","Complaint Full","Call Back - Complied","07/16/2026","","","0","0","0","0","Y","0","0","0","0","0","0","0","0","0","0","0","0","0","0","0","0","0","0","0","0","0","0","0","0","0","0","0","0","0","0","0","0","0","0","0","0","0","0","0","0","0","0","0","0","0","0","0","0","0","0","0","0","0","0","0","0","0","0","5530873","13711984"
"D3","70","Sumter","2010","7000400","SONNY'S BAR-B-QUE","2684 W CR 48","BUSHNELL","33513","3701940","1","Food","Routine - Food","Inspection Completed - No Further Action","07/29/2026","","","1","0","1","0","Y","0","0","0","0","0","0","0","0","0","0","0","0","0","0","0","0","0","0","0","0","0","0","0","0","0","0","0","0","0","0","1","0","0","0","0","0","0","0","0","0","0","0","0","0","0","0","0","0","0","0","0","0","0","0","0","0","0","0","3851717","13740415"
"D3","70","Sumter","2010","7000403","WENDY'S #9447","2159 W CR 48","BUSHNELL","33513","3736254","1","Food","Routine - Food","Inspection Completed - No Further Action","07/29/2026","","","0","0","0","0","Y","0","0","0","0","0","0","0","0","0","0","0","0","0","0","0","0","0","0","0","0","0","0","0","0","0","0","0","0","0","0","0","0","0","0","0","0","0","0","0","0","0","0","0","0","0","0","0","0","0","0","0","0","0","0","0","0","0","0","6388303","13774747"
"D3","70","Sumter","2010","7000404","WILDWOOD DINER","345 E SR 44","WILDWOOD","34785","3759564","1","Food","Complaint Full","Warning Issued","07/28/2026","","","22","5","7","10","Y","2","2","1","0","2","0","0","1","0","1","1","2","0","0","0","0","0","0","0","0","1","1","1","0","0","0","0","0","2","0","2","1","0","0","0","1","0","0","0","0","1","0","0","0","0","0","0","0","0","0","0","0","0","0","0","0","0","0","10002787","13853346"
"D3","70","Sumter","2010","7000435","BOB EVANS RESTAURANT 532","2199 PARR DR","THE VILLAGES","32162-5380","3729312","1","Food","Routine - Food","Warning Issued","07/29/2026","","","12","2","2","8","Y","0","0","1","0","0","0","0","1","0","0","1","1","1","0","0","1","0","0","0","0","1","2","1","0","0","0","0","0","1","0","0","0","0","0","0","1","0","0","0","0","0","0","0","0","0","0","0","0","0","0","0","0","0","0","0","0","0","0","6848139","13767805"
"D3","70","Sumter","2010","7000435","BOB EVANS RESTAURANT 532","2199 PARR DR","THE VILLAGES","32162-5380","3729312","2","Food","Routine - Food","Call Back - Complied","07/30/2026","","","0","0","0","0","Y","0","0","0","0","0","0","0","0","0","0","0","0","0","0","0","0","0","0","0","0","0","0","0","0","0","0","0","0","0","0","0","0","0","0","0","0","0","0","0","0","0","0","0","0","0","0","0","0","0","0","0","0","0","0","0","0","0","0","6848139","13863667"
"D3","70","Sumter","2010","7000440","THAI RUBY","1064 CANAL ST","THE VILLAGES","32162","3687638","2","Food","Routine - Food","Call Back - Admin. complaint recommended","07/09/2026","","","1","0","1","0","Y","0","0","0","0","0","0","0","0","0","0","0","0","0","0","0","0","0","0","0","0","0","0","0","0","0","0","0","0","0","0","0","0","0","0","0","0","0","0","0","0","0","0","0","0","0","0","0","0","0","0","0","0","1","0","0","0","0","0","3055373","13687616"
"D3","70","Sumter","2010","7000443","CODYS ORIGINAL ROADHOUSE","1041 LAKESHORE DR","THE VILLAGES","32162","3758784","1","Food","Complaint Full","Warning Issued","07/29/2026","","","20","4","3","13","Y","0","0","2","0","0","0","0","0","0","1","0","1","2","2","0","0","0","0","0","0","1","1","1","2","0","0","0","0","0","0","2","0","0","0","3","2","0","0","0","0","0","0","0","0","0","0","0","0","0","0","0","0","0","0","0","0","0","0","4083478","13851137"
"D3","70","Sumter","2010","7000443","CODYS ORIGINAL ROADHOUSE","1041 LAKESHORE DR","THE VILLAGES","32162","3758784","2","Food","Complaint Full","Call Back - Complied","07/30/2026","","","1","0","0","1","Y","0","0","0","0","0","0","0","0","0","0","0","0","0","1","0","0","0","0","0","0","0","0","0","0","0","0","0","0","0","0","0","0","0","0","0","0","0","0","0","0","0","0","0","0","0","0","0","0","0","0","0","0","0","0","0","0","0","0","4083478","13863844"
"D3","70","Sumter","2010","7000444","DARRELL'S DINER 15","3469 WEDGEWOOD LN","THE VILLAGES","32162","3731431","1","Food","Routine - Food","Inspection Completed - No Further Action","07/14/2026","","","7","1","1","5","Y","0","0","1","0","0","0","0","1","0","0","0","0","0","1","0","0","0","0","0","0","0","1","0","1","0","0","0","0","0","0","0","0","0","0","0","1","0","0","0","1","0","0","0","0","0","0","0","0","0","0","0","0","0","0","0","0","0","0","7218826","13769924"
"D3","70","Sumter","2010","7000461","BEEF O' BRADY'S - BUSHNELL LLC","2586 W CR 48","BUSHNELL","33513","3741903","1","Food","Routine - Food","Inspection Completed - No Further Action","07/29/2026","","","6","0","1","5","Y","0","0","0","0","0","1","0","0","0","0","0","0","0","1","0","0","0","0","0","0","1","2","0","0","0","0","0","0","0","0","0","0","0","0","0","1","0","0","0","0","0","0","0","0","0","0","0","0","0","0","0","0","0","0","0","0","0","0","6041832","13780405"
"D3","70","Sumter","2010","7000477","CHINA GOURMET III","343 COLONY BLVD STE 108","THE VILLAGES","32162","3700037","1","Food","Complaint Full","Inspection Completed - No Further Action","07/21/2026","","","20","4","4","12","Y","2","0","1","0","0","0","0","5","0","1","0","1","0","1","0","1","0","0","0","0","1","1","1","0","1","0","0","0","0","0","1","0","0","0","0","1","0","0","0","0","0","0","0","0","0","0","0","0","0","1","0","0","1","0","0","0","0","0","3630784","13714342"
"D3","70","Sumter","2010","7000499","HONG KONG RESTAURANT","2229 W C 48","BUSHNELL","33513","3709446","1","Food","Routine - Food","Inspection Completed - No Further Action","07/20/2026","","","1","1","0","0","Y","0","0","0","0","0","0","0","1","0","0","0","0","0","0","0","0","0","0","0","0","0","0","0","0","0","0","0","0","0","0","0","0","0","0","0","0","0","0","0","0","0","0","0","0","0","0","0","0","0","0","0","0","0","0","0","0","0","0","6630248","13747939"
"D3","70","Sumter","2010","7000525","TROPICAL SMOOTHIE CAFE","4058 WEDGEWOOD LANE","THE VILLAGES","32162","3717818","1","Food","Routine - Food","Inspection Completed - No Further Action","07/31/2026","","","0","0","0","0","Y","0","0","0","0","0","0","0","0","0","0","0","0","0","0","0","0","0","0","0","0","0","0","0","0","0","0","0","0","0","0","0","0","0","0","0","0","0","0","0","0","0","0","0","0","0","0","0","0","0","0","0","0","0","0","0","0","0","0","8364329","13756311"
"D3","70","Sumter","2010","7000528","PANERA BREAD #4194","1010 LAKE SUMTER LANDING","THE VILLAGES","32162","3756201","1","Food","Complaint Full","Inspection Completed - No Further Action","07/15/2026","","","3","0","1","2","Y","0","0","0","0","0","0","0","0","0","0","0","0","1","0","0","0","0","0","0","0","0","1","1","0","0","0","0","0","0","0","0","0","0","0","0","0","0","0","0","0","0","0","0","0","0","0","0","0","0","0","0","0","0","0","0","0","0","0","4313002","13844902"
"D3","70","Sumter","2010","7000555","LITTLE CAESARS","2233 W CR 48","BUSHNELL","33513","3698662","1","Food","Complaint Full","Emergency order recommended","07/08/2026","","","9","2","3","4","Y","0","0","0","0","0","0","0","0","0","1","0","0","1","0","0","0","0","0","0","0","0","2","1","0","0","0","1","0","0","0","0","0","0","0","2","0","0","0","0","0","0","0","0","0","0","0","0","0","0","0","0","0","1","0","0","0","0","0","8062750","13702645"
"D3","70","Sumter","2010","7000555","LITTLE CAESARS","2233 W CR 48","BUSHNELL","33513","3698662","2","Food","Complaint Full","Emergency Order Callback Complied","07/10/2026","","","3","0","2","1","Y","0","0","0","0","0","0","0","0","0","0","0","0","0","0","0","0","0","0","0","0","0","1","1","0","0","0","0","0","0","0","0","0","0","0","0","0","0","0","0","0","0","0","0","0","0","0","0","0","0","0","0","0","1","0","0","0","0","0","8062750","13841653"
"D3","70","Sumter","2010","7000558","MEZZA LUNA AT THE VILLAGES","243 COLONY BLVD","THE VILLAGES","32162","3756264","1","Food","Complaint Full","Emergency order recommended","07/20/2026","","","8","2","1","5","Y","0","0","0","0","0","0","0","0","0","1","0","0","0","0","0","0","0","0","0","0","0","1","0","1","0","0","0","0","1","0","0","0","0","0","3","1","0","0","0","0","0","0","0","0","0","0","0","0","0","0","0","0","0","0","0","0","0","0","5652778","13845875"
"D3","70","Sumter","2010","7000558","MEZZA LUNA AT THE VILLAGES","243 COLONY BLVD","THE VILLAGES","32162","3756264","2","Food","Complaint Full","Emergency Order Callback Complied","07/20/2026","","","3","0","1","2","Y","0","0","0","0","0","0","0","0","0","0","0","0","0","0","0","0","0","0","0","0","0","1","0","1","0","0","0","0","0","0","0","0","0","0","0","1","0","0","0","0","0","0","0","0","0","0","0","0","0","0","0","0","0","0","0","0","0","0","5652778","13852738"
"D3","70","Sumter","2010","7000585","TOOJAY'S DELI","2835 BROWNWOOD BLVD","THE VILLAGES","32163","3736607","1","Food","Routine - Food","Inspection Completed - No Further Action","07/09/2026","","","3","2","0","1","Y","1","0","1","0","0","0","0","0","0","0","0","0","0","1","0","0","0","0","0","0","0","0","0","0","0","0","0","0","0","0","0","0","0","0","0","0","0","0","0","0","0","0","0","0","0","0","0","0","0","0","0","0","0","0","0","0","0","0","7856834","13775100"
"D3","70","Sumter","2010","7000592","DUNKIN DONUTS"," FL TURNPIKE MILE MARKER 299","WILDWOOD","34785","3697512","2","Food","Complaint Full","Call Back - Complied","07/17/2026","","","0","0","0","0","Y","0","0","0","0","0","0","0","0","0","0","0","0","0","0","0","0","0","0","0","0","0","0","0","0","0","0","0","0","0","0","0","0","0","0","0","0","0","0","0","0","0","0","0","0","0","0","0","0","0","0","0","0","0","0","0","0","0","0","6226642","13695703"
"D3","70","Sumter","2010","7000593","WENDYS"," FL TURNPIKE MILE MARKER 299","WILDWOOD","34785","3731436","1","Food","Routine - Food","Inspection Completed - No Further Action","07/17/2026","","","11","3","0","8","Y","1","0","2","0","0","1","0","0","0","0","0","1","0","1","0","0","0","0","0","0","1","0","0","1","0","0","0","0","0","0","0","0","1","0","0","1","0","0","0","0","0","1","0","0","0","0","0","0","0","0","0","0","0","0","0","0","0","0","6227897","13769929"
"D3","70","Sumter","2010","7000601","BURGER KING #23201","2215 W CR 48","BUSHNELL","33513","3696550","1","Food","Food-Licensing Inspection","Inspection Completed - No Further Action","07/20/2026","","","3","0","0","3","Y","0","0","0","0","0","0","0","0","0","0","0","0","0","0","0","0","0","0","0","0","0","0","1","0","0","0","0","0","0","0","0","0","0","0","0","2","0","0","0","0","0","0","0","0","0","0","0","0","0","0","0","0","0","0","0","0","0","0","9949378","13681577"
"D3","70","Sumter","2010","7000606","BOB EVANS RESTAURANT 587","360 COLONY BLVD.","THE VILLAGES","32162","3722353","1","Food","Routine - Food","Inspection Completed - No Further Action","07/20/2026","","","12","0","2","10","Y","0","0","0","0","0","0","0","1","0","1","0","0","1","2","0","1","0","0","0","0","2","0","1","0","0","0","0","0","0","0","1","0","0","0","0","1","0","0","0","0","0","1","0","0","0","0","0","0","0","0","0","0","0","0","0","0","0","0","6848958","13760846"
"D3","70","Sumter","2010","7000609","DARRELL'S DINER #13","2237 W COUNTY RD 48","BUSHNELL","33513","3756094","1","Food","Complaint Full","Inspection Completed - No Further Action","07/20/2026","","","2","0","0","2","Y","0","0","0","0","0","0","0","0","0","0","0","0","0","0","0","0","0","0","0","0","0","0","0","0","0","0","0","0","0","0","0","0","0","0","0","2","0","0","0","0","0","0","0","0","0","0","0","0","0","0","0","0","0","0","0","0","0","0","6800733","13843820"
"D3","70","Sumter","2010","7000636","DICKEYS BARBECUE PIT","2955 TRAVERSE TRAIL","WILDWOOD","34785","3694658","2","Food","Routine - Food","Call Back - Admin. complaint recommended","07/09/2026","","","2","1","1","0","Y","0","0","0","0","0","0","0","0","0","0","0","0","0","0","0","0","0","0","0","0","0","0","0","0","0","0","0","0","1","0","1","0","0","0","0","0","0","0","0","0","0","0","0","0","0","0","0","0","0","0","0","0","0","0","0","0","0","0","9917815","13724815"
"D3","70","Sumter","2010","7000641","LATIN FLAVORS BAR AND GRILL","13769 N US HWY 441","LADY LAKE","32159","3756027","1","Food","Complaint Full","Emergency order recommended","07/14/2026","","","9","3","2","4","Y","0","0","1","0","0","0","0","1","0","0","0","1","0","0","0","0","0","0","0","0","0","0","0","0","0","0","0","0","0","0","1","0","0","0","3","1","0","0","0","0","0","0","0","0","0","0","0","0","0","0","0","0","1","0","0","0","0","0","8688260","13842895"
"D3","70","Sumter","2010","7000641","LATIN FLAVORS BAR AND GRILL","13769 N US HWY 441","LADY LAKE","32159","3756027","2","Food","Complaint Full","Emergency Order Callback Not Complied","07/15/2026","","","2","1","0","1","Y","0","0","0","0","0","0","0","0","0","0","0","0","0","0","0","0","0","0","0","0","0","0","0","0","0","0","0","0","0","0","0","0","0","0","2","0","0","0","0","0","0","0","0","0","0","0","0","0","0","0","0","0","0","0","0","0","0","0","8688260","13845356"
"D3","70","Sumter","2010","7000641","LATIN FLAVORS BAR AND GRILL","13769 N US HWY 441","LADY LAKE","32159","3756027","3","Food","Complaint Full","Emergency Order Callback Complied","07/15/2026","","","0","0","0","0","Y","0","0","0","0","0","0","0","0","0","0","0","0","0","0","0","0","0","0","0","0","0","0","0","0","0","0","0","0","0","0","0","0","0","0","0","0","0","0","0","0","0","0","0","0","0","0","0","0","0","0","0","0","0","0","0","0","0","0","8688260","13846887"
"D3","70","Sumter","2010","7000641","LATIN FLAVORS BAR AND GRILL","13769 N US HWY 441","LADY LAKE","32159","3758364","1","Food","Complaint Partial","Inspection Completed - No Further Action","07/16/2026","","","0","0","0","0","Y","0","0","0","0","0","0","0","0","0","0","0","0","0","0","0","0","0","0","0","0","0","0","0","0","0","0","0","0","0","0","0","0","0","0","0","0","0","0","0","0","0","0","0","0","0","0","0","0","0","0","0","0","0","0","0","0","0","0","8688260","13849743"
"D3","70","Sumter","2010","7000661","WILLIE JEWELLS OLD SCHOOL BAR B Q","2161 & 2163 EVERGLADES LANE","THE VILLAGES","32163","3755719","1","Food","Complaint Full","Inspection Completed - No Further Action","07/21/2026","","","7","0","1","6","Y","0","0","0","0","0","0","0","0","0","0","0","1","0","1","0","0","0","0","0","0","1","1","0","1","0","0","0","0","0","0","0","0","0","0","1","1","0","0","0","0","0","0","0","0","0","0","0","0","0","0","0","0","0","0","0","0","0","0","7747004","13821009"
"D3","70","Sumter","2010","7000664","PICCOLO'S PIZZA","2006 N CR 470","LAKE PANASOFFKEE","33538","3695359","2","Food","Food-Licensing Inspection","Call Back - Complied","07/29/2026","","","0","0","0","0","Y","0","0","0","0","0","0","0","0","0","0","0","0","0","0","0","0","0","0","0","0","0","0","0","0","0","0","0","0","0","0","0","0","0","0","0","0","0","0","0","0","0","0","0","0","0","0","0","0","0","0","0","0","0","0","0","0","0","0","9927981","13702910"
"D3","70","Sumter","2010","7000682","SIZZLE N SMASH","766 MARILEE PLACE, SUITE 101","THE VILLAGES","32163","3762963","1","Food","Food-Licensing Inspection","Inspection Completed - No Further Action","07/30/2026","","","0","0","0","0","Y","0","0","0","0","0","0","0","0","0","0","0","0","0","0","0","0","0","0","0","0","0","0","0","0","0","0","0","0","0","0","0","0","0","0","0","0","0","0","0","0","0","0","0","0","0","0","0","0","0","0","0","0","0","0","0","0","0","0","10041696","13864693"
"D3","70","Sumter","2010","7000683","SOUTHERN TENDER","766 MARILEE PLACE, SUITE 103","THE VILLAGES","32163","3762937","1","Food","Food-Licensing Inspection","Inspection Completed - No Further Action","07/30/2026","","","0","0","0","0","Y","0","0","0","0","0","0","0","0","0","0","0","0","0","0","0","0","0","0","0","0","0","0","0","0","0","0","0","0","0","0","0","0","0","0","0","0","0","0","0","0","0","0","0","0","0","0","0","0","0","0","0","0","0","0","0","0","0","0","10041708","13864657"
"D3","70","Sumter","2010","7000693","LUMA","766 MARILEE PL STE 109","THE VILLAGE","32163","3745658","1","Food","Routine - Food","Inspection Completed - No Further Action","07/30/2026","","","2","2","0","0","Y","1","0","1","0","0","0","0","0","0","0","0","0","0","0","0","0","0","0","0","0","0","0","0","0","0","0","0","0","0","0","0","0","0","0","0","0","0","0","0","0","0","0","0","0","0","0","0","0","0","0","0","0","0","0","0","0","0","0","9583712","13784160"
"D3","70","Sumter","2010","7000722","MYSTIC ICE CREAM","3941 COUNTY RD 201","OXFORD","34484","3726478","1","Food","Routine - Food","Inspection Completed - No Further Action","07/31/2026","","","0","0","0","0","Y","0","0","0","0","0","0","0","0","0","0","0","0","0","0","0","0","0","0","0","0","0","0","0","0","0","0","0","0","0","0","0","0","0","0","0","0","0","0","0","0","0","0","0","0","0","0","0","0","0","0","0","0","0","0","0","0","0","0","9577451","13764971"
"D3","70","Sumter","2010","7000724","HARU","2165 DR RANDY MCDANIEL WAY","MIDDLETON","34762","3689409","1","Food","Food-Licensing Inspection","Inspection Completed - No Further Action","07/10/2026","","","0","0","0","0","Y","0","0","0","0","0","0","0","0","0","0","0","0","0","0","0","0","0","0","0","0","0","0","0","0","0","0","0","0","0","0","0","0","0","0","0","0","0","0","0","0","0","0","0","0","0","0","0","0","0","0","0","0","0","0","0","0","0","0","9682302","13612833"
"D3","70","Sumter","2010","7000731","CULVER'S RESTAURANT","1942 W C 48","BUSHNELL","33513","3719403","1","Food","Routine - Food","Inspection Completed - No Further Action","07/29/2026","","","0","0","0","0","Y","0","0","0","0","0","0","0","0","0","0","0","0","0","0","0","0","0","0","0","0","0","0","0","0","0","0","0","0","0","0","0","0","0","0","0","0","0","0","0","0","0","0","0","0","0","0","0","0","0","0","0","0","0","0","0","0","0","0","9437648","13757896"
"D3","70","Sumter","2010","7000738","THE FICKLE PICKLE","220 N FLORIDA ST","BUSHNELL","33513","3700319","1","Food","Food-Licensing Inspection","Inspection Completed - No Further Action","07/16/2026","","","0","0","0","0","Y","0","0","0","0","0","0","0","0","0","0","0","0","0","0","0","0","0","0","0","0","0","0","0","0","0","0","0","0","0","0","0","0","0","0","0","0","0","0","0","0","0","0","0","0","0","0","0","0","0","0","0","0","0","0","0","0","0","0","9975694","13717022"
"D3","70","Sumter","2010","7000739","TRAILWINDS RETIREMENT","6150 SEVEN MILE DR","WILDWOOD","34785","3692556","1","Food","Food-Licensing Inspection","Inspection Completed - No Further Action","07/24/2026","","","1","1","0","0","Y","1","0","0","0","0","0","0","0","0","0","0","0","0","0","0","0","0","0","0","0","0","0","0","0","0","0","0","0","0","0","0","0","0","0","0","0","0","0","0","0","0","0","0","0","0","0","0","0","0","0","0","0","0","0","0","0","0","0","9882780","13639985"
"D3","70","Sumter","2010","7000740","FIESTA GRANDE MEXICAN GRILL","2179 DR RANDY MCDANIEL WAY, 2181, 2183","MIDDLETON","34762","3697499","1","Food","Food-Licensing Inspection","Inspection Completed - No Further Action","07/24/2026","","","0","0","0","0","Y","0","0","0","0","0","0","0","0","0","0","0","0","0","0","0","0","0","0","0","0","0","0","0","0","0","0","0","0","0","0","0","0","0","0","0","0","0","0","0","0","0","0","0","0","0","0","0","0","0","0","0","0","0","0","0","0","0","0","9939431","13692742"
"D3","70","Sumter","2010","7000741","DOMINO'S 3039","2163 W C 48","BUSHNELL","33513","3755938","1","Food","Food-Licensing Inspection","Inspection Completed - No Further Action","07/27/2026","","","0","0","0","0","Y","0","0","0","0","0","0","0","0","0","0","0","0","0","0","0","0","0","0","0","0","0","0","0","0","0","0","0","0","0","0","0","0","0","0","0","0","0","0","0","0","0","0","0","0","0","0","0","0","0","0","0","0","0","0","0","0","0","0","9996799","13841737"
"D3","70","Sumter","2010","7000742","SALBIO COFFEE & BITES","4060 THOMAS ST UNIT B01","OXFORD","34484","3699632","1","Food","Food-Licensing Inspection","Inspection Completed - No Further Action","07/31/2026","","","0","0","0","0","Y","0","0","0","0","0","0","0","0","0","0","0","0","0","0","0","0","0","0","0","0","0","0","0","0","0","0","0","0","0","0","0","0","0","0","0","0","0","0","0","0","0","0","0","0","0","0","0","0","0","0","0","0","0","0","0","0","0","0","9962079","13711368"
"D3","70","Sumter","2014","7050261","BEEP BEEP ICE CREAM","2615 W C 48","BUSHNELL","33513","1338598","1","Food","Routine - Food","Inspection Completed - No Further Action","08/01/2026","","","5","1","2","2","Y","0","0","0","0","0","0","0","0","0","1","1","0","0","0","0","0","0","0","0","0","0","0","0","0","0","0","0","0","0","0","1","0","0","0","0","0","0","0","0","0","1","0","0","0","0","0","0","0","0","0","1","0","0","0","0","0","0","0","9926397","13730141"
