License Number,Business (DBA-Does Business As) Name,Location Address,Location City,Location Zip Code,Inspection Number,Inspection Type,Inspection Disposition,Inspection Date,Number of Total Violations,Number of High Priority Violations,Number of Intermediate Violations,Number of Basic Violations,high_risk_violation_count,distinct_violation_categories,failed,Violation 01,Violation 02,Violation 03,Violation 04,Violation 05,Violation 06,Violation 07,Violation 08,Violation 09,Violation 10,Violation 11,Violation 12,Violation 13,Violation 14,Violation 15,Violation 16,Violation 17,Violation 18,Violation 19,Violation 20,Violation 21,Violation 22,Violation 23,Violation 24,Violation 25,Violation 26,Violation 27,Violation 28,Violation 29,Violation 30,Violation 31,Violation 32,Violation 33,Violation 34,Violation 35,Violation 36,Violation 37,Violation 38,Violation 39,Violation 40,Violation 41,Violation 42,Violation 43,Violation 44,Violation 45,Violation 46,Violation 47,Violation 48,Violation 49,Violation 50,Violation 51,Violation 52,Violation 53,Violation 54,Violation 55,Violation 56,Violation 57,Violation 58
6252595,BAYBORO BREWING COMPANY,2390 5 AVE S,ST. PETERSBURG,33712,1334664,Food-Licensing Inspection,Inspection Completed - No Further Action,2026-07-01,4,1,2,1,3,4,0,0,0,0,0,0,0,0,1,0,0,0,0,0,0,0,0,0,0,0,0,0,1,0,0,0,0,0,0,0,0,1,0,0,0,0,0,0,0,0,0,0,0,0,0,0,0,0,0,0,0,0,0,1,0,0,0,0,0
6252954,CRISPY AVENUE CATERING,2040 CENTRAL AVE,ST. PETERSBURG,33712,1334087,Food-Licensing Inspection,Inspection Completed - No Further Action,2026-07-01,1,0,1,0,1,1,0,0,0,0,0,0,0,0,0,0,0,0,0,0,0,0,0,0,0,0,0,0,0,0,0,0,0,0,0,0,0,1,0,0,0,0,0,0,0,0,0,0,0,0,0,0,0,0,0,0,0,0,0,0,0,0,0,0,0
6217493,KAIA BOWLS MADEIRA BEACH,14995 GULF BLVD STE B2,MADEIRA BEACH,33708,3696424,Food-Licensing Inspection,Inspection Completed - No Further Action,2026-07-01,2,0,1,1,1,2,0,0,0,0,0,1,0,0,0,0,0,0,0,0,1,0,0,0,0,0,0,0,0,0,0,0,0,0,0,0,0,0,0,0,0,0,0,0,0,0,0,0,0,0,0,0,0,0,0,0,0,0,0,0,0,0,0,0,0
6218922,MARINA GRILLE,411 E SHORE DR,CLEARWATER BEACH,33767,3700225,Food-Licensing Inspection,Inspection Completed - No Further Action,2026-07-01,5,0,4,1,3,4,0,0,0,0,0,1,0,0,0,0,0,0,0,0,1,0,1,0,0,0,0,0,0,0,0,0,0,0,0,0,0,2,0,0,0,0,0,0,0,0,0,0,0,0,0,0,0,0,0,0,0,0,0,0,0,0,0,0,0
6218768,RITA'S ITALIAN ICE AND FROZEN CUSTARD,2141 66 ST N,ST. PETERSBURG,33710,3713139,Routine - Food,Warning Issued,2026-07-01,6,1,3,2,3,6,1,0,1,0,0,0,0,0,0,0,0,1,0,0,1,0,0,0,0,0,0,1,1,0,0,0,0,0,0,0,0,0,0,0,0,0,0,0,0,0,0,0,0,0,0,0,0,0,0,0,0,0,0,1,0,0,0,0,0
6215669,BOSPHORUS GYROS AND KEBABS,312 W BAY DR,LARGO,33770,3755641,Complaint Full,Emergency order recommended,2026-07-01,5,1,2,2,3,5,1,0,0,0,0,0,0,0,0,0,0,0,1,0,0,0,0,0,0,0,0,0,0,0,0,0,0,0,1,1,0,1,1,0,0,0,0,0,0,0,0,0,0,0,0,0,0,0,0,0,0,0,0,0,0,0,0,0,0
6217825,MULLETS FISH CAMP AND MARKET,3901 6TH STREET S,ST. PETERSBURG,33705,3700830,Complaint Full,Inspection Completed - No Further Action,2026-07-01,4,1,1,2,2,3,0,0,0,0,0,0,0,0,0,0,2,0,0,0,0,0,0,0,0,0,0,0,1,0,0,0,0,0,0,0,0,0,0,0,0,1,0,0,0,0,0,0,0,0,0,0,0,0,0,0,0,0,0,0,0,0,0,0,0
6217230,CRAFT KAFE,6653 CENTRAL AVE,ST. PETERSBURG,33710,3738859,Routine - Food,Warning Issued,2026-07-01,9,5,2,2,7,6,1,1,1,3,0,0,0,0,1,0,0,0,0,0,2,0,0,0,0,0,0,0,1,0,0,0,0,0,0,0,0,0,0,0,0,0,0,0,0,0,0,0,0,0,0,0,0,0,0,0,0,0,0,0,0,0,0,0,0
6211816,CENTRAL PIZZA & SUBS LLC 2891,6405 CENTRAL AVE,ST. PETERSBURG,33710,3700239,Complaint Full,Inspection Completed - No Further Action,2026-07-07,11,5,3,3,7,10,0,1,0,0,0,0,0,0,0,1,1,0,1,0,0,0,1,0,0,0,0,0,1,0,0,0,0,0,0,0,0,0,1,0,0,2,0,0,0,0,0,1,0,0,0,0,0,0,0,0,0,0,0,1,0,0,0,0,0
6217918,POPPO'S TAQUERIA,1033 CENTRAL AVE,ST. PETERSBURG,33705,3712609,Routine - Food,Warning Issued,2026-07-07,5,1,1,3,3,4,1,0,0,2,0,0,0,0,0,0,0,0,0,0,0,0,1,0,0,0,0,0,1,0,0,0,0,0,0,1,0,0,0,0,0,0,0,0,0,0,0,0,0,0,0,0,0,0,0,0,0,0,0,0,0,0,0,0,0
6215784,LINKING HEIGHTS ,3001 28 ST N,ST. PETERSBURG,33713,3745676,Routine - Food,Inspection Completed - No Further Action,2026-07-07,12,3,6,3,8,8,0,1,0,2,0,0,0,0,1,0,0,0,0,0,2,0,1,0,0,0,0,0,2,0,0,0,0,0,0,0,0,2,0,0,0,0,0,0,0,0,0,0,0,0,0,0,0,0,0,0,0,0,0,1,0,0,0,0,0
6216656,IHOP #36-212,30200 US HWY 19 N,CLEARWATER,33761,3728047,Routine - Food,Inspection Completed - No Further Action,2026-07-07,3,0,1,2,1,3,0,0,0,0,0,0,0,0,0,0,0,0,0,0,0,0,0,0,0,0,0,0,1,0,1,0,0,0,0,0,0,0,0,0,0,0,1,0,0,0,0,0,0,0,0,0,0,0,0,0,0,0,0,0,0,0,0,0,0
6211664,CURRENTS,200 E TARPON AVE,TARPON SPRINGS,34689,3719706,Routine - Food,Inspection Completed - No Further Action,2026-07-07,5,0,1,4,0,3,0,0,0,0,0,0,0,0,0,0,0,0,0,0,0,0,0,0,0,0,0,1,0,0,0,0,0,0,0,0,0,0,0,0,0,0,3,0,0,0,0,0,0,0,0,0,0,0,0,0,0,0,0,1,0,0,0,0,0
6218808,SHIPLEY DO-NUTS,4000 ULMERTON RD,CLEARWATER,33762,3732945,Routine - Food,Inspection Completed - No Further Action,2026-07-07,4,1,2,1,2,5,0,0,0,1,0,0,0,0,0,0,0,0,0,0,0,0,0,0,0,0,0,0,0,0,0,0,0,0,0,0,0,0,0,0,0,0,0,0,0,0,1,1,0,0,0,0,0,1,0,0,0,0,0,1,0,0,0,0,0
6216137,KOGI GRILL,3408 E LAKE RD S,PALM HARBOR,34685,3731766,Routine - Food,Inspection Completed - No Further Action,2026-07-07,3,0,0,3,2,3,0,0,1,0,0,0,0,0,0,0,0,0,1,0,0,0,0,0,0,0,0,0,0,0,0,0,0,0,0,0,0,0,0,0,0,0,0,0,0,0,1,0,0,0,0,0,0,0,0,0,0,0,0,0,0,0,0,0,0
6218661,THE GREEKS OF TARPON SPRINGS,128 N PINELLAS AVE STE B,TARPON SPRINGS,34689,3725561,Routine - Food,Inspection Completed - No Further Action,2026-07-07,2,0,0,2,0,2,0,0,0,0,0,0,0,0,0,0,0,0,0,0,0,0,0,0,0,0,0,1,0,0,0,0,0,0,0,0,0,0,1,0,0,0,0,0,0,0,0,0,0,0,0,0,0,0,0,0,0,0,0,0,0,0,0,0,0
6215792,KITCHEN AND BAR AT GREEN SPRINGS,156 4 AVE N,SAFETY HARBOR,34695,3700807,Complaint Full,Warning Issued,2026-07-07,5,2,1,2,5,5,1,1,0,1,0,0,1,0,1,0,0,0,0,0,0,0,0,0,0,0,0,0,1,0,0,0,0,0,0,0,0,0,0,0,0,0,0,0,0,0,0,0,0,0,0,0,0,0,0,0,0,0,0,0,0,0,0,0,0
6217784,POPEYES LOUISIANA KITCHEN OPERATED BY TICE,600 34 ST N,ST. PETERSBURG,33713,3701349,Complaint Full,Warning Issued,2026-07-07,27,5,6,16,15,18,1,1,0,3,0,0,1,0,1,0,1,0,2,0,3,0,0,0,0,0,0,0,1,1,1,0,0,1,0,1,0,3,0,2,0,2,1,0,0,0,0,0,0,0,0,0,0,0,0,0,0,1,0,1,0,0,0,0,0
6216377,JIMMY JOHN'S #1127,1410 66 ST N,ST. PETERSBURG,33710,3719026,Routine - Food,Administrative complaint recommended,2026-07-07,12,2,2,8,7,11,1,0,0,1,0,1,0,0,1,0,0,0,1,0,2,0,0,0,0,0,0,0,1,1,1,0,0,0,0,0,0,1,1,0,0,1,0,0,0,0,0,0,0,0,0,0,0,0,0,0,0,0,0,0,0,0,0,0,0
6218267,FISH BOWL KITCHEN,654 EAST LAKE ROAD,PALM HARBOR,34685,3701462,Complaint Full,Inspection Completed - No Further Action,2026-07-07,6,1,1,4,6,5,0,1,1,0,0,0,1,0,2,0,0,0,0,0,0,0,0,0,0,0,0,0,1,0,0,0,0,0,0,0,0,0,0,0,0,0,0,0,0,0,0,0,0,0,0,0,0,0,0,0,0,0,0,0,0,0,0,0,0
6217550,CAVA MEZZE GRILL,11165 PARK BLVD STE C,SEMINOLE,33772,3750999,Routine - Food,Inspection Completed - No Further Action,2026-07-07,0,0,0,0,0,0,0,0,0,0,0,0,0,0,0,0,0,0,0,0,0,0,0,0,0,0,0,0,0,0,0,0,0,0,0,0,0,0,0,0,0,0,0,0,0,0,0,0,0,0,0,0,0,0,0,0,0,0,0,0,0,0,0,0,0
6206271,WENDY'S OLD FASHIONED HAMBURGERS,912 E TARPON AVE,TARPON SPRINGS,34689,3720397,Routine - Food,Inspection Completed - No Further Action,2026-07-07,2,0,0,2,2,2,0,0,0,0,0,0,0,0,0,0,0,0,0,0,0,0,0,0,0,0,0,0,1,0,0,0,0,0,0,0,0,0,0,0,0,1,0,0,0,0,0,0,0,0,0,0,0,0,0,0,0,0,0,0,0,0,0,0,0
6217368,MAD BEACH CRAFT BREWING COMPANY,12945 VILLAGE BLVD,MADEIRA BEACH,33708,3701113,Complaint Full,Inspection Completed - No Further Action,2026-07-07,7,0,2,5,3,5,0,0,0,0,0,0,0,0,1,0,0,0,0,0,1,0,2,0,0,0,0,0,2,0,0,0,0,0,0,0,0,0,0,0,0,0,0,0,0,0,0,0,0,0,0,0,0,0,0,0,0,0,0,1,0,0,0,0,0
6218003,DICK'S LAST RESORT,111 BOARDWALK PL W STE 203,MADEIRA BEACH,33708,3738561,Routine - Food,Inspection Completed - No Further Action,2026-07-07,8,2,2,4,5,5,0,0,0,0,0,0,0,0,2,0,1,0,0,0,0,0,1,0,0,0,0,0,3,0,0,0,0,0,0,1,0,0,0,0,0,0,0,0,0,0,0,0,0,0,0,0,0,0,0,0,0,0,0,0,0,0,0,0,0
6213959,FEATHER SOUND COUNTRY CLUB,2201 FEATHER SOUND DR,CLEARWATER,33762,3699661,Complaint Full,Inspection Completed - No Further Action,2026-07-07,2,1,0,1,1,2,0,0,0,1,0,0,0,0,0,0,0,0,0,0,1,0,0,0,0,0,0,0,0,0,0,0,0,0,0,0,0,0,0,0,0,0,0,0,0,0,0,0,0,0,0,0,0,0,0,0,0,0,0,0,0,0,0,0,0
6217853,DUNKIN DONUTS,8150 BRYAN DAIRY RD,PINELLAS PARK,33777,3755654,Complaint Full,Inspection Completed - No Further Action,2026-07-07,2,0,1,1,1,2,0,0,0,0,0,0,0,0,0,0,0,0,1,0,0,0,1,0,0,0,0,0,0,0,0,0,0,0,0,0,0,0,0,0,0,0,0,0,0,0,0,0,0,0,0,0,0,0,0,0,0,0,0,0,0,0,0,0,0
6214504,CHICK-FIL-A,4241 N 4 ST,ST PETERSBURG,33703,3748259,Routine - Food,Warning Issued,2026-07-07,6,0,2,4,2,5,1,0,0,0,0,0,0,0,0,0,0,0,0,0,0,0,0,0,0,0,0,0,1,1,0,0,0,0,0,2,0,1,0,0,0,0,0,0,0,0,0,0,0,0,0,0,0,0,0,0,0,1,0,0,0,0,0,0,0
6216812,WESTSHORE PIZZA,2989 W BAY DR,BELLEAIR BLUFFS,33770,3700947,Complaint Full,Inspection Completed - No Further Action,2026-07-07,7,0,1,6,2,6,0,0,0,0,0,0,0,0,1,0,0,0,0,0,0,0,0,0,0,0,0,1,1,0,0,1,0,0,0,0,0,0,0,0,0,0,2,0,0,0,0,0,0,0,0,0,0,0,0,0,0,1,0,0,0,0,0,0,0
6218227,JUAN'S MEXICAN GRILL OLDSMAR,3860 TAMPA RD UNIT F,OLDSMAR,34677,3704389,Routine - Food,Inspection Completed - No Further Action,2026-07-07,3,1,0,2,0,3,0,0,0,0,0,0,0,0,0,0,1,0,0,0,1,0,0,0,0,0,0,1,0,0,0,0,0,0,0,0,0,0,0,0,0,0,0,0,0,0,0,0,0,0,0,0,0,0,0,0,0,0,0,0,0,0,0,0,0
6215876,THE BOARDWALK GRILL,205 BOARDWALK PL E,MADEIRA BEACH,33708,3737477,Routine - Food,Inspection Completed - No Further Action,2026-07-07,5,0,1,4,3,5,0,0,0,0,0,0,0,0,1,0,0,0,1,0,0,0,0,0,0,0,0,0,0,0,0,0,0,0,0,1,0,0,0,0,0,0,1,0,0,0,0,1,0,0,0,0,0,0,0,0,0,0,0,0,0,0,0,0,0
6213542,SUSHI YAMA,7790 US HWY 19 N,PINELLAS PARK,33781,3673046,Food-Licensing Inspection,Inspection Completed - No Further Action,2026-07-07,1,0,0,1,0,1,0,0,0,0,0,0,0,0,0,0,0,0,0,0,1,0,0,0,0,0,0,0,0,0,0,0,0,0,0,0,0,0,0,0,0,0,0,0,0,0,0,0,0,0,0,0,0,0,0,0,0,0,0,0,0,0,0,0,0
6218305,GATEWAY SUBS,3112 3 AVE NORTH,ST. PETERSBURG,33713,3755737,Complaint Full,Inspection Completed - No Further Action,2026-07-08,5,1,2,2,4,5,0,0,0,0,0,0,0,0,0,0,0,0,0,0,1,0,0,0,0,0,0,0,1,0,0,0,0,0,0,0,0,1,0,0,0,1,0,0,0,0,0,1,0,0,0,0,0,0,0,0,0,0,0,0,0,0,0,0,0
6218011,KEKE'S BREAKFAST CAFE,6862 GULFPORT BLVD S,SOUTH PASADENA,33707,3710235,Routine - Food,Inspection Completed - No Further Action,2026-07-08,4,2,1,1,3,3,0,0,0,2,0,0,0,0,0,0,0,0,0,0,1,0,0,0,0,0,0,0,1,0,0,0,0,0,0,0,0,0,0,0,0,0,0,0,0,0,0,0,0,0,0,0,0,0,0,0,0,0,0,0,0,0,0,0,0
6215429,TJF 112 LLC,944 4 ST N STE 100,ST. PETERSBURG,33701,3696541,Food-Licensing Inspection,Warning Issued,2026-07-08,25,7,2,16,12,15,1,0,0,2,0,1,0,0,1,0,1,0,1,0,3,0,0,0,0,0,0,0,1,0,0,0,0,0,0,3,0,1,0,0,0,4,3,0,1,0,1,1,0,0,0,0,0,0,0,0,1,0,0,0,0,0,0,0,0
6218445,BURGER MONGER,1530 PASADENA AVE S STE 207,PASADENA,33707,3755861,Complaint Full,Inspection Completed - No Further Action,2026-07-08,13,3,4,6,8,10,0,1,0,0,0,0,1,0,1,0,0,0,1,0,2,0,1,0,0,0,0,0,2,0,0,0,0,0,0,1,0,2,0,1,0,0,0,0,0,0,0,0,0,0,0,0,0,0,0,0,0,0,0,0,0,0,0,0,0
6213194,CHECKERS DRIVE IN REST 735,4909 ULMERTON RD,CLEARWATER,33760,3699433,Complaint Full,Inspection Completed - No Further Action,2026-07-08,8,0,1,7,4,6,0,0,0,0,0,0,0,0,2,0,0,0,0,0,1,0,0,0,0,0,0,0,1,0,0,0,0,1,0,0,0,0,2,1,0,0,0,0,0,0,0,0,0,0,0,0,0,0,0,0,0,0,0,0,0,0,0,0,0
6252646,TRES PALMAS LATIN GRILL,3877 ULMERTON RD,CLEARWATER,33762,1338559,Routine - Food,Inspection Completed - No Further Action,2026-07-08,3,1,2,0,3,3,0,0,1,0,0,0,0,0,0,0,0,0,1,0,0,0,0,0,0,0,0,0,0,0,0,0,0,0,0,0,0,1,0,0,0,0,0,0,0,0,0,0,0,0,0,0,0,0,0,0,0,0,0,0,0,0,0,0,0
6218057,GULFPORT BREWERY,3007 BEACH BLVD S,GULFPORT,33707,3705560,Routine - Food,Warning Issued,2026-07-08,11,6,3,2,9,8,1,2,1,2,0,0,0,0,0,0,0,0,0,0,1,0,0,0,0,0,0,0,1,0,0,0,0,0,0,0,0,1,0,0,0,2,0,0,0,0,0,0,0,0,0,0,0,0,0,0,0,0,0,1,0,0,0,0,0
6209999,SUBWAY 3956,1895 N HIGHLAND AVE,CLEARWATER,33755,3717923,Routine - Food,Inspection Completed - No Further Action,2026-07-08,7,1,0,6,3,7,0,0,0,0,0,0,0,0,0,0,0,0,0,0,1,0,1,0,0,0,0,0,1,1,0,0,0,0,1,0,0,0,0,0,0,0,0,0,0,0,0,1,0,0,0,0,0,0,0,0,1,0,0,0,0,0,0,0,0
6218827,TACOS EL CARNAL LA CASA DEL TACO,1310 CLEVELAND ST,CLEARWATER,33755,3713680,Routine - Food,Inspection Completed - No Further Action,2026-07-08,3,1,1,1,2,4,0,0,0,0,0,0,0,0,1,0,0,0,0,0,0,0,0,0,0,0,0,0,0,0,0,0,0,0,0,0,0,0,0,0,0,0,0,0,0,0,1,1,0,0,0,0,1,0,0,0,0,0,0,0,0,0,0,0,0
6218838,SODOUGH SQUARE,6925 4 ST N,ST. PETE,33702,3733141,Routine - Food,Warning Issued,2026-07-08,6,1,3,2,3,4,1,0,0,0,0,0,0,0,1,0,0,0,0,0,0,0,1,0,0,0,0,0,0,0,0,0,0,0,0,0,0,0,0,0,0,0,0,0,0,0,0,2,0,0,0,0,0,0,0,0,0,0,0,2,0,0,0,0,0
6216025,PIZZA HUT  4611,2519 MCMULLEN BOOTH RD STE 501,CLEARWATER,33761,3730262,Routine - Food,Inspection Completed - No Further Action,2026-07-08,1,0,0,1,1,1,0,0,0,0,0,0,0,0,0,0,0,0,1,0,0,0,0,0,0,0,0,0,0,0,0,0,0,0,0,0,0,0,0,0,0,0,0,0,0,0,0,0,0,0,0,0,0,0,0,0,0,0,0,0,0,0,0,0,0
6216865,FIVE GUYS,300 E LAKE RD UNIT 2A,PALM HARBOR,34685,3714018,Routine - Food,Inspection Completed - No Further Action,2026-07-08,3,0,0,3,0,1,0,0,0,0,0,0,0,0,0,0,0,0,0,0,0,0,0,0,0,0,0,0,0,0,0,0,0,0,0,0,0,0,0,3,0,0,0,0,0,0,0,0,0,0,0,0,0,0,0,0,0,0,0,0,0,0,0,0,0
6209365,JIMMY GUANA'S BAR & GRILL,401 E 2 ST,INDIAN ROCKS BCH,337853902,3755819,Complaint Full,Warning Issued,2026-07-08,15,5,5,5,7,9,1,3,0,1,0,0,0,0,2,0,0,0,0,0,0,0,1,0,0,0,0,0,1,1,0,0,0,0,0,0,0,0,0,0,0,0,2,0,0,0,0,0,0,0,0,0,0,0,0,0,0,1,0,3,0,0,0,0,0
6212442,KEEGAN'S SEAFOOD GRILLE,1519 GULF BLVD,INDIAN ROCKS BEACH,33785,3717656,Routine - Food,Inspection Completed - No Further Action,2026-07-08,8,2,2,4,4,8,0,1,0,1,0,0,0,0,0,0,1,0,0,0,0,0,1,0,0,0,0,0,1,0,0,0,0,0,0,1,0,1,0,0,0,0,1,0,0,0,0,0,0,0,0,0,0,0,0,0,0,0,0,0,0,0,0,0,0
6216099,SERBIAN MEDITERAN RESTAURANT LLC,6500 4 ST N,ST. PETERSBURG,33702,3725364,Routine - Food,Warning Issued,2026-07-08,6,2,3,1,5,5,1,0,0,1,0,0,0,0,2,0,0,0,0,0,0,0,0,0,0,0,0,0,1,0,0,0,0,0,0,0,0,0,0,0,0,0,0,0,0,0,0,1,0,0,0,0,0,0,0,0,0,0,0,1,0,0,0,0,0
6217485,CHICK FIL A PALM HARBOR,32800 US HWY 19 N,PALM HARBOR,34684,3747991,Routine - Food,Warning Issued,2026-07-08,11,4,1,6,5,7,1,0,0,0,0,0,0,0,0,0,0,0,3,0,3,0,1,0,0,0,0,0,0,0,0,0,0,0,0,1,0,1,0,0,0,1,1,0,0,0,0,0,0,0,0,0,0,0,0,0,0,0,0,0,0,0,0,0,0
6218525,JERSEY MIKE'S SUBS,10500 ULMERTON RD STE 208,LARGO,33771,3699671,Complaint Full,Inspection Completed - No Further Action,2026-07-08,8,1,2,5,3,7,0,0,0,0,0,0,0,0,1,0,0,0,0,0,0,0,0,0,0,0,0,0,1,1,0,0,0,1,0,0,0,0,2,0,0,0,1,0,0,0,1,0,0,0,0,0,0,0,0,0,0,0,0,0,0,0,0,0,0
6209138,VILLAGE INN RESTAURANT,3682 TAMPA RD,OLDSMAR,34677,3705649,Routine - Food,Inspection Completed - No Further Action,2026-07-08,2,0,0,2,1,2,0,0,0,0,0,0,0,0,1,0,0,0,0,0,0,0,0,0,0,0,0,0,0,0,0,0,0,0,0,0,0,0,0,0,0,0,1,0,0,0,0,0,0,0,0,0,0,0,0,0,0,0,0,0,0,0,0,0,0
6217767,FORTUNATO'S ITALIAN RESTAURANT,6890 GULFPORT BLVD,SOUTH PASADENA,33707-2108,3742332,Routine - Food,Warning Issued,2026-07-08,6,0,4,2,3,6,1,0,1,0,0,0,0,0,0,0,0,0,0,0,1,0,0,0,0,0,0,0,1,0,0,0,0,0,0,0,0,1,0,0,0,0,1,0,0,0,0,0,0,0,0,0,0,0,0,0,0,0,0,1,0,0,0,0,0
6213039,WENDY'S PROPERTIES LLC,750 E LAKE RD S,PALM HARBOR,34685,3723201,Routine - Food,Warning Issued,2026-07-08,3,1,1,1,1,3,1,0,0,0,0,0,0,0,0,0,0,0,0,0,0,0,1,0,0,0,0,0,0,0,0,0,0,0,0,0,0,0,0,0,0,1,0,0,0,0,0,0,0,0,0,0,0,0,0,0,0,0,0,1,0,0,0,0,0
6217246,AMY'S PIZZA,19711A GULF BLVD,INDIAN SHORES,33785,3739663,Routine - Food,Inspection Completed - No Further Action,2026-07-08,11,4,2,5,7,10,0,1,1,1,0,0,0,0,1,0,0,0,0,0,1,0,0,0,0,0,0,0,1,1,0,0,0,0,0,0,0,0,0,0,0,1,2,0,0,0,0,1,0,0,0,0,0,0,0,0,0,0,0,0,0,0,0,0,0
6217545,SPEGGTACULAR CWB,770 S GULFVIEW BLVD,CLEARWATER,33767,3753593,Routine - Food,Warning Issued,2026-07-08,7,1,1,5,2,7,1,0,0,1,0,0,0,0,0,0,0,0,0,0,1,0,0,0,0,0,0,0,1,1,0,1,0,0,0,1,0,0,0,0,0,0,1,0,0,0,0,0,0,0,0,0,0,0,0,0,0,0,0,0,0,0,0,0,0
6215171,BONEFISH GRILL #7003,2519 MCMULLEN BOOTH RD,CLEARWATER,33761,3755731,Complaint Full,Inspection Completed - No Further Action,2026-07-08,10,3,2,5,5,8,0,0,0,1,0,0,0,0,0,0,0,0,0,0,1,0,0,0,0,0,0,0,1,1,0,0,0,0,0,0,0,1,0,0,0,1,3,0,0,0,0,1,0,0,0,0,0,0,0,0,0,0,0,0,0,0,0,0,0
6215527,LUCKY LOBSTER,941 HUNTLEY AVE,DUNEDIN,34698,3735228,Routine - Food,Warning Issued,2026-07-08,24,6,3,15,15,14,1,1,2,1,0,0,1,0,4,0,1,0,0,1,4,0,1,0,0,0,0,0,2,0,2,0,0,0,0,0,0,2,0,0,0,1,0,0,0,0,0,1,0,0,0,0,0,0,0,0,0,0,0,0,0,0,0,0,0
6214971,EINSTEIN BROS BAGELS 2084,9346 N 4 ST,ST PETERSBURG,33702,3750153,Routine - Food,Inspection Completed - No Further Action,2026-07-08,0,0,0,0,0,0,0,0,0,0,0,0,0,0,0,0,0,0,0,0,0,0,0,0,0,0,0,0,0,0,0,0,0,0,0,0,0,0,0,0,0,0,0,0,0,0,0,0,0,0,0,0,0,0,0,0,0,0,0,0,0,0,0,0,0
6218503,KAIA BOWLS,101 PHILIPPE PKWY STE A,SAFETY HARBOR,34695,3737715,Routine - Food,Inspection Completed - No Further Action,2026-07-09,2,1,0,1,2,2,0,1,0,0,0,0,1,0,0,0,0,0,0,0,0,0,0,0,0,0,0,0,0,0,0,0,0,0,0,0,0,0,0,0,0,0,0,0,0,0,0,0,0,0,0,0,0,0,0,0,0,0,0,0,0,0,0,0,0
6218501,CREPESOLOGY,1503 MAIN ST,DUNEDIN,34698,3724901,Routine - Food,Inspection Completed - No Further Action,2026-07-09,4,2,0,2,3,4,0,1,1,0,0,0,0,0,0,0,0,0,0,1,0,0,0,0,0,0,0,0,0,0,0,0,0,0,0,0,0,0,0,0,0,1,0,0,0,0,0,0,0,0,0,0,0,0,0,0,0,0,0,0,0,0,0,0,0
6212886,COCOS CRUSH BAR NORTH BEACH,423 POINSETTIA AVE,CLEARWATER BEACH,33767,3705351,Routine - Food,Warning Issued,2026-07-09,6,3,0,3,3,5,1,1,1,0,0,0,0,0,0,0,0,0,0,0,2,0,0,0,0,0,0,0,0,0,0,0,0,0,0,0,0,0,0,0,0,1,0,0,1,0,0,0,0,0,0,0,0,0,0,0,0,0,0,0,0,0,0,0,0
6214146,NORTONS BAR & GRILL,1824 MAIN ST,DUNEDIN,34698,3714488,Routine - Food,Administrative complaint recommended,2026-07-09,23,5,1,17,11,13,1,1,1,0,0,0,0,0,2,0,2,0,0,0,3,0,1,0,0,0,0,0,2,0,1,0,0,0,0,1,0,1,0,0,0,3,4,0,0,0,0,1,0,0,0,0,0,0,0,0,0,0,0,0,0,0,0,0,0
6215650,WENDY'S PROPERTIES LLC,900 S MISSOURI AVE,CLEARWATER,33756,3716805,Routine - Food,Inspection Completed - No Further Action,2026-07-09,3,0,0,3,1,3,0,0,0,0,0,0,0,0,0,0,0,0,0,0,0,0,1,0,0,0,0,0,1,0,0,0,0,0,0,0,0,0,0,0,0,0,0,0,0,0,0,0,0,0,0,0,0,0,0,0,1,0,0,0,0,0,0,0,0
6213016,CHILI'S GRILL & BAR #349,40584 N U S HWY 19,TARPON SPRINGS,346894822,3716535,Routine - Food,Inspection Completed - No Further Action,2026-07-09,3,0,0,3,1,3,0,0,0,0,0,0,0,0,1,0,0,0,0,0,0,0,0,0,0,0,0,0,0,1,1,0,0,0,0,0,0,0,0,0,0,0,0,0,0,0,0,0,0,0,0,0,0,0,0,0,0,0,0,0,0,0,0,0,0
6213152,ORIGINAL PIZZA II,6175 N PARK BLVD,PINELLAS PARK,337813234,3729989,Routine - Food,Warning Issued,2026-07-09,1,1,0,0,0,1,1,0,0,0,0,0,0,0,0,0,0,0,0,0,0,0,0,0,0,0,0,0,0,0,0,0,0,0,0,0,0,0,0,0,0,0,0,0,0,0,0,0,0,0,0,0,0,0,0,0,1,0,0,0,0,0,0,0,0
6218537,HALAL EATS,543 N PINELLAS AVE,TARPON SPRINGS,34689,3700904,Food-Licensing Inspection,Warning Issued,2026-07-09,5,2,2,1,2,5,1,0,0,0,0,0,0,0,0,0,0,0,0,0,0,0,0,0,0,0,0,0,1,0,0,0,0,0,0,0,0,0,0,1,0,1,0,0,0,0,0,0,0,0,0,0,0,0,0,0,1,1,0,0,0,0,0,0,0
6213084,THE WHARF,2001 PASS A GRILLE WAY,ST.PETE BEACH,33706,3755813,Complaint Full,Administrative complaint recommended,2026-07-09,15,7,1,7,11,11,1,2,0,3,0,0,1,0,2,0,0,0,1,0,1,0,0,0,0,0,0,0,1,1,0,0,0,0,0,0,0,0,0,0,0,1,1,0,0,0,0,0,0,0,0,0,0,0,0,0,0,0,1,0,0,0,0,0,0
6218683,SWEETGREEN,1114 CENTRAL AVE,ST. PETERSBURG,33705,3701242,Complaint Full,Inspection Completed - No Further Action,2026-07-09,4,0,1,3,2,3,0,0,0,0,0,0,0,0,0,0,0,0,0,0,0,0,0,0,0,0,0,0,2,0,1,0,0,0,0,0,0,0,0,0,0,0,1,0,0,0,0,0,0,0,0,0,0,0,0,0,0,0,0,0,0,0,0,0,0
6218447,CAFE RIVIERA,116 8 AVE,ST.PETE BEACH,33706,3701344,Complaint Full,Warning Issued,2026-07-09,8,4,1,3,5,6,1,0,0,2,0,0,0,0,2,0,0,0,1,0,0,0,0,0,0,0,0,1,0,0,0,0,0,0,0,0,0,0,0,0,0,0,1,0,0,0,0,0,0,0,0,0,0,0,0,0,0,0,0,1,0,0,0,0,0
6215619,FIREHOUSE SUBS,1547 MAIN ST,DUNEDIN,34698,3723125,Routine - Food,Warning Issued,2026-07-09,14,0,2,12,4,9,1,0,1,0,0,0,0,0,0,0,0,1,0,3,3,0,1,0,0,0,0,0,2,1,0,0,0,0,0,0,0,0,0,0,0,0,0,0,0,0,0,0,0,0,0,0,0,0,0,0,0,1,0,1,0,0,0,0,0
6217350,BEERBUSTERS,6836 N PARK BLVD,PINELLAS PARK,33781,3755743,Complaint Full,Inspection Completed - No Further Action,2026-07-09,4,1,2,1,4,4,0,0,1,1,0,1,0,0,0,0,0,0,0,0,0,0,0,0,0,0,0,0,0,0,0,0,0,0,0,0,0,1,0,0,0,0,0,0,0,0,0,0,0,0,0,0,0,0,0,0,0,0,0,0,0,0,0,0,0
6216377,JIMMY JOHN'S #1127,1410 66 ST N,ST. PETERSBURG,33710,3755989,Routine - Food,Emergency order recommended,2026-07-09,1,1,0,0,1,1,1,0,0,0,0,0,0,0,0,0,0,0,0,0,0,0,0,0,0,0,0,0,0,0,0,0,0,0,0,0,0,0,0,0,0,1,0,0,0,0,0,0,0,0,0,0,0,0,0,0,0,0,0,0,0,0,0,0,0
6207181,PARADISE RESTAURANT,443 MAIN ST,SAFETY HARBOR,34695,3724008,Routine - Food,Inspection Completed - No Further Action,2026-07-09,7,1,2,4,4,8,0,0,1,1,0,0,0,0,0,0,0,0,0,1,0,0,0,0,0,0,0,0,0,0,0,0,0,0,0,1,0,1,0,0,0,0,1,0,0,0,0,1,0,0,0,0,0,0,1,0,0,0,0,0,0,0,0,0,0
6218258,OCC ROAD HOUSE & MUSEUM,10575 49 ST N,CLEARWATER,33762,3743277,Routine - Food,Inspection Completed - No Further Action,2026-07-09,4,1,1,2,3,3,0,0,0,0,0,0,0,0,0,0,0,0,2,0,1,0,0,0,0,0,0,0,0,0,0,0,0,0,0,0,0,0,0,0,0,0,0,0,0,0,0,1,0,0,0,0,0,0,0,0,0,0,0,0,0,0,0,0,0
6216614,THE BRINEHOUSE,100 MAIN ST #104,SAFETY HARBOR,34695,3711682,Routine - Food,Inspection Completed - No Further Action,2026-07-09,5,2,1,2,3,4,0,0,0,0,0,0,0,0,0,0,0,0,0,0,1,0,0,0,0,0,0,0,2,0,0,0,0,0,0,0,0,0,0,1,0,0,0,0,0,0,0,1,0,0,0,0,0,0,0,0,0,0,0,0,0,0,0,0,0
6208861,SCULLEY'S,190 JOHN'S PASS BOARDWALK,MADEIRA BEACH,33708,3755817,Complaint Full,Inspection Completed - No Further Action,2026-07-09,4,0,1,3,3,4,0,1,0,0,0,0,0,0,1,0,0,0,1,0,1,0,0,0,0,0,0,0,0,0,0,0,0,0,0,0,0,0,0,0,0,0,0,0,0,0,0,0,0,0,0,0,0,0,0,0,0,0,0,0,0,0,0,0,0
6218306,SOFRESH PALM HARBOR,326 E LAKE RD #14,PALM HARBOR,34685,3743491,Routine - Food,Inspection Completed - No Further Action,2026-07-09,4,0,2,2,4,4,0,0,1,0,0,0,0,0,1,0,0,0,0,0,0,0,0,0,0,0,0,0,1,0,0,0,0,0,0,0,0,1,0,0,0,0,0,0,0,0,0,0,0,0,0,0,0,0,0,0,0,0,0,0,0,0,0,0,0
6217116,WRAPS & KABOBS,40715 US 19 ,TARPON SPRINGS,34689,3710373,Routine - Food,Inspection Completed - No Further Action,2026-07-09,2,0,1,1,1,2,0,0,0,0,0,0,0,0,0,0,0,0,0,0,0,0,0,0,0,0,0,0,0,0,1,0,0,0,0,0,0,1,0,0,0,0,0,0,0,0,0,0,0,0,0,0,0,0,0,0,0,0,0,0,0,0,0,0,0
6209342,WENDY'S #1113,10751 PARK BLVD,SEMINOLE,33772,3747936,Routine - Food,Inspection Completed - No Further Action,2026-07-09,2,1,0,1,1,2,0,0,0,1,0,0,0,0,0,0,0,0,0,0,1,0,0,0,0,0,0,0,0,0,0,0,0,0,0,0,0,0,0,0,0,0,0,0,0,0,0,0,0,0,0,0,0,0,0,0,0,0,0,0,0,0,0,0,0
6200501,CARLOUEL YACHT CLUB,1091 ELDORADO AVE,CLEARWATER BCH,33767,3728007,Routine - Food,Inspection Completed - No Further Action,2026-07-09,5,1,2,2,5,3,0,1,0,3,0,0,0,0,0,0,0,0,0,0,0,0,0,0,0,0,0,0,0,0,0,0,0,0,0,0,0,1,0,0,0,0,0,0,0,0,0,0,0,0,0,0,0,0,0,0,0,0,0,0,0,0,0,0,0
6209217,KIMMY D'S,12211 N 49 ST,CLEARWATER,33762,3711492,Routine - Food,Inspection Completed - No Further Action,2026-07-09,2,1,1,0,2,2,0,0,0,1,0,0,0,0,0,0,0,0,0,0,0,0,0,0,0,0,0,0,0,0,0,0,0,0,0,0,0,1,0,0,0,0,0,0,0,0,0,0,0,0,0,0,0,0,0,0,0,0,0,0,0,0,0,0,0
6218924,BOTECO BOSSA NOVA,6195 PARK BLVD N,PINELLAS PARK,33781,3699547,Food-Licensing Inspection,Inspection Completed - No Further Action,2026-07-09,0,0,0,0,0,0,0,0,0,0,0,0,0,0,0,0,0,0,0,0,0,0,0,0,0,0,0,0,0,0,0,0,0,0,0,0,0,0,0,0,0,0,0,0,0,0,0,0,0,0,0,0,0,0,0,0,0,0,0,0,0,0,0,0,0
6215884,CHINA TASTE,1901 W BAY DR STE 3,LARGO,33770,3699553,Complaint Partial,Inspection Completed - No Further Action,2026-07-09,6,1,1,4,2,5,0,0,0,1,0,0,0,0,0,0,1,0,0,0,2,0,0,0,0,0,0,0,0,0,0,1,0,0,0,0,0,1,0,0,0,0,0,0,0,0,0,0,0,0,0,0,0,0,0,0,0,0,0,0,0,0,0,0,0
6210912,DAIQUIRI SHAK RAW BAR AND GRILL,14995 GULF BLVD SUITE A,MADEIRA BEACH,33708,3755785,Complaint Full,Administrative complaint recommended,2026-07-09,10,2,2,6,5,7,1,2,0,0,0,0,1,0,0,0,0,0,0,0,1,0,1,0,0,0,0,0,0,0,0,0,0,0,0,0,0,0,0,1,0,2,2,0,0,0,0,0,0,0,0,0,0,0,0,0,0,0,0,0,0,0,0,0,0
6217110,TEXAS ROADHOUSE,10105 BAY PINES BLVD,ST. PETERSBURG,33708,3735759,Routine - Food,Inspection Completed - No Further Action,2026-07-09,2,0,0,2,1,2,0,0,0,0,0,0,0,0,1,0,0,0,0,0,0,0,0,0,0,0,0,0,0,0,0,0,0,0,0,1,0,0,0,0,0,0,0,0,0,0,0,0,0,0,0,0,0,0,0,0,0,0,0,0,0,0,0,0,0
6217671,HOGAN'S HANGOUT,499 MANDALAY AVE,CLEARWATER,33767,3736524,Routine - Food,Warning Issued,2026-07-09,7,2,3,2,5,6,1,0,0,1,0,1,0,0,0,0,1,0,0,0,0,0,0,0,0,0,0,0,2,0,0,0,0,0,0,0,0,1,0,1,0,0,0,0,0,0,0,0,0,0,0,0,0,0,0,0,0,0,0,0,0,0,0,0,0
6217642,JERSEY MIKE'S SUBS 13146,41042 US HWY 19 N,TARPON SPRINGS,34689,3748746,Routine - Food,Inspection Completed - No Further Action,2026-07-09,4,2,1,1,1,4,0,0,0,1,0,0,0,0,0,0,0,0,0,0,1,0,0,0,0,0,0,0,0,1,0,0,0,0,0,0,0,0,0,0,0,0,0,0,0,0,0,0,0,0,0,0,0,0,0,0,0,0,0,1,0,0,0,0,0
6216043,COLD STONE CREAMERY,100 MAIN ST #102,SAFETY HARBOR,34695,3747377,Routine - Food,Inspection Completed - No Further Action,2026-07-09,1,0,0,1,0,1,0,0,0,0,0,0,0,0,0,0,0,0,0,0,1,0,0,0,0,0,0,0,0,0,0,0,0,0,0,0,0,0,0,0,0,0,0,0,0,0,0,0,0,0,0,0,0,0,0,0,0,0,0,0,0,0,0,0,0
6217291,CULVERS OF CLEARWATER,2008 GULF TO BAY BLVD,CLEARWATER,33765,3710275,Routine - Food,Inspection Completed - No Further Action,2026-07-10,6,1,3,2,1,5,0,0,0,0,0,0,0,0,0,0,0,0,0,0,0,0,1,0,0,0,0,1,0,0,0,0,0,0,0,1,0,1,0,0,0,0,0,0,0,0,0,0,0,0,0,0,0,0,0,0,0,0,0,2,0,0,0,0,0
6218521,ROCKY MOUNTAIN SUBS,2655 E LAKE RD,PALM HARBOR,34685,3712157,Routine - Food,Inspection Completed - No Further Action,2026-07-10,2,1,0,1,2,2,0,0,0,1,0,0,0,0,1,0,0,0,0,0,0,0,0,0,0,0,0,0,0,0,0,0,0,0,0,0,0,0,0,0,0,0,0,0,0,0,0,0,0,0,0,0,0,0,0,0,0,0,0,0,0,0,0,0,0
6200154,TYRONEMALL01,6901 22  AVE N,ST.PETERSBURG,33710,1116800,Routine - Food,Inspection Completed - No Further Action,2026-07-10,0,0,0,0,0,0,0,0,0,0,0,0,0,0,0,0,0,0,0,0,0,0,0,0,0,0,0,0,0,0,0,0,0,0,0,0,0,0,0,0,0,0,0,0,0,0,0,0,0,0,0,0,0,0,0,0,0,0,0,0,0,0,0,0,0
6200155,TYRONEMALL02,6901 22  AVE N,ST.PETERSBURG,33710,1116638,Routine - Food,Inspection Completed - No Further Action,2026-07-10,0,0,0,0,0,0,0,0,0,0,0,0,0,0,0,0,0,0,0,0,0,0,0,0,0,0,0,0,0,0,0,0,0,0,0,0,0,0,0,0,0,0,0,0,0,0,0,0,0,0,0,0,0,0,0,0,0,0,0,0,0,0,0,0,0
6218566,RAINING BERRIES,770 EAST LAKE ROAD,PALM HARBOR,34685,3738539,Routine - Food,Inspection Completed - No Further Action,2026-07-10,3,0,1,2,1,3,0,0,0,0,0,0,0,0,0,0,0,0,0,0,0,0,0,0,0,0,0,0,1,0,0,0,0,0,0,0,0,0,0,0,0,0,1,0,0,0,0,0,0,0,0,0,0,0,0,0,1,0,0,0,0,0,0,0,0
6207291,CRABBY BILLS,401 GULF BLVD,INDIAN ROCKS BEACH,33785,3756035,Complaint Full,Inspection Completed - No Further Action,2026-07-10,3,0,0,3,1,3,0,0,0,0,0,0,0,0,0,0,1,0,0,0,0,0,0,0,0,0,0,0,0,0,0,0,0,0,0,0,0,1,1,0,0,0,0,0,0,0,0,0,0,0,0,0,0,0,0,0,0,0,0,0,0,0,0,0,0
6218636,WAFFLES DREAM,1438  GULF TO BAY BLVD ,CLEARWATER,33755,3738470,Routine - Food,Inspection Completed - No Further Action,2026-07-10,9,4,3,2,8,8,0,1,0,1,0,1,0,0,2,0,0,0,0,0,0,0,0,0,0,0,0,0,0,0,0,0,0,1,0,0,0,1,0,0,0,0,0,0,0,0,1,1,0,0,0,0,0,0,0,0,0,0,0,0,0,0,0,0,0
6211336,SANDBAR BILLS,4350 GULF BLVD,ST PETE BCH,337063831,3724475,Routine - Food,Inspection Completed - No Further Action,2026-07-10,2,0,1,1,1,2,0,0,0,0,0,0,0,0,0,0,0,0,0,0,0,0,0,0,0,0,0,0,0,0,0,0,0,0,0,0,0,1,0,0,0,0,0,0,0,0,0,0,0,0,0,0,0,0,0,0,1,0,0,0,0,0,0,0,0
6216343,MAD BEACH CANTINA,13205 GULF BLVD,MADEIRA BEACH,33708,3711890,Routine - Food,Inspection Completed - No Further Action,2026-07-10,3,0,0,3,2,3,0,0,0,0,0,0,1,0,0,0,1,0,1,0,0,0,0,0,0,0,0,0,0,0,0,0,0,0,0,0,0,0,0,0,0,0,0,0,0,0,0,0,0,0,0,0,0,0,0,0,0,0,0,0,0,0,0,0,0
6218775,JIN POKE,9348 OAKHURST RD,SEMINOLE,33776,3752374,Routine - Food,Inspection Completed - No Further Action,2026-07-10,1,0,0,1,0,1,0,0,0,0,0,0,0,0,0,0,1,0,0,0,0,0,0,0,0,0,0,0,0,0,0,0,0,0,0,0,0,0,0,0,0,0,0,0,0,0,0,0,0,0,0,0,0,0,0,0,0,0,0,0,0,0,0,0,0
6210453,TACO BELL #3773,2456 MCMULLEN BOOTH RD,SAFETY HARBOR,34695,3710658,Routine - Food,Inspection Completed - No Further Action,2026-07-10,4,2,0,2,2,3,0,0,0,2,0,0,0,0,0,0,0,0,0,0,0,0,0,0,0,0,0,0,0,1,0,0,0,0,0,0,0,0,0,0,0,0,1,0,0,0,0,0,0,0,0,0,0,0,0,0,0,0,0,0,0,0,0,0,0
6210381,TACO BELL #3880,1824 GULF TO BAY BLVD,CLEARWATER,33765,3710788,Routine - Food,Inspection Completed - No Further Action,2026-07-10,2,0,1,1,1,2,0,0,0,0,0,0,0,0,0,0,0,0,0,0,0,0,0,0,0,0,0,0,1,0,0,0,0,0,0,0,0,0,0,1,0,0,0,0,0,0,0,0,0,0,0,0,0,0,0,0,0,0,0,0,0,0,0,0,0
6217848,SENOR SUBS & GYROS,1364 CLEVELAND ST,CLEARWATER,33755,3735808,Routine - Food,Warning Issued,2026-07-10,6,1,1,4,1,6,1,0,0,0,0,0,0,0,0,0,1,0,0,0,1,0,1,0,0,0,0,1,0,0,0,0,0,0,0,0,0,0,0,0,0,1,0,0,0,0,1,0,0,0,0,0,0,0,0,0,0,0,0,0,0,0,0,0,0
6215947,FIREHOUSE SUBS,3434 E LAKE RD  STE 1,PALM HARBOR,34685,3754206,Routine - Food,Inspection Completed - No Further Action,2026-07-10,3,1,0,2,1,3,0,0,0,0,0,0,0,0,0,0,0,0,0,1,0,0,0,0,0,0,0,0,1,0,0,0,0,0,0,0,0,0,0,0,0,0,0,0,0,0,0,0,0,0,0,0,0,0,0,0,1,0,0,0,0,0,0,0,0
6218771,FRUIT FLOAT CAFE,13050 GULF BLVD ,MADEIRA BEACH,33708,3698658,Complaint Full,Warning Issued,2026-07-10,7,4,2,1,2,7,1,0,0,0,0,0,0,0,1,0,0,0,0,0,1,0,1,0,0,0,0,0,0,0,0,0,0,0,0,1,0,0,0,0,0,1,0,0,0,0,0,0,0,0,0,0,0,0,0,0,1,0,0,1,0,0,0,0,0
6218442,TORCHY'S TACOS,2314 TYRONE BLVD N,ST. PETERSBURG,33710,3711848,Routine - Food,Administrative complaint recommended,2026-07-10,6,0,3,3,2,4,1,0,0,0,0,0,0,0,0,0,0,0,0,0,0,0,0,0,0,0,0,0,2,1,0,0,0,0,0,1,0,0,0,0,0,0,0,0,0,0,0,0,0,0,0,0,0,0,0,0,0,0,0,2,0,0,0,0,0
6218470,MAD BEACH POKE ,13999 GULF BLVD UNIT C1,MADEIRA BEACH,33708,3744273,Routine - Food,Inspection Completed - No Further Action,2026-07-10,2,1,0,1,1,2,0,0,0,0,0,0,0,0,1,0,1,0,0,0,0,0,0,0,0,0,0,0,0,0,0,0,0,0,0,0,0,0,0,0,0,0,0,0,0,0,0,0,0,0,0,0,0,0,0,0,0,0,0,0,0,0,0,0,0
6215990,JET'S PIZZA,1350 MAIN ST,DUNEDIN,34698,3737131,Routine - Food,Inspection Completed - No Further Action,2026-07-10,20,2,2,16,8,10,0,0,1,0,0,0,0,0,0,0,0,0,0,2,5,0,2,0,0,0,0,0,4,1,0,0,0,0,0,1,0,2,0,0,0,1,1,0,0,0,0,0,0,0,0,0,0,0,0,0,0,0,0,0,0,0,0,0,0
6214072,PAPA JOHN'S PIZZA,1098 OVERCASH DR,DUNEDIN,34698,3755341,Routine - Food,Administrative complaint recommended,2026-07-10,7,2,0,5,3,6,1,0,0,0,0,0,0,0,0,0,0,0,1,1,1,0,0,0,0,0,0,1,2,0,0,0,0,0,0,0,0,0,0,0,0,0,0,0,0,0,0,0,0,0,0,0,0,0,0,0,1,0,0,0,0,0,0,0,0
6217911,PROHIBITION KITCHEN AND TAP,1600 MAIN ST,DUNEDIN,34698,3755990,Complaint Full,Warning Issued,2026-07-10,24,6,6,12,15,13,1,2,0,0,0,0,0,0,2,0,0,0,3,1,2,0,2,0,0,0,0,0,4,0,2,0,0,0,0,1,0,2,0,0,0,1,0,0,0,0,0,1,0,0,0,0,0,0,0,0,0,0,0,1,0,0,0,0,0
6218837,HIBACHI EXPRESS,3605 49 ST N,ST. PETERSBURG,33710,3745949,Routine - Food,Inspection Completed - No Further Action,2026-07-10,15,4,4,7,11,10,0,1,0,2,0,0,2,0,2,0,0,0,0,0,0,0,0,0,0,0,0,2,1,0,1,0,0,0,0,0,0,2,0,0,0,0,0,0,0,0,0,1,0,0,0,0,0,0,0,0,1,0,0,0,0,0,0,0,0
6218420,PAJANOS PIZZA AND SUBS,17307 GULF BLVD UNIT B103,NORTH REDINGTON BCH,33708,3754351,Routine - Food,Inspection Completed - No Further Action,2026-07-10,6,1,3,2,2,6,0,0,0,0,0,0,0,0,0,0,0,0,0,0,0,0,0,0,0,0,0,0,1,1,0,1,0,0,0,0,0,0,0,0,0,0,0,0,0,0,0,1,0,0,0,0,0,0,0,0,1,0,0,1,0,0,0,0,0
6215828,JET'S PIZZA,2045 GULF TO BAY BLVD,CLEARWATER,33765,3756028,Complaint Full,Inspection Completed - No Further Action,2026-07-14,4,2,0,2,2,4,0,0,0,1,0,0,0,0,1,0,0,0,0,0,0,0,0,0,0,0,0,0,0,0,0,0,0,0,0,1,0,0,0,0,0,0,1,0,0,0,0,0,0,0,0,0,0,0,0,0,0,0,0,0,0,0,0,0,0
6216111,PIZZA HUT 4612,407 S BELCHER RD STE 4,CLEARWATER,33765,3724270,Routine - Food,Inspection Completed - No Further Action,2026-07-14,0,0,0,0,0,0,0,0,0,0,0,0,0,0,0,0,0,0,0,0,0,0,0,0,0,0,0,0,0,0,0,0,0,0,0,0,0,0,0,0,0,0,0,0,0,0,0,0,0,0,0,0,0,0,0,0,0,0,0,0,0,0,0,0,0
6217851,PINEAPPLE ESPRESSO,3045 DR MARTIN LUTHER KING JR ST N,ST PETERSBURG ,33704,3752129,Routine - Food,Inspection Completed - No Further Action,2026-07-14,5,1,2,2,2,5,0,0,0,1,0,0,0,0,0,0,0,0,0,0,1,0,0,0,0,0,0,1,0,0,0,0,0,0,0,0,0,1,0,0,0,0,0,0,0,0,0,0,0,0,0,0,0,0,0,0,1,0,0,0,0,0,0,0,0
6216477,LITTLE GREEK CUISINE,2245 GULF TO BAY BLVD,CLEARWATER,33765,3755957,Complaint Full,Inspection Completed - No Further Action,2026-07-14,21,3,6,12,13,11,0,0,3,1,0,1,1,0,0,0,0,0,0,0,2,0,0,0,0,0,0,1,3,0,0,0,0,0,0,0,0,1,0,2,0,0,3,0,0,0,0,3,0,0,0,0,0,0,0,0,0,0,0,0,0,0,0,0,0
6218262,CJS BACKSTAGE,7022 22 AVE N,ST. PETERSBURG,33710,3738037,Routine - Food,Inspection Completed - No Further Action,2026-07-14,13,2,4,7,5,12,0,0,0,0,0,0,0,0,0,0,0,1,1,0,1,0,1,0,0,0,0,0,2,0,1,0,0,0,0,1,0,0,1,0,0,0,1,0,0,0,0,1,1,0,0,0,0,0,0,0,0,0,0,1,0,0,0,0,0
6218473,RITA'S ICE CUSTARD HAPPINESS,32836 US HWY 19 ,PALM HARBOR ,34684,3718135,Routine - Food,Inspection Completed - No Further Action,2026-07-14,2,1,0,1,2,2,0,0,0,0,0,0,0,0,1,0,0,0,0,0,0,0,0,0,0,0,0,0,1,0,0,0,0,0,0,0,0,0,0,0,0,0,0,0,0,0,0,0,0,0,0,0,0,0,0,0,0,0,0,0,0,0,0,0,0
6218527,WORLD OF VEGAN,3375 34 ST N STE 101,ST. PETERSBURG,33713,3744478,Routine - Food,Inspection Completed - No Further Action,2026-07-14,2,0,1,1,2,2,0,0,0,0,0,0,0,0,1,0,0,1,0,0,0,0,0,0,0,0,0,0,0,0,0,0,0,0,0,0,0,0,0,0,0,0,0,0,0,0,0,0,0,0,0,0,0,0,0,0,0,0,0,0,0,0,0,0,0
6216770,JULIS MEXICAN RESTAURANT,1237 CLEVELAND ST,CLEARWATER,33755,3718927,Routine - Food,Inspection Completed - No Further Action,2026-07-14,6,2,2,2,5,5,0,1,0,1,0,0,0,0,1,0,0,0,0,0,0,0,0,0,0,0,0,1,0,0,0,0,0,0,0,0,0,2,0,0,0,0,0,0,0,0,0,0,0,0,0,0,0,0,0,0,0,0,0,0,0,0,0,0,0
6217970,KAIA BOWLS,2539  COUNTRYSIDE BLVD STE 5,CLEARWATER,33761,3723649,Routine - Food,Warning Issued,2026-07-14,2,0,1,1,0,2,1,0,0,0,0,0,0,0,0,0,0,0,0,0,0,0,0,0,0,0,0,0,0,0,0,0,0,0,0,0,0,0,0,0,0,0,1,0,0,0,0,0,0,0,0,0,0,0,0,0,0,0,0,1,0,0,0,0,0
6216360,BOJANGLES,7930 US HWY 19 N,PINELLAS PARK,33781,3755877,Complaint Full,Inspection Completed - No Further Action,2026-07-14,6,0,1,5,2,6,0,0,0,0,0,0,0,0,0,0,1,0,1,0,1,0,0,0,0,0,0,1,0,0,0,0,0,0,0,0,0,1,0,0,0,0,0,0,0,0,1,0,0,0,0,0,0,0,0,0,0,0,0,0,0,0,0,0,0
6216683,DELCO'S ORIGINAL STEAKS & HOAGIES,1701 MAIN ST,DUNEDIN,34698,3756138,Complaint Full,Administrative complaint recommended,2026-07-14,20,2,4,14,8,12,1,1,0,1,0,0,0,0,1,0,0,1,0,1,5,0,1,0,0,0,0,0,3,0,0,0,0,0,0,0,0,0,0,1,0,1,3,0,0,0,1,0,0,0,0,0,0,0,0,0,0,0,0,0,0,0,0,0,0
6215378,BONEFISH GRILL,2939 W BAY DR,BELLEAIR BLUFFS,33770,3747493,Routine - Food,Inspection Completed - No Further Action,2026-07-14,1,0,0,1,0,1,0,0,0,0,0,0,0,0,0,0,0,0,0,0,1,0,0,0,0,0,0,0,0,0,0,0,0,0,0,0,0,0,0,0,0,0,0,0,0,0,0,0,0,0,0,0,0,0,0,0,0,0,0,0,0,0,0,0,0
6218258,OCC ROAD HOUSE & MUSEUM,10575 49 ST N,CLEARWATER,33762,3756124,Complaint Full,Inspection Completed - No Further Action,2026-07-14,6,2,1,3,5,5,0,2,0,0,0,0,1,0,0,0,0,0,1,0,0,0,0,0,0,0,0,0,1,0,0,0,0,0,0,0,0,0,0,0,0,0,1,0,0,0,0,0,0,0,0,0,0,0,0,0,0,0,0,0,0,0,0,0,0
6218493,ZAXBYS,3700 34TH STREET S,ST. PETERSBURG,33711,3756058,Complaint Full,Inspection Completed - No Further Action,2026-07-14,2,1,0,1,1,2,0,0,0,0,0,0,0,0,0,0,0,0,0,0,1,0,0,0,0,0,0,0,0,0,0,0,0,0,0,0,0,0,0,0,0,1,0,0,0,0,0,0,0,0,0,0,0,0,0,0,0,0,0,0,0,0,0,0,0
6215447,PANERA BREAD #3345,1908 N 4 ST,ST. PETERSBURG,33704,3709993,Routine - Food,Inspection Completed - No Further Action,2026-07-14,2,0,0,2,1,2,0,0,0,0,0,0,0,0,0,0,0,0,0,0,0,0,0,0,0,0,0,0,1,0,0,0,0,0,0,0,0,0,0,0,0,0,0,0,0,0,0,0,0,0,0,0,0,0,0,0,0,1,0,0,0,0,0,0,0
6218589,NEIGHBORHOOD JOE,2325 DR MLK JR ST N,ST. PETERSBURG,33704,3755482,Routine - Food,Inspection Completed - No Further Action,2026-07-14,10,4,2,4,8,8,0,1,1,2,0,0,0,0,1,0,0,0,0,0,0,0,0,0,0,0,0,0,2,0,0,0,0,0,0,1,0,1,0,0,0,0,0,0,0,0,0,0,0,0,0,0,0,0,0,0,1,0,0,0,0,0,0,0,0
6252638,PIPOS CUBAN CAFE,1990 W BAY DR,LARGO,33770,1346740,Complaint Full,Inspection Completed - No Further Action,2026-07-14,1,0,1,0,1,1,0,0,0,0,0,0,0,0,0,0,0,0,0,0,0,0,0,0,0,0,0,0,0,0,0,0,0,0,0,0,0,1,0,0,0,0,0,0,0,0,0,0,0,0,0,0,0,0,0,0,0,0,0,0,0,0,0,0,0
6217615,BADFINS FOOD & BREW,215 S GULFVIEW BLVD,CLEARWATER,33767,3755985,Complaint Full,Warning Issued,2026-07-14,12,3,2,7,9,8,1,0,0,2,0,0,0,0,2,0,0,0,1,0,0,0,0,0,0,0,0,1,2,0,0,0,0,0,0,1,0,0,0,0,0,2,0,0,0,0,0,0,0,0,0,0,0,0,0,0,0,0,0,1,0,0,0,0,0
6208055,RED LOBSTER #0348,26320 US 19 N,CLEARWATER,33761,3729593,Routine - Food,Inspection Completed - No Further Action,2026-07-14,3,0,0,3,1,2,0,0,0,0,0,0,0,0,0,0,0,0,0,0,0,0,0,0,0,0,0,0,1,0,0,0,0,0,0,0,0,0,0,0,0,0,2,0,0,0,0,0,0,0,0,0,0,0,0,0,0,0,0,0,0,0,0,0,0
6218927,PRETZEL EMPIRE (PATION DECK KIOSK),735 DODECANESE BLVD,TARPON SPRINGS,34689,3700456,Food-Licensing Inspection,Inspection Completed - No Further Action,2026-07-14,1,0,1,0,1,1,0,0,0,0,0,0,0,0,0,0,0,0,0,0,0,0,0,0,0,0,0,0,0,0,0,0,0,0,0,0,0,1,0,0,0,0,0,0,0,0,0,0,0,0,0,0,0,0,0,0,0,0,0,0,0,0,0,0,0
6218926,GOLFOLOGY,2400 5 AVE S,ST PETERSBURG,33712,3699401,Food-Licensing Inspection,Inspection Completed - No Further Action,2026-07-14,4,0,3,1,3,3,0,0,0,0,0,1,0,0,0,0,0,0,0,0,0,0,1,0,0,0,0,0,0,0,0,0,0,0,0,0,0,2,0,0,0,0,0,0,0,0,0,0,0,0,0,0,0,0,0,0,0,0,0,0,0,0,0,0,0
6208560,BURGER KING #4010,32375 US HWY 19 N,PALM HARBOR,34684,3702315,Routine - Food,Inspection Completed - No Further Action,2026-07-14,11,0,2,9,4,8,0,0,0,0,0,0,0,0,1,0,0,0,0,2,2,0,0,0,0,0,0,1,2,1,0,0,0,1,0,0,0,0,0,0,0,0,1,0,0,0,0,0,0,0,0,0,0,0,0,0,0,0,0,0,0,0,0,0,0
6217758,SHAKER & PEEL,3150 TAMPA RD STE 12,OLDSMAR,34677,3755952,Complaint Full,Warning Issued,2026-07-14,3,1,0,2,1,3,1,0,0,1,0,0,0,0,0,0,0,0,0,0,0,0,0,0,0,0,0,1,0,0,0,0,0,0,0,0,0,0,0,0,0,0,1,0,0,0,0,0,0,0,0,0,0,0,0,0,0,0,0,0,0,0,0,0,0
6217841,TACO MIENDO ST PETE,4747 66  ST  N,ST PETERSBURG,33709,3752609,Routine - Food,Administrative complaint recommended,2026-07-14,16,3,4,9,8,12,1,1,0,1,0,0,0,0,1,0,0,0,0,0,2,0,0,0,0,0,0,1,1,2,0,0,0,0,0,0,0,2,0,0,0,2,0,0,1,0,0,0,0,0,0,0,0,0,0,0,0,1,0,1,0,0,0,0,0
6218848,PHO HOUSE CAFE,7870 US HWY 19 N,PINELLAS PARK,33781,3752899,Routine - Food,Administrative complaint recommended,2026-07-14,6,2,2,2,5,5,1,0,0,1,0,0,0,0,1,0,0,0,0,0,0,0,0,0,0,0,0,1,1,0,0,0,0,0,0,0,0,2,0,0,0,0,0,0,0,0,0,0,0,0,0,0,0,0,0,0,0,0,0,0,0,0,0,0,0
6200156,TYRONEMALL03,6901 22  AVE N,ST.PETERSBURG,33710,1117012,Routine - Food,Inspection Completed - No Further Action,2026-07-14,0,0,0,0,0,0,0,0,0,0,0,0,0,0,0,0,0,0,0,0,0,0,0,0,0,0,0,0,0,0,0,0,0,0,0,0,0,0,0,0,0,0,0,0,0,0,0,0,0,0,0,0,0,0,0,0,0,0,0,0,0,0,0,0,0
6200157,TYRONEMALL04,6901 22  AVE N,ST.PETERSBURG,33710,1116873,Routine - Food,Inspection Completed - No Further Action,2026-07-14,0,0,0,0,0,0,0,0,0,0,0,0,0,0,0,0,0,0,0,0,0,0,0,0,0,0,0,0,0,0,0,0,0,0,0,0,0,0,0,0,0,0,0,0,0,0,0,0,0,0,0,0,0,0,0,0,0,0,0,0,0,0,0,0,0
6217559,HOWARD JOHNSON BY WYNDHAM,27988  US HWY 19 N,CLEARWATER,33761,3745654,Routine - Food,Inspection Completed - No Further Action,2026-07-14,1,1,0,0,1,1,0,0,0,0,0,0,0,0,1,0,0,0,0,0,0,0,0,0,0,0,0,0,0,0,0,0,0,0,0,0,0,0,0,0,0,0,0,0,0,0,0,0,0,0,0,0,0,0,0,0,0,0,0,0,0,0,0,0,0
6218769,ZAGARA,3001 22 AVE N,ST. PETERSBURG,33713,3754393,Routine - Food,Inspection Completed - No Further Action,2026-07-15,5,2,2,1,2,5,0,0,0,0,0,0,0,0,1,0,1,0,0,0,0,0,0,0,0,0,0,0,0,0,0,0,0,0,0,0,0,1,0,0,0,0,0,0,0,0,0,0,0,0,0,0,0,0,0,0,1,0,0,1,0,0,0,0,0
6209391,LIBERTY LANES,11401 STARKEY RD,LARGO,33773,3754187,Routine - Food,Inspection Completed - No Further Action,2026-07-15,7,1,0,6,2,6,0,0,0,0,0,0,0,0,0,0,0,0,1,0,0,0,2,0,0,0,0,0,1,0,0,0,0,0,0,1,0,0,0,0,0,0,1,0,0,0,0,0,0,0,0,0,0,0,0,0,1,0,0,0,0,0,0,0,0
6216006,"SIMPLE DELIGHTS CATERING & DESSRTS, INC.",1245 18 AVE S,ST. PETERSBURG,33705,1136290,Routine - Food,Inspection Completed - No Further Action,2026-07-15,0,0,0,0,0,0,0,0,0,0,0,0,0,0,0,0,0,0,0,0,0,0,0,0,0,0,0,0,0,0,0,0,0,0,0,0,0,0,0,0,0,0,0,0,0,0,0,0,0,0,0,0,0,0,0,0,0,0,0,0,0,0,0,0,0
6212467,GIOVANNIS FRESH ITALIAN KITCHEN,2152 MAIN ST,DUNEDIN,34698,3701420,Food-Licensing Inspection,Warning Issued,2026-07-15,6,2,1,3,1,4,1,0,0,1,0,0,0,0,0,0,0,0,0,3,0,0,0,0,0,0,0,0,0,0,0,0,0,0,0,0,0,0,0,0,0,0,0,0,0,0,0,0,0,0,0,0,0,0,0,0,1,1,0,0,0,0,0,0,0
6216379,UPTOWN EATS,689 DR MLK JR ST N STE D,ST. PETERSBURG,33701,3756110,Complaint Full,Emergency order recommended,2026-07-15,21,8,4,9,13,14,1,0,0,1,0,0,0,0,0,1,0,0,2,0,1,0,0,0,0,0,0,0,2,1,0,1,0,0,0,1,0,1,1,0,0,4,2,0,0,0,0,2,0,0,0,0,0,0,0,0,0,1,0,0,0,0,0,0,0
6215608,CASITA TAQUERIA 2 INC,2701 4 ST NORTH,ST. PETERSBURG,33704,3753323,Routine - Food,Inspection Completed - No Further Action,2026-07-15,2,0,1,1,1,2,0,0,0,0,0,0,0,0,0,0,0,0,0,0,0,0,0,0,0,0,0,0,0,0,0,0,0,0,0,0,0,0,0,0,0,0,0,0,0,0,0,1,0,0,0,0,0,0,0,0,1,0,0,0,0,0,0,0,0
6215561,E & L PIZZA,2810 34 ST N,ST. PETERSBURG,33713,3730744,Routine - Food,Inspection Completed - No Further Action,2026-07-15,1,0,0,1,0,1,0,0,0,0,0,0,0,0,0,0,0,0,0,0,1,0,0,0,0,0,0,0,0,0,0,0,0,0,0,0,0,0,0,0,0,0,0,0,0,0,0,0,0,0,0,0,0,0,0,0,0,0,0,0,0,0,0,0,0
6215549,SELLERS & CO,1710 N HERCULES AVE STE 114,CLEARWATER,33765,3753020,Routine - Food,Inspection Completed - No Further Action,2026-07-15,7,1,3,3,4,7,0,0,0,1,0,1,0,0,0,0,1,0,0,0,0,0,1,0,0,0,0,0,1,0,0,0,0,0,0,0,0,1,0,0,0,0,1,0,0,0,0,0,0,0,0,0,0,0,0,0,0,0,0,0,0,0,0,0,0
6208151,FRENCHY'S SOUTH BEACH CAFE,351 GULFVIEW BLVD,CLEARWATER BEACH,33767,3722672,Routine - Food,Inspection Completed - No Further Action,2026-07-15,3,1,0,2,2,2,0,0,0,0,0,0,0,0,2,0,0,0,0,0,0,0,0,0,0,0,0,0,0,0,0,1,0,0,0,0,0,0,0,0,0,0,0,0,0,0,0,0,0,0,0,0,0,0,0,0,0,0,0,0,0,0,0,0,0
6217715,DUNKIN DONUTS,1046 4TH STREET NORTH,ST PETERSBURG,33704,3755838,Complaint Full,Inspection Completed - No Further Action,2026-07-15,1,0,0,1,1,1,0,0,0,0,0,0,0,0,0,0,0,0,0,0,0,0,0,0,0,0,0,0,0,0,0,0,0,0,0,0,0,1,0,0,0,0,0,0,0,0,0,0,0,0,0,0,0,0,0,0,0,0,0,0,0,0,0,0,0
6217060,DOMINO'S PIZZA #3158,2657 E  LAKE RD T2,PALM HARBOR,34685,3717456,Routine - Food,Inspection Completed - No Further Action,2026-07-15,1,0,1,0,0,1,0,0,0,0,0,0,0,0,0,0,0,0,0,0,0,0,0,0,0,0,0,0,0,0,0,0,0,0,0,0,0,0,0,0,0,0,0,0,0,0,0,0,0,0,0,0,0,0,0,0,0,0,0,1,0,0,0,0,0
6207578,BURGER KING #2816,1888 GULF TO BAY BLVD,CLEARWATER,33765,3747421,Routine - Food,Inspection Completed - No Further Action,2026-07-15,2,0,0,2,1,2,0,0,0,0,0,0,0,0,0,0,0,0,0,0,0,0,0,0,0,0,0,0,0,1,0,0,0,0,0,0,0,0,0,0,0,1,0,0,0,0,0,0,0,0,0,0,0,0,0,0,0,0,0,0,0,0,0,0,0
6217081,TACO BELL,903 PASADENA AVE S,SOUTH PASADENA,33707,3756029,Complaint Full,Warning Issued,2026-07-15,4,1,2,1,3,4,1,0,0,1,0,0,0,0,0,0,0,0,0,0,1,0,0,0,0,0,0,0,1,0,0,0,0,0,0,0,0,1,0,0,0,0,0,0,0,0,0,0,0,0,0,0,0,0,0,0,0,0,0,0,0,0,0,0,0
6214470,CRABBYS BEACH WALK & GRILL,333 S GULFVIEW BLVD,CLEARWATER,33767-2415,3715085,Routine - Food,Warning Issued,2026-07-15,6,2,4,0,4,6,1,0,1,1,0,0,0,0,1,0,0,0,0,0,0,0,1,0,0,0,0,0,0,0,0,0,0,0,0,0,0,1,0,0,0,0,0,0,0,0,0,0,0,0,0,0,0,0,0,0,0,1,0,0,0,0,0,0,0
6214727,SPECIAL PHO,1390 34  ST N,SAINT PETERSBURG,33713,3736609,Routine - Food,Inspection Completed - No Further Action,2026-07-15,6,1,1,4,3,5,0,0,0,2,0,0,0,0,1,0,0,0,0,0,0,0,0,0,0,0,0,0,0,1,1,0,0,0,0,0,0,0,0,0,0,0,1,0,0,0,0,0,0,0,0,0,0,0,0,0,0,0,0,0,0,0,0,0,0
6217123,DISCOVERY INDIAN CUISINE ,38593  US 19 STE 300,PALM HARBOR,34684,3739601,Routine - Food,Emergency order recommended,2026-07-15,30,8,4,18,13,15,1,2,1,1,0,0,0,0,2,0,0,0,0,2,3,0,3,0,0,0,0,0,4,1,0,0,0,0,0,0,0,0,0,0,0,2,5,0,0,0,1,1,0,0,0,0,0,0,0,0,0,1,0,1,0,0,0,0,0
6214950,EL YUKAYEKE LATIN FOOD,9045 STARKEY RD,SEMINOLE,33777,3711489,Routine - Food,Inspection Completed - No Further Action,2026-07-15,3,0,1,2,1,3,0,0,1,0,0,0,0,0,0,0,0,0,0,0,0,0,0,0,0,0,0,0,0,1,0,0,0,0,0,0,0,0,0,0,0,0,1,0,0,0,0,0,0,0,0,0,0,0,0,0,0,0,0,0,0,0,0,0,0
6213572,NAUTICAL BREWS PIZZA,2481 N MCMULLEN BOOTH RD STE D,CLEARWATER,33759,3745614,Complaint Full,Emergency order recommended,2026-07-15,5,2,1,2,3,4,1,0,0,0,0,0,0,0,0,0,0,0,0,0,0,0,0,0,0,0,0,0,1,1,0,0,0,0,0,0,0,0,0,0,0,2,0,0,0,0,0,0,0,0,0,0,0,0,0,0,0,0,0,1,0,0,0,0,0
6217617,SMASHBURGER,10801 STARKEY RD #4,LARGO,33777,3705295,Routine - Food,Inspection Completed - No Further Action,2026-07-15,3,0,3,0,3,3,0,0,0,0,0,0,0,0,0,0,0,0,0,0,0,0,0,0,0,0,0,0,1,0,0,0,0,0,0,0,0,1,0,0,0,0,0,0,0,0,0,1,0,0,0,0,0,0,0,0,0,0,0,0,0,0,0,0,0
6218201,NESTING GROUNDS CAFE,4852 RIDGEMOOR BLVD,PALM HARBOR,34685,3730325,Routine - Food,Inspection Completed - No Further Action,2026-07-15,2,1,1,0,1,2,0,0,0,0,0,0,0,0,0,0,0,0,0,0,1,0,0,0,0,0,0,0,0,0,0,0,0,0,0,0,0,1,0,0,0,0,0,0,0,0,0,0,0,0,0,0,0,0,0,0,0,0,0,0,0,0,0,0,0
6218519,JUANS,4938 RIDGEMOOR BLVD,PALM HARBOR,34685,3744081,Routine - Food,Inspection Completed - No Further Action,2026-07-15,0,0,0,0,0,0,0,0,0,0,0,0,0,0,0,0,0,0,0,0,0,0,0,0,0,0,0,0,0,0,0,0,0,0,0,0,0,0,0,0,0,0,0,0,0,0,0,0,0,0,0,0,0,0,0,0,0,0,0,0,0,0,0,0,0
6215217,THE CLEARWATER GOLF CLUB,525 N BETTY LANE,CLEARWATER,33755,3724904,Routine - Food,Inspection Completed - No Further Action,2026-07-15,6,1,3,2,5,5,0,0,1,1,0,0,0,0,0,0,0,0,0,0,1,0,0,0,0,0,0,0,2,0,0,0,0,0,0,0,0,1,0,0,0,0,0,0,0,0,0,0,0,0,0,0,0,0,0,0,0,0,0,0,0,0,0,0,0
6217441,SANDCASTLE,325 S GULFVIEW BLVD,CLEARWATER BEACH,33767,3717921,Routine - Food,Warning Issued,2026-07-15,4,2,0,2,4,4,1,1,0,1,0,0,0,0,0,0,0,0,0,0,0,0,0,0,0,0,0,0,1,0,0,0,0,0,0,0,0,1,0,0,0,0,0,0,0,0,0,0,0,0,0,0,0,0,0,0,0,0,0,0,0,0,0,0,0
6252820,RISING SUN TACOS,7097 30 AVE N,ST. PETERSBURG,33710,1336938,Routine - Food,Inspection Completed - No Further Action,2026-07-16,4,0,2,2,1,3,0,0,0,0,0,0,0,0,0,0,0,0,0,0,0,0,1,0,0,0,0,0,1,0,0,0,0,0,0,0,0,0,0,0,0,0,0,0,0,0,0,0,0,0,0,0,0,0,0,0,2,0,0,0,0,0,0,0,0
6217823,DUNKIN DONUTS,1821 N HIGHLAND AVE,CLEARWATER,33755,3723513,Routine - Food,Inspection Completed - No Further Action,2026-07-16,3,0,0,3,1,3,0,0,0,0,0,0,0,0,1,0,0,0,0,1,0,0,0,0,0,0,0,1,0,0,0,0,0,0,0,0,0,0,0,0,0,0,0,0,0,0,0,0,0,0,0,0,0,0,0,0,0,0,0,0,0,0,0,0,0
6217614,COCO'S CRUSH BAR AND GRILL,317 CORONADO DR,CLEARWATER BEACH,33767,3716583,Routine - Food,Inspection Completed - No Further Action,2026-07-16,3,0,0,3,1,3,0,0,0,0,0,0,0,0,0,0,0,0,0,0,1,0,0,0,0,0,0,0,0,0,0,1,0,0,0,0,0,1,0,0,0,0,0,0,0,0,0,0,0,0,0,0,0,0,0,0,0,0,0,0,0,0,0,0,0
6216162,MOES SOUTHWEST GRILL #135,4011 TAMPA RD  UNIT 14,OLDSMAR,34677,3742940,Routine - Food,Inspection Completed - No Further Action,2026-07-16,3,1,0,2,1,3,0,0,0,0,0,0,0,0,0,0,0,0,0,0,1,0,0,0,0,0,0,0,0,1,0,0,0,0,0,0,0,0,0,0,0,0,0,0,0,0,0,1,0,0,0,0,0,0,0,0,0,0,0,0,0,0,0,0,0
6218308,CY CLEARWATER BEACH,455 E SHORE DR FLR 4,CLEARWATER BEACH,33767,3746052,Routine - Food,Inspection Completed - No Further Action,2026-07-16,5,0,2,3,2,4,0,0,0,0,0,0,0,0,0,0,0,0,0,0,1,0,0,0,0,0,0,0,0,0,0,0,0,0,0,0,0,2,0,0,0,0,0,0,0,0,1,0,1,0,0,0,0,0,0,0,0,0,0,0,0,0,0,0,0
6216125,HUNGRY HOWIES PIZZA AND SUBS,6570 CENTRAL AVE,ST. PETERSBURG,33707,3758120,Complaint Full,Emergency order recommended,2026-07-16,10,2,4,4,7,8,1,0,0,0,0,0,0,0,0,0,0,1,1,0,1,0,0,0,0,0,0,0,1,0,0,0,0,0,0,0,0,1,0,0,0,3,1,0,0,0,0,0,0,0,0,0,0,0,0,0,0,0,0,1,0,0,0,0,0
6252956,KING POTATO,422 CLEVELAND ST,CLEARWATER,33755,1334782,Food-Licensing Inspection,Inspection Completed - No Further Action,2026-07-16,0,0,0,0,0,0,0,0,0,0,0,0,0,0,0,0,0,0,0,0,0,0,0,0,0,0,0,0,0,0,0,0,0,0,0,0,0,0,0,0,0,0,0,0,0,0,0,0,0,0,0,0,0,0,0,0,0,0,0,0,0,0,0,0,0
6218066,DRIFTWOOD CAFE,840 2 AVENUE NE,ST. PETERSBURG,33701,3729410,Routine - Food,Inspection Completed - No Further Action,2026-07-16,9,0,2,7,6,8,0,0,1,1,0,0,0,0,0,0,1,1,2,0,1,0,0,0,0,0,0,0,0,0,0,0,0,0,0,0,0,1,0,0,0,0,0,0,0,0,0,0,0,0,0,0,0,0,0,0,1,0,0,0,0,0,0,0,0
6216529,JERSEY MIKE'S SUBS,3860 TAMPA ROAD,OLDSMAR,34677,3751820,Routine - Food,Inspection Completed - No Further Action,2026-07-16,2,1,0,1,1,2,0,0,0,1,0,0,0,0,0,0,0,0,0,0,0,0,0,0,0,0,0,0,0,0,0,0,0,0,0,0,0,0,0,0,0,0,0,0,0,0,1,0,0,0,0,0,0,0,0,0,0,0,0,0,0,0,0,0,0
6252647,JA ISLAND SPICE MINI RESTAURANT,9743 W HILLSBOROUGH ,TAMPA,33615,1337799,Routine - Food,Administrative complaint recommended,2026-07-16,5,3,1,1,5,4,1,1,0,2,0,0,0,0,1,0,0,0,0,0,0,0,0,0,0,0,0,0,0,0,0,0,0,0,0,0,0,1,0,0,0,0,0,0,0,0,0,0,0,0,0,0,0,0,0,0,0,0,0,0,0,0,0,0,0
6218778,THE DISTRICT BISTRO,412 CLEVELAND ST,CLEARWATER,33755,3739607,Routine - Food,Warning Issued,2026-07-16,5,2,1,2,4,5,1,1,0,0,0,0,1,0,0,0,1,1,0,0,0,0,0,0,0,0,0,0,1,0,0,0,0,0,0,0,0,0,0,0,0,0,0,0,0,0,0,0,0,0,0,0,0,0,0,0,0,0,0,0,0,0,0,0,0
6213949,SALT ROCK GRILL,19325 GULF BLVD,INDIAN SHORES,33785,3756158,Complaint Full,Warning Issued,2026-07-16,6,2,0,4,4,6,1,1,0,1,0,0,0,0,0,0,1,0,1,0,0,0,0,0,0,0,0,0,0,1,0,0,0,0,0,0,0,1,0,0,0,0,0,0,0,0,0,0,0,0,0,0,0,0,0,0,0,0,0,0,0,0,0,0,0
6213531,RED MESA,4912 4 ST  N,ST. PETERSBURG,33703,3724250,Routine - Food,Inspection Completed - No Further Action,2026-07-16,4,0,1,3,1,4,0,1,0,0,0,0,0,0,0,0,0,0,0,0,0,0,1,0,0,0,0,0,0,1,0,0,0,0,0,0,0,0,0,0,0,0,1,0,0,0,0,0,0,0,0,0,0,0,0,0,0,0,0,0,0,0,0,0,0
6218536,GATEWAY SUBS,5931 4 ST N,SAINT PETERSBURG,33703,3745067,Routine - Food,Inspection Completed - No Further Action,2026-07-16,5,1,2,2,4,5,0,0,1,0,0,0,0,0,1,0,0,0,1,0,0,0,0,0,0,0,0,0,1,0,0,0,0,0,0,0,0,0,0,0,0,0,0,0,0,0,0,0,0,0,0,0,0,0,0,0,0,0,0,1,0,0,0,0,0
6215636,PANERA BREAD,3181 CURLEW ROAD,OLDSMAR,34677,3734371,Routine - Food,Inspection Completed - No Further Action,2026-07-16,1,0,0,1,0,1,0,0,0,0,0,0,0,0,0,0,0,0,0,0,0,0,0,0,0,0,0,0,0,0,0,0,0,0,0,0,0,0,0,0,0,0,0,0,0,0,0,0,0,0,0,0,0,0,0,0,0,1,0,0,0,0,0,0,0
6212017,KINGS PIZZA & GRILL,325 CORONADO DR,CLEARWATER BEACH,33767,3758328,Food-Licensing Inspection,Inspection Completed - No Further Action,2026-07-16,4,0,1,3,1,3,0,0,0,0,0,0,0,0,0,0,0,0,0,1,0,0,0,0,0,0,0,0,1,0,0,0,0,0,0,0,0,0,0,0,0,0,2,0,0,0,0,0,0,0,0,0,0,0,0,0,0,0,0,0,0,0,0,0,0
6217829,EVE'S FAMILY RESTAURANT,3150 TAMPA RD UNIT 9,OLDSMAR,34677,3748621,Routine - Food,Inspection Completed - No Further Action,2026-07-16,14,5,3,6,10,11,0,0,1,1,0,0,1,0,3,0,0,0,2,0,0,0,0,0,0,0,0,1,1,1,0,0,0,0,0,0,0,1,0,0,0,0,0,0,0,0,1,0,0,0,0,0,0,0,0,0,0,0,0,1,0,0,0,0,0
6218606,SPARTA SEAFOOD & GRILL,3157 CURLEW RD,OLDSMAR,34677,3738648,Routine - Food,Inspection Completed - No Further Action,2026-07-16,12,2,1,9,7,10,0,1,1,0,0,0,1,0,1,0,1,0,1,0,2,0,0,0,0,0,0,0,2,0,0,0,0,0,0,0,0,0,0,1,0,0,1,0,0,0,0,0,0,0,0,0,0,0,0,0,0,0,0,0,0,0,0,0,0
6212684,BAYOU CLUB,7979 BAYOU CLUB BLVD,LARGO,33777,3746979,Routine - Food,Inspection Completed - No Further Action,2026-07-16,6,1,0,5,2,6,0,0,0,1,0,0,0,0,0,0,1,0,1,0,0,0,0,0,0,0,0,0,0,0,1,0,0,0,0,1,0,0,0,0,0,0,1,0,0,0,0,0,0,0,0,0,0,0,0,0,0,0,0,0,0,0,0,0,0
6212832,DAIRY QUEEN,3101 N 66 ST,ST. PETERSBURG,33710,3710583,Routine - Food,Warning Issued,2026-07-16,11,1,2,8,6,7,1,0,0,0,0,0,0,0,0,0,1,0,1,0,2,0,0,0,0,0,0,0,2,1,0,0,0,0,0,0,0,0,0,0,0,3,0,0,0,0,0,0,0,0,0,0,0,0,0,0,0,0,0,1,0,0,0,0,0
6214843,BACKWATERS,1261 GULF BLVD 129 AND 130,CLEARWATER,33767,3713698,Routine - Food,Inspection Completed - No Further Action,2026-07-16,4,1,0,3,2,4,0,0,0,0,0,0,0,0,1,0,0,0,0,1,1,0,0,0,0,0,0,0,1,0,0,0,0,0,0,0,0,0,0,0,0,0,0,0,0,0,0,0,0,0,0,0,0,0,0,0,0,0,0,0,0,0,0,0,0
6218680,THE IRONS CLUB,2140 CENTRAL AVE,SAINT PETERSBURG,33712,3713081,Routine - Food,Inspection Completed - No Further Action,2026-07-17,5,2,1,2,4,5,0,1,0,0,0,1,0,0,1,0,0,0,0,0,0,0,1,0,0,0,0,0,1,0,0,0,0,0,0,0,0,0,0,0,0,0,0,0,0,0,0,0,0,0,0,0,0,0,0,0,0,0,0,0,0,0,0,0,0
6217436,EL GLACIAR,1228 S HIGHLAND AVE,CLEARWATER,33756,3728695,Routine - Food,Inspection Completed - No Further Action,2026-07-17,1,0,0,1,0,1,0,0,0,0,0,0,0,0,0,0,0,0,0,0,0,0,0,0,0,0,0,0,0,0,0,0,0,0,0,0,0,0,0,0,0,0,0,0,0,0,0,0,0,0,0,0,0,0,0,0,0,1,0,0,0,0,0,0,0
6212378,STONE SOUP CAFE & PUB,4122 16 ST N,ST. PETERSBURG,33703,3716122,Routine - Food,Inspection Completed - No Further Action,2026-07-17,2,0,0,2,0,2,0,0,0,0,0,0,0,0,0,0,0,0,0,0,0,0,0,0,0,0,0,0,0,0,1,0,0,0,0,0,0,0,0,0,0,0,0,0,0,0,0,0,0,0,0,0,0,0,0,0,0,1,0,0,0,0,0,0,0
6218342,LA SEGUNDA BAKERY,2424 4 STREET N,ST. PETERSBURG,33704,3743663,Routine - Food,Inspection Completed - No Further Action,2026-07-17,3,0,0,3,1,3,0,0,0,0,0,0,0,0,0,0,0,0,0,0,0,0,0,0,0,0,0,0,1,0,0,0,0,0,0,1,0,0,0,0,0,0,1,0,0,0,0,0,0,0,0,0,0,0,0,0,0,0,0,0,0,0,0,0,0
6217526,MAIN KITCHEN AND LOBBY BAR,100 CORONADO DR,CLEARWATER,33767,3705251,Routine - Food,Inspection Completed - No Further Action,2026-07-17,1,0,0,1,1,1,0,0,0,0,0,0,0,0,0,0,0,0,0,0,0,0,0,0,0,0,0,0,1,0,0,0,0,0,0,0,0,0,0,0,0,0,0,0,0,0,0,0,0,0,0,0,0,0,0,0,0,0,0,0,0,0,0,0,0
6215457,STEAK N SHAKE INC,3853 TAMPA RD,OLDSMAR,34677,3758375,Complaint Full,Inspection Completed - No Further Action,2026-07-17,4,1,0,3,1,3,0,0,0,0,0,0,0,0,0,0,0,0,0,2,0,0,0,0,0,0,0,1,1,0,0,0,0,0,0,0,0,0,0,0,0,0,0,0,0,0,0,0,0,0,0,0,0,0,0,0,0,0,0,0,0,0,0,0,0
6217319,CHIPOTLE MEXICAN GRILL #2734,3540 4 ST N,ST. PETERSBURG,33704,3735160,Routine - Food,Inspection Completed - No Further Action,2026-07-17,1,0,0,1,0,1,0,0,0,0,0,0,0,0,0,0,0,0,0,0,0,0,0,0,0,0,0,0,0,0,1,0,0,0,0,0,0,0,0,0,0,0,0,0,0,0,0,0,0,0,0,0,0,0,0,0,0,0,0,0,0,0,0,0,0
6218576,ROE'S CAFE AND CATERING,1100 94 AVE N,ST. PETERSBURG,33702,3706676,Routine - Food,Inspection Completed - No Further Action,2026-07-17,2,0,0,2,1,2,0,0,0,0,0,0,0,0,1,0,0,0,0,0,0,0,0,0,0,0,0,0,0,0,0,1,0,0,0,0,0,0,0,0,0,0,0,0,0,0,0,0,0,0,0,0,0,0,0,0,0,0,0,0,0,0,0,0,0
6213514,SUBWAY 4190,2451 MCMULLEN BOOTH RD STE 1,CLEARWATER,33759,3736209,Routine - Food,Inspection Completed - No Further Action,2026-07-17,4,0,0,4,1,4,0,0,0,0,0,0,0,0,1,0,0,0,0,1,0,0,0,0,0,0,0,0,0,1,0,0,0,0,0,0,0,0,0,0,0,0,0,0,0,0,0,0,0,0,0,0,0,0,0,0,1,0,0,0,0,0,0,0,0
6217608,GRAIN & BERRY,33840 US 19 N,PALM HARBOR,34684,3716339,Routine - Food,Inspection Completed - No Further Action,2026-07-17,11,1,3,7,7,5,0,0,1,0,0,0,0,0,0,0,0,0,0,1,3,0,0,0,0,0,0,0,3,0,0,0,0,0,0,0,0,3,0,0,0,0,0,0,0,0,0,0,0,0,0,0,0,0,0,0,0,0,0,0,0,0,0,0,0
6216319,RESIDENCE INN CLEARWATER DOWNTOWN,940 COURT ST,CLEARWATER,33756,3736170,Routine - Food,Inspection Completed - No Further Action,2026-07-17,3,0,2,1,1,3,0,0,0,0,0,0,0,0,0,0,0,1,0,0,0,0,1,0,0,0,0,1,0,0,0,0,0,0,0,0,0,0,0,0,0,0,0,0,0,0,0,0,0,0,0,0,0,0,0,0,0,0,0,0,0,0,0,0,0
6218242,THE BOXER CORONADO,207 CORONADO DR,CLEARWATER BEACH,33767,3726284,Routine - Food,Warning Issued,2026-07-17,6,0,3,3,2,5,1,0,0,1,0,0,0,0,0,0,0,0,0,0,0,0,1,0,0,0,0,0,1,1,0,0,0,0,0,0,0,0,0,0,0,0,0,0,0,0,0,0,0,0,0,0,0,0,0,0,0,0,0,2,0,0,0,0,0
6218020,DJ'S CLAM SHACK,19705 GULF BLVD  STE A,INDIAN SHORES,33785,3749170,Routine - Food,Inspection Completed - No Further Action,2026-07-17,3,0,0,3,1,3,0,0,0,0,0,0,0,0,1,0,0,0,0,0,0,0,0,0,0,0,0,1,0,0,0,0,0,0,0,0,0,0,0,0,0,0,1,0,0,0,0,0,0,0,0,0,0,0,0,0,0,0,0,0,0,0,0,0,0
6200448,SUNSET GRILLE,2996 DR MARTIN LUTHER KING JR ST N,ST. PETERSBURG,33704,3740747,Routine - Food,Inspection Completed - No Further Action,2026-07-17,7,1,0,6,3,5,0,0,0,1,0,0,1,0,0,0,0,0,0,0,0,0,0,0,0,0,0,0,1,2,0,0,0,0,0,0,0,0,0,0,0,0,2,0,0,0,0,0,0,0,0,0,0,0,0,0,0,0,0,0,0,0,0,0,0
6211472,APPLEBEE'S NEIGHBORHOOD GRILL & BAR,30180 US HWY 19 N,CLEARWATER,33761,3757808,Routine - Food,Warning Issued,2026-07-17,4,1,0,3,1,3,1,0,0,0,0,0,0,0,0,0,0,0,0,0,0,0,0,0,0,0,0,0,1,0,0,0,0,0,0,1,0,0,0,0,0,0,2,0,0,0,0,0,0,0,0,0,0,0,0,0,0,0,0,0,0,0,0,0,0
6214869,HUNGRY HOWIES PIZZA,2109 MAIN ST,DUNEDIN,34698,3740425,Routine - Food,Inspection Completed - No Further Action,2026-07-17,5,0,1,4,2,4,0,0,1,0,0,0,0,0,0,0,0,0,0,1,2,0,0,0,0,0,0,0,1,0,0,0,0,0,0,0,0,0,0,0,0,0,0,0,0,0,0,0,0,0,0,0,0,0,0,0,0,0,0,0,0,0,0,0,0
6252955,MIAMI CHUNKY CONCH,1245 18TH AVE S,ST. PETERSBURG,33705,1346989,Food-Licensing Inspection,Inspection Completed - No Further Action,2026-07-17,1,0,0,1,1,1,0,0,0,0,0,0,0,0,0,0,0,0,0,0,0,0,0,0,0,0,0,0,1,0,0,0,0,0,0,0,0,0,0,0,0,0,0,0,0,0,0,0,0,0,0,0,0,0,0,0,0,0,0,0,0,0,0,0,0
6217239,OCEAN HAI,100 CORONADO DR,CLEARWATER,33767,3717890,Routine - Food,Warning Issued,2026-07-17,10,3,6,1,10,6,1,1,3,1,0,0,1,0,2,0,0,0,0,0,0,0,0,0,0,0,0,0,0,0,0,0,0,0,0,0,0,2,0,0,0,0,0,0,0,0,0,0,0,0,0,0,0,0,0,0,0,0,0,0,0,0,0,0,0
6211681,PETE'S RESTAURANT,2140 MAIN ST,DUNEDIN,34698,3735654,Routine - Food,Inspection Completed - No Further Action,2026-07-17,11,1,3,7,6,8,0,0,0,0,0,0,0,0,1,0,0,1,1,0,3,0,0,0,0,0,0,0,2,0,0,0,0,0,0,0,0,1,0,0,0,0,1,0,0,0,1,0,0,0,0,0,0,0,0,0,0,0,0,0,0,0,0,0,0
6209672,FLAP JACKS,3101 SR 580 G,SAFETY HARBOR,34695,3730583,Routine - Food,Warning Issued,2026-07-17,10,4,2,4,8,7,1,0,1,2,0,0,0,0,0,0,0,0,2,0,1,0,0,0,0,0,0,0,1,0,0,1,0,0,0,0,0,2,0,0,0,0,0,0,0,0,0,0,0,0,0,0,0,0,0,0,0,0,0,0,0,0,0,0,0
6206786,PASADENA BAR & GRILL,796 PASADENA AVENUE S,SOUTH PASADENA,33707,3738861,Routine - Food,Inspection Completed - No Further Action,2026-07-20,4,0,1,3,0,4,0,0,0,0,0,0,0,0,0,0,0,0,0,0,1,0,0,0,0,0,0,0,0,1,0,0,0,0,0,0,0,0,0,0,0,0,1,0,0,0,0,0,0,0,0,0,0,0,0,0,0,0,0,1,0,0,0,0,0
6200009,CHURCH'S CHICKEN #399,3510 CENTRAL AVE,ST. PETERSBURG,33711,3747118,Routine - Food,Inspection Completed - No Further Action,2026-07-20,4,0,1,3,2,4,0,0,0,0,0,0,0,0,0,0,0,0,0,0,0,0,0,0,0,0,0,0,1,1,0,0,0,0,0,0,0,1,0,0,0,0,1,0,0,0,0,0,0,0,0,0,0,0,0,0,0,0,0,0,0,0,0,0,0
6218528,KEKE'S BREAKFAST CAFE,30541 US HWY 19 N,PALM HARBOR,34684,3759219,Complaint Full,Inspection Completed - No Further Action,2026-07-20,10,1,1,8,4,8,0,1,1,0,0,0,0,0,0,0,0,0,0,2,1,0,0,0,0,0,0,1,0,0,1,0,0,0,0,0,0,2,0,0,0,0,1,0,0,0,0,0,0,0,0,0,0,0,0,0,0,0,0,0,0,0,0,0,0
6218111,TEAK RESTAURANT,840 2 AVE NE FLR 4,ST. PETERSBURG,33701,3755884,Complaint Full,Warning Issued,2026-07-20,15,4,4,7,8,12,1,1,0,3,0,0,0,0,1,0,0,0,1,0,1,0,2,0,0,0,0,0,1,0,1,0,0,0,0,1,0,1,0,0,0,0,0,0,0,0,1,0,0,0,0,0,0,0,0,0,1,0,0,0,0,0,0,0,0
6205616,LEVEROCK'S SEAFOOD HOUSE,840 S PASADENA AVE,SOUTH PASADENA,33707,3728596,Routine - Food,Inspection Completed - No Further Action,2026-07-20,14,2,2,10,7,8,0,0,0,1,0,0,0,0,2,0,0,0,0,0,3,0,0,0,0,0,0,0,3,0,1,0,0,0,0,1,0,0,0,0,0,0,2,0,0,0,0,1,0,0,0,0,0,0,0,0,0,0,0,0,0,0,0,0,0
6217985,JOLLIBEE,4057 PARK BLVD,PINELLAS PARK,33781,3729769,Routine - Food,Inspection Completed - No Further Action,2026-07-20,2,0,0,2,0,2,0,0,0,0,0,0,0,0,0,0,0,0,0,0,0,0,0,0,0,0,0,1,0,0,0,0,0,0,0,0,0,0,0,0,0,0,1,0,0,0,0,0,0,0,0,0,0,0,0,0,0,0,0,0,0,0,0,0,0
6252953,WACKY CREATIONS,2619 23 AVE N,ST. PETERSBURG,33713,1346720,Food-Licensing Inspection,Inspection Completed - No Further Action,2026-07-20,0,0,0,0,0,0,0,0,0,0,0,0,0,0,0,0,0,0,0,0,0,0,0,0,0,0,0,0,0,0,0,0,0,0,0,0,0,0,0,0,0,0,0,0,0,0,0,0,0,0,0,0,0,0,0,0,0,0,0,0,0,0,0,0,0
6205661,SUNSET SUPER SUB,23688 N US HWY 19,CLEARWATER,33765,3727622,Routine - Food,Inspection Completed - No Further Action,2026-07-20,5,1,1,3,3,5,0,0,0,1,0,0,0,0,1,0,0,0,0,1,1,0,0,0,0,0,0,0,1,0,0,0,0,0,0,0,0,0,0,0,0,0,0,0,0,0,0,0,0,0,0,0,0,0,0,0,0,0,0,0,0,0,0,0,0
6217334,IHOP #36-227,4671 PARK BLVD,PINELLAS PARK,33781,3715537,Routine - Food,Inspection Completed - No Further Action,2026-07-20,8,2,2,4,4,7,0,0,0,1,0,0,0,0,1,0,0,0,0,0,2,0,0,0,0,0,0,0,1,0,0,0,0,0,0,1,0,0,0,0,0,1,1,0,0,0,0,0,0,0,0,0,0,0,0,0,0,0,0,0,0,0,0,0,0
6217549,DOMINO'S PIZZA  5021,23698 US HWY 19 N,CLEARWATER,33765,3712021,Routine - Food,Inspection Completed - No Further Action,2026-07-20,5,2,0,3,3,5,0,1,0,1,0,0,0,0,0,0,1,0,1,0,0,0,0,0,0,0,0,0,0,0,0,0,0,0,0,0,0,0,1,0,0,0,0,0,0,0,0,0,0,0,0,0,0,0,0,0,0,0,0,0,0,0,0,0,0
6217238,PREP KITCHEN,100 CORONADO DR,CLEARWATER,33767,3750327,Routine - Food,Inspection Completed - No Further Action,2026-07-20,0,0,0,0,0,0,0,0,0,0,0,0,0,0,0,0,0,0,0,0,0,0,0,0,0,0,0,0,0,0,0,0,0,0,0,0,0,0,0,0,0,0,0,0,0,0,0,0,0,0,0,0,0,0,0,0,0,0,0,0,0,0,0,0,0
6218513,HURRICANE EDDIE’S IRB,1407 GULF BLVD,INDIAN ROCKS BEACH,33785,3718183,Routine - Food,Inspection Completed - No Further Action,2026-07-20,4,2,2,0,3,4,0,0,0,1,0,0,0,0,1,0,0,0,0,0,0,0,1,0,0,0,0,0,1,0,0,0,0,0,0,0,0,0,0,0,0,0,0,0,0,0,0,0,0,0,0,0,0,0,0,0,0,0,0,0,0,0,0,0,0
6215932,CHIPOTLE MEXICAN GRILL #713,3700 PARK BLVD,PINELLAS PARK,33781,3758344,Complaint Full,Inspection Completed - No Further Action,2026-07-20,2,1,0,1,1,2,0,0,0,1,0,0,0,0,0,0,0,0,0,0,0,0,0,0,0,0,0,0,0,1,0,0,0,0,0,0,0,0,0,0,0,0,0,0,0,0,0,0,0,0,0,0,0,0,0,0,0,0,0,0,0,0,0,0,0
6210279,TACO BELL #029579,3600 4 ST N,ST. PETERSBURG,33704,3710436,Routine - Food,Inspection Completed - No Further Action,2026-07-20,1,0,0,1,0,1,0,0,0,0,0,0,0,0,0,0,0,0,0,0,0,0,0,0,0,0,0,0,0,0,1,0,0,0,0,0,0,0,0,0,0,0,0,0,0,0,0,0,0,0,0,0,0,0,0,0,0,0,0,0,0,0,0,0,0
6211373,CASTILLO'S RESTAURANT,1724 N FORT HARRISON AVE,CLEARWATER,33755,3722683,Routine - Food,Inspection Completed - No Further Action,2026-07-20,2,0,1,1,0,2,0,0,0,0,0,0,0,0,0,0,0,0,0,0,0,0,0,0,0,0,0,0,0,1,0,0,0,0,0,0,0,0,0,0,0,0,0,0,0,0,0,0,0,0,0,0,0,0,0,0,0,0,0,1,0,0,0,0,0
6215974,BUFFALO WILD WINGS GRILL & BAR,4058 TAMPA RD STE 2,OLDSMAR,34677,3749334,Routine - Food,Inspection Completed - No Further Action,2026-07-20,1,0,1,0,1,1,0,0,0,0,0,0,0,0,0,0,0,0,0,0,0,0,0,0,0,0,0,0,0,0,0,0,0,0,0,0,0,1,0,0,0,0,0,0,0,0,0,0,0,0,0,0,0,0,0,0,0,0,0,0,0,0,0,0,0
6215983,ROSATIS PIZZA,3730 TAMPA RD STE 6,OLDSMAR,34677,3711835,Routine - Food,Inspection Completed - No Further Action,2026-07-20,3,0,0,3,0,3,0,0,0,0,0,0,0,0,0,0,0,0,0,1,1,0,0,0,0,0,0,0,0,1,0,0,0,0,0,0,0,0,0,0,0,0,0,0,0,0,0,0,0,0,0,0,0,0,0,0,0,0,0,0,0,0,0,0,0
6209768,GYRO KING SUB'S AND SALADS,2671 ALT 19,PALM HARBOR,34683,3708248,Routine - Food,Warning Issued,2026-07-20,12,0,3,9,2,8,1,0,1,0,0,0,0,0,0,0,0,0,0,1,4,0,1,0,0,0,0,0,1,0,0,0,0,0,0,0,0,0,0,0,0,0,2,0,1,0,0,0,0,0,0,0,0,0,0,0,0,0,0,1,0,0,0,0,0
6215717,MANNA KOREAN JAPANESE RESTAURANT,3970 TAMPA RD UNIT Q,OLDSMAR,34677,3746134,Routine - Food,Inspection Completed - No Further Action,2026-07-20,4,2,0,2,2,4,0,0,1,0,0,0,0,0,0,0,0,0,0,0,1,0,0,0,0,0,0,0,0,0,0,0,0,0,0,0,0,0,0,0,0,0,0,0,0,0,1,1,0,0,0,0,0,0,0,0,0,0,0,0,0,0,0,0,0
6218923,APPLEBEE'S NEIGHBORHOOD GRILL & BAR,2050 E HIGHWAY 50,CLERMONT,34711,3755942,Food-Licensing Inspection,Inspection Completed - No Further Action,2026-07-20,9,0,2,7,2,6,0,0,0,0,0,0,0,0,1,0,0,0,0,0,0,0,2,0,0,0,0,0,1,1,0,0,0,0,0,2,0,0,0,0,0,0,2,0,0,0,0,0,0,0,0,0,0,0,0,0,0,0,0,0,0,0,0,0,0
6211751,TACO BELL #029566,2028 66TH STREET,SAINT PETERSBURG,33710,3758350,Complaint Full,Inspection Completed - No Further Action,2026-07-20,2,0,1,1,1,2,0,0,0,0,0,0,0,0,0,0,0,0,0,0,1,0,0,0,0,0,0,0,1,0,0,0,0,0,0,0,0,0,0,0,0,0,0,0,0,0,0,0,0,0,0,0,0,0,0,0,0,0,0,0,0,0,0,0,0
6218708,DUNKIN 359045,2641 US ALTERNATE 19,PALM HARBOR,34683,3726139,Routine - Food,Inspection Completed - No Further Action,2026-07-20,5,1,1,3,3,5,0,0,1,0,0,0,0,0,0,0,0,0,1,1,1,0,0,0,0,0,0,0,1,0,0,0,0,0,0,0,0,0,0,0,0,0,0,0,0,0,0,0,0,0,0,0,0,0,0,0,0,0,0,0,0,0,0,0,0
6218694,PERRY'S PORCH,335 2 AVE NE,ST PETERSBURG,33701,3755805,Complaint Full,Administrative complaint recommended,2026-07-20,24,8,2,14,13,14,1,2,0,2,0,0,0,0,1,0,3,0,3,0,2,0,0,0,0,0,0,3,3,1,1,0,0,0,0,0,0,1,0,0,0,1,0,0,0,0,1,0,0,0,0,1,0,0,0,0,0,0,0,0,0,0,0,0,0
6208718,WENDY'S #969,34092 N US 19,PALM HARBOR,34684,3723194,Routine - Food,Inspection Completed - No Further Action,2026-07-20,6,0,1,5,0,4,0,0,0,0,0,0,0,0,0,0,0,0,0,2,2,0,1,0,0,0,0,0,0,0,1,0,0,0,0,0,0,0,0,0,0,0,0,0,0,0,0,0,0,0,0,0,0,0,0,0,0,0,0,0,0,0,0,0,0
6217596,RIZZOLIS,2340 STATE ROAD 580 STE H,CLEARWATER,33763,3752163,Routine - Food,Inspection Completed - No Further Action,2026-07-20,3,0,0,3,0,3,0,0,0,0,0,0,0,0,0,0,0,0,0,1,1,0,0,0,0,0,0,0,0,1,0,0,0,0,0,0,0,0,0,0,0,0,0,0,0,0,0,0,0,0,0,0,0,0,0,0,0,0,0,0,0,0,0,0,0
6216112,COMFORT SUITES CLEARWATER,1941 EDGEWATER DR,CLEARWATER,33755,3748039,Routine - Food,Warning Issued,2026-07-20,3,1,2,0,1,3,1,0,0,0,0,0,0,0,0,0,0,0,0,0,0,0,1,0,0,0,0,0,1,0,0,0,0,0,0,0,0,0,0,0,0,0,0,0,0,0,0,0,0,0,0,0,0,0,0,0,0,0,0,1,0,0,0,0,0
6218424,GRAIN AND BERRY CAFE,2164 GULF TO BAY BLVD,CLEARWATER,33765,3739023,Routine - Food,Inspection Completed - No Further Action,2026-07-20,9,2,2,5,5,9,0,0,0,1,0,1,0,0,0,0,0,0,0,1,0,0,0,0,0,0,0,0,1,0,1,1,0,0,0,0,0,1,0,0,0,0,0,0,0,0,1,1,0,0,0,0,0,0,0,0,0,0,0,0,0,0,0,0,0
6217860,KAIA BOWLS CLEARWATER BEACH N,483 MANDALAY UNIT 107,CLEARWATER BEACH,33767,3759223,Complaint Full,Inspection Completed - No Further Action,2026-07-21,2,0,0,2,0,2,0,0,0,0,0,0,0,0,0,0,1,0,0,1,0,0,0,0,0,0,0,0,0,0,0,0,0,0,0,0,0,0,0,0,0,0,0,0,0,0,0,0,0,0,0,0,0,0,0,0,0,0,0,0,0,0,0,0,0
6217633,THE FROG POND,890 3  AVE S,SAINT PETERSBURG,33701,3711676,Routine - Food,Warning Issued,2026-07-21,23,6,6,11,14,15,1,0,1,4,0,0,0,0,2,0,0,0,1,1,1,0,1,0,0,0,0,0,3,0,1,1,0,0,0,0,0,1,0,0,0,0,1,0,0,0,1,2,0,0,0,0,0,0,0,0,0,0,0,2,0,0,0,0,0
6217948,GREAT WALL,1024 62ND AVE N,ST. PETERSBURG,33702,3735994,Routine - Food,Inspection Completed - No Further Action,2026-07-21,10,2,3,5,9,6,0,0,2,0,0,0,0,0,4,0,1,0,1,0,0,0,0,0,0,0,0,0,1,0,0,0,0,0,0,0,0,1,0,0,0,0,0,0,0,0,0,0,0,0,0,0,0,0,0,0,0,0,0,0,0,0,0,0,0
6217963,VICTORY TAVERN ,36221  E LAKE RD S,PALM HARBOR,34685,3713211,Routine - Food,Inspection Completed - No Further Action,2026-07-21,4,1,0,3,2,4,0,0,1,0,0,0,0,0,0,0,1,0,0,0,0,0,0,0,0,0,0,0,1,0,0,0,0,0,0,0,0,0,0,0,0,0,0,0,0,0,1,0,0,0,0,0,0,0,0,0,0,0,0,0,0,0,0,0,0
6217990,THE NORTH END TAPHOUSE,2908 1/2 BEACH BLVD S,GULFPORT,33707,3756104,Complaint Full,Inspection Completed - No Further Action,2026-07-21,5,0,0,5,1,4,0,0,0,0,0,0,0,0,0,0,0,0,0,0,1,0,0,0,0,0,0,0,1,2,0,0,0,0,0,1,0,0,0,0,0,0,0,0,0,0,0,0,0,0,0,0,0,0,0,0,0,0,0,0,0,0,0,0,0
6217389,SALT CRACKER FISH CAMP,25 CAUSEWAY BLVD #105,CLEARWATER,33767,3741561,Routine - Food,Inspection Completed - No Further Action,2026-07-21,3,1,1,1,2,3,0,0,0,0,0,0,0,0,1,0,1,0,0,0,0,0,0,0,0,0,0,0,0,0,0,0,0,0,0,0,0,0,0,0,0,0,0,0,0,0,0,1,0,0,0,0,0,0,0,0,0,0,0,0,0,0,0,0,0
6217443,JERSEY MIKES SUBS 13131,1785 MAIN ST STE 102,DUNEDIN,34698,3703648,Routine - Food,Warning Issued,2026-07-21,11,0,3,8,4,7,1,0,0,0,0,0,0,0,0,0,0,0,0,1,3,0,0,0,0,0,0,0,2,0,0,0,0,0,0,0,0,2,0,0,0,0,1,0,0,0,1,0,0,0,0,0,0,0,0,0,0,0,0,1,0,0,0,0,0
6200160,CLARION INN & SUITES,20967 US HWY 19 N,CLEARWATER,33765,1117149,Routine - Food,Inspection Completed - No Further Action,2026-07-21,0,0,0,0,0,0,0,0,0,0,0,0,0,0,0,0,0,0,0,0,0,0,0,0,0,0,0,0,0,0,0,0,0,0,0,0,0,0,0,0,0,0,0,0,0,0,0,0,0,0,0,0,0,0,0,0,0,0,0,0,0,0,0,0,0
6213874,BAYSIDE BAR & GRILL,20967 US 19 N,CLEARWATER,33765,3709236,Routine - Food,Inspection Completed - No Further Action,2026-07-21,3,0,0,3,1,3,0,0,0,0,0,0,0,0,1,0,0,0,0,0,0,0,0,0,0,0,0,0,0,0,0,0,0,0,0,0,0,0,0,0,0,0,1,0,0,0,0,0,0,0,0,0,0,0,0,0,0,1,0,0,0,0,0,0,0
6215392,HONG KONG,2525 PASADENA  AVE S STE K,SOUTH PASADENA,33707,3739861,Routine - Food,Administrative complaint recommended,2026-07-21,19,5,3,11,10,10,1,0,0,1,0,1,0,0,4,0,0,0,3,0,2,0,0,0,0,0,0,0,1,2,0,0,0,0,0,0,0,0,0,0,0,0,3,0,0,0,0,0,0,0,0,0,0,0,0,0,1,0,0,1,0,0,0,0,0
6214968,EINSTEIN BROS BAGELS 3662,2519 N MCMULLEN BOOTH RD,CLEARWATER,33761,3729446,Routine - Food,Inspection Completed - No Further Action,2026-07-21,6,2,1,3,3,6,0,0,0,0,0,0,0,0,0,0,0,0,1,1,1,0,0,0,0,0,0,0,1,0,1,0,0,0,0,0,0,0,0,0,0,0,0,0,0,0,0,1,0,0,0,0,0,0,0,0,0,0,0,0,0,0,0,0,0
6218469,ROSATI'S PIZZA,10443 ULMERTON RD UNIT 7,LARGO,33771,3759566,Complaint Full,Warning Issued,2026-07-21,11,1,5,5,5,9,1,0,0,0,0,0,0,0,0,1,0,0,1,1,1,0,0,0,0,0,0,0,1,0,0,0,0,0,0,0,0,2,0,0,0,0,0,0,0,0,0,0,0,0,0,0,0,0,0,0,1,1,0,2,0,0,0,0,0
6218557,BUFFALO WILD WINGS GO,1785 MAIN ST STE 101,DUNEDIN,34698,3752792,Routine - Food,Inspection Completed - No Further Action,2026-07-21,3,1,1,1,2,3,0,0,0,0,0,0,0,0,0,0,0,0,1,0,1,0,0,0,0,0,0,0,1,0,0,0,0,0,0,0,0,0,0,0,0,0,0,0,0,0,0,0,0,0,0,0,0,0,0,0,0,0,0,0,0,0,0,0,0
6213941,PAPA JOHN'S PIZZA,411 S MISSOURI AVE,CLEARWATER,33756,3754144,Routine - Food,Inspection Completed - No Further Action,2026-07-21,4,0,1,3,2,4,0,0,0,0,0,0,0,0,0,0,0,0,1,0,0,0,0,0,0,0,0,1,0,0,0,0,0,0,0,0,0,0,0,1,0,0,0,0,0,0,0,1,0,0,0,0,0,0,0,0,0,0,0,0,0,0,0,0,0
6212801,SPRING GARDEN FAMILY RESTAURANT,1018 62 AVE N,ST. PETERSBURG,33702,3715411,Routine - Food,Warning Issued,2026-07-21,9,2,0,7,5,7,1,0,0,2,0,1,0,0,0,0,0,0,1,0,2,0,0,0,0,0,0,1,1,1,0,0,0,0,0,0,0,0,0,0,0,0,0,0,0,0,0,0,0,0,0,0,0,0,0,0,0,0,0,0,0,0,0,0,0
6208160,JAKES COASTAL CANTINA,500 1 STREET,INDIAN ROCKS BEACH,33785,3749231,Routine - Food,Warning Issued,2026-07-21,7,3,2,2,5,6,1,1,1,1,0,0,0,0,0,0,0,0,0,0,2,0,0,0,0,0,0,0,1,0,0,0,0,0,0,0,0,1,0,0,0,0,0,0,0,0,0,0,0,0,0,0,0,0,0,0,0,0,0,0,0,0,0,0,0
6216500,TROPICAL SMOOTHIE CAFE,1001 WEST BAY DR STE #102,LARGO,33770,3702015,Routine - Food,Inspection Completed - No Further Action,2026-07-21,3,0,0,3,2,3,0,0,0,0,0,0,0,0,1,0,0,0,1,0,0,0,0,0,0,0,0,0,0,0,0,0,0,0,0,0,0,0,0,0,0,0,0,0,0,0,1,0,0,0,0,0,0,0,0,0,0,0,0,0,0,0,0,0,0
6211773,BRAVO NY PIZZERIA,764 EAST LAKE RD,PALM HARBOR,34685,3738930,Routine - Food,Inspection Completed - No Further Action,2026-07-21,5,2,1,2,5,4,0,0,1,1,0,0,0,0,2,0,0,0,0,0,0,0,0,0,0,0,0,0,0,0,0,0,0,0,0,0,0,1,0,0,0,0,0,0,0,0,0,0,0,0,0,0,0,0,0,0,0,0,0,0,0,0,0,0,0
6216682,MENCHIES FROZEN YOGURT,794 E LAKE RD,PALM HARBOR,34685,3732995,Routine - Food,Inspection Completed - No Further Action,2026-07-21,2,0,1,1,1,2,0,0,0,0,0,0,0,0,0,0,0,0,0,0,0,0,0,0,0,0,0,1,1,0,0,0,0,0,0,0,0,0,0,0,0,0,0,0,0,0,0,0,0,0,0,0,0,0,0,0,0,0,0,0,0,0,0,0,0
6206856,ISLAND TIMEZ CARIBBEAN RESTAURANT & LOUNGE INC,9291 DR MARTIN LUTHER KING JR ST N,ST. PETERSBURG,33702,3707140,Routine - Food,Inspection Completed - No Further Action,2026-07-21,3,1,1,1,3,3,0,0,0,0,0,0,0,0,1,0,0,0,1,0,0,0,0,0,0,0,0,0,0,0,0,0,0,0,0,0,0,1,0,0,0,0,0,0,0,0,0,0,0,0,0,0,0,0,0,0,0,0,0,0,0,0,0,0,0
6214325,WENDY'S PROPERTIES LLC,1802 MAIN ST,DUNEDIN,34698,3736237,Routine - Food,Warning Issued,2026-07-21,10,1,0,9,3,8,1,0,0,0,0,0,0,0,0,0,0,0,1,1,2,0,1,0,0,0,0,0,1,0,1,0,0,0,0,0,0,0,0,0,0,1,2,0,0,0,0,0,0,0,0,0,0,0,0,0,0,0,0,0,0,0,0,0,0
6212887,JACKS LONDON GRILL,1050 62 AVE N,ST. PETERSBURG,33702,3702428,Routine - Food,Warning Issued,2026-07-21,1,1,0,0,1,1,1,0,0,0,0,0,0,0,0,0,0,0,0,0,0,0,0,0,0,0,0,0,1,0,0,0,0,0,0,0,0,0,0,0,0,0,0,0,0,0,0,0,0,0,0,0,0,0,0,0,0,0,0,0,0,0,0,0,0
6213359,TACO BELL #029567,1800 MAIN STREET,DUNEDIN,34698,3721757,Routine - Food,Warning Issued,2026-07-21,11,1,1,9,3,8,1,0,0,0,0,0,0,0,0,0,0,0,0,1,3,0,0,0,0,0,0,0,2,1,1,0,0,0,0,0,0,0,1,0,0,1,0,0,1,0,0,0,0,0,0,0,0,0,0,0,0,0,0,0,0,0,0,0,0
6218080,BOTTLES PUB,5619 PARK BLVD,PINELLAS PARK,33781,3742733,Routine - Food,Inspection Completed - No Further Action,2026-07-21,0,0,0,0,0,0,0,0,0,0,0,0,0,0,0,0,0,0,0,0,0,0,0,0,0,0,0,0,0,0,0,0,0,0,0,0,0,0,0,0,0,0,0,0,0,0,0,0,0,0,0,0,0,0,0,0,0,0,0,0,0,0,0,0,0
6216903,PDQ,4526 4 ST N,SAINT PETERSBURG,33703,3709268,Routine - Food,Inspection Completed - No Further Action,2026-07-21,8,0,1,7,4,6,0,0,0,0,0,0,0,0,2,0,0,0,0,0,0,0,0,0,0,0,0,1,1,0,0,0,0,0,0,0,0,1,0,2,0,0,1,0,0,0,0,0,0,0,0,0,0,0,0,0,0,0,0,0,0,0,0,0,0
6216936,DALYS FLAME BROILED BURGERS,10754 70  AVE,SEMINOLE,33772,3753725,Routine - Food,Inspection Completed - No Further Action,2026-07-21,9,2,2,5,2,9,0,0,0,0,0,0,0,0,1,0,1,0,0,0,1,0,1,0,0,0,0,0,1,1,0,0,0,0,0,0,0,0,0,1,0,0,1,0,0,0,0,0,0,0,0,0,0,0,0,0,1,0,0,0,0,0,0,0,0
6216942,HOT SPOT DINER,4045 N TYRONE BLVD #204,ST. PETERSBURG,33709,3754108,Routine - Food,Warning Issued,2026-07-21,30,8,8,14,17,18,1,1,0,3,0,0,0,0,1,1,1,1,1,0,2,0,3,0,0,0,0,1,3,2,1,0,0,0,0,0,0,5,0,0,0,1,0,0,0,0,1,0,0,0,0,0,0,0,0,0,1,0,0,1,0,0,0,0,0
6207420,DENNY'S,4999 34 ST N,ST. PETERSBURG,33714,3704421,Routine - Food,Emergency order recommended,2026-07-21,20,4,3,13,9,13,1,1,0,0,0,0,0,0,0,0,0,0,1,0,1,0,2,0,0,0,0,0,1,2,0,0,0,1,0,1,0,1,0,0,0,4,3,0,0,0,0,0,0,0,0,0,0,0,0,0,0,1,0,1,0,0,0,0,0
6211259,THE SALTY CRAB BAR & GRILL NORTH BEACH,462 MANDALAY AVE,CLEARWATER BEACH,33767,3736334,Routine - Food,Inspection Completed - No Further Action,2026-07-21,1,0,1,0,1,1,0,0,0,0,0,0,0,0,0,0,0,0,0,0,0,0,0,0,0,0,0,0,0,0,0,0,0,0,0,0,0,0,0,0,0,0,0,0,0,0,0,1,0,0,0,0,0,0,0,0,0,0,0,0,0,0,0,0,0
6218661,THE GREEKS OF TARPON SPRINGS,128 N PINELLAS AVE STE B,TARPON SPRINGS,34689,3755951,Complaint Full,Warning Issued,2026-07-22,8,2,1,5,4,8,1,1,0,1,0,1,0,0,0,0,0,0,0,0,1,0,0,0,0,0,0,0,0,0,1,0,0,0,0,0,0,1,1,0,0,0,0,0,0,0,0,0,0,0,0,0,0,0,0,0,0,0,0,0,0,1,0,0,0
6213686,DOE DOES DINER,9395 BAY PINES BLVD,ST. PETERSBURG,33708,3702451,Routine - Food,Inspection Completed - No Further Action,2026-07-22,4,2,0,2,3,3,0,0,0,2,0,0,0,0,1,0,0,0,0,0,1,0,0,0,0,0,0,0,0,0,0,0,0,0,0,0,0,0,0,0,0,0,0,0,0,0,0,0,0,0,0,0,0,0,0,0,0,0,0,0,0,0,0,0,0
6213946,WENDY'S PROPERTIES LLC,23072 US 19 N,CLEARWATER,33765,3729834,Routine - Food,Inspection Completed - No Further Action,2026-07-22,4,0,0,4,2,4,0,0,0,0,0,1,0,0,0,0,0,0,0,1,0,0,0,0,0,0,0,0,1,1,0,0,0,0,0,0,0,0,0,0,0,0,0,0,0,0,0,0,0,0,0,0,0,0,0,0,0,0,0,0,0,0,0,0,0
6218822,SALAD'S GALORE,990 BROADWAY UNIT 112,DUNEDIN,34698,3746012,Routine - Food,Warning Issued,2026-07-22,2,0,1,1,0,2,1,0,0,0,0,0,0,0,0,0,0,0,0,0,1,0,0,0,0,0,0,0,0,0,0,0,0,0,0,0,0,0,0,0,0,0,0,0,0,0,0,0,0,0,0,0,0,0,0,0,0,0,0,1,0,0,0,0,0
6218823,GALVINS GOODIES,990 BROADWAY UNIT 110,DUNEDIN,34698,3746240,Routine - Food,Warning Issued,2026-07-22,2,0,1,1,0,2,1,0,0,0,0,0,0,0,0,0,0,0,0,0,1,0,0,0,0,0,0,0,0,0,0,0,0,0,0,0,0,0,0,0,0,0,0,0,0,0,0,0,0,0,0,0,0,0,0,0,0,0,0,1,0,0,0,0,0
6218929,CHIPOTLE MEXICAN GRILL,3335 ULMERTON RD,CLEARWATER,33762,3656347,Food-Licensing Inspection,Inspection Completed - No Further Action,2026-07-22,0,0,0,0,0,0,0,0,0,0,0,0,0,0,0,0,0,0,0,0,0,0,0,0,0,0,0,0,0,0,0,0,0,0,0,0,0,0,0,0,0,0,0,0,0,0,0,0,0,0,0,0,0,0,0,0,0,0,0,0,0,0,0,0,0
6208385,SEMINOLE SUBS EXPRESS,4131 PARK ST N,ST. PETERSBURG,33709,3712560,Routine - Food,Inspection Completed - No Further Action,2026-07-22,6,0,3,3,3,5,0,0,0,0,0,0,0,0,0,0,0,0,0,0,1,0,0,0,0,0,0,0,1,0,1,0,0,0,0,0,0,2,0,1,0,0,0,0,0,0,0,0,0,0,0,0,0,0,0,0,0,0,0,0,0,0,0,0,0
6200851,TEN PIN LANE REST & LOUNGE,1453 PASADENA AVE,S PASADENA,33707-3715,3714048,Routine - Food,Inspection Completed - No Further Action,2026-07-22,4,1,2,1,2,4,0,0,1,0,0,0,0,0,1,0,0,0,0,0,0,0,0,0,0,0,0,0,0,0,0,0,0,0,0,1,0,0,0,0,0,0,0,0,0,0,0,0,0,0,0,0,0,0,0,0,0,0,0,1,0,0,0,0,0
6200494,HIGHLAND HOUSE,1050 PALM BLVD,DUNEDIN,34698,3745323,Routine - Food,Inspection Completed - No Further Action,2026-07-22,11,1,2,8,4,7,0,0,0,0,0,0,0,0,0,0,1,0,1,2,3,0,0,0,0,0,0,0,1,1,0,0,0,0,0,0,0,2,0,0,0,0,0,0,0,0,0,0,0,0,0,0,0,0,0,0,0,0,0,0,0,0,0,0,0
6200376,KFC (569059),956 PATRICIA AVE,DUNEDIN,34698,3730715,Routine - Food,Inspection Completed - No Further Action,2026-07-22,11,1,1,9,3,5,0,0,0,0,0,0,0,0,0,0,0,0,1,1,3,0,0,0,0,0,0,0,2,0,0,0,0,0,0,0,0,0,0,0,0,0,4,0,0,0,0,0,0,0,0,0,0,0,0,0,0,0,0,0,0,0,0,0,0
6200142,KFC,1960 GULF TO BAY BLVD,CLEARWATER,33765,3728119,Routine - Food,Inspection Completed - No Further Action,2026-07-22,2,0,0,2,0,2,0,0,0,0,0,0,0,0,0,0,0,0,0,0,0,0,0,0,0,0,0,0,0,1,0,0,0,0,0,0,0,0,0,0,0,0,1,0,0,0,0,0,0,0,0,0,0,0,0,0,0,0,0,0,0,0,0,0,0
6210457,GLORY DAYS GRILL,4088 PARK ST NORTH,ST. PETERSBURG,33709,3710110,Routine - Food,Inspection Completed - No Further Action,2026-07-22,8,1,2,5,4,6,0,1,0,0,0,0,0,0,0,0,0,0,0,0,2,0,0,0,0,0,0,0,2,0,1,0,0,1,0,1,0,0,0,0,0,0,0,0,0,0,0,0,0,0,0,0,0,0,0,0,0,0,0,0,0,0,0,0,0
6218884,BEVERLY'S ICE CREAM,311 GULF BLVD STE 4,INDIAN ROCKS BEACH,33785,3739571,Routine - Food,Inspection Completed - No Further Action,2026-07-22,1,0,0,1,0,1,0,0,0,0,0,0,0,0,0,0,0,0,0,0,0,0,0,0,0,0,0,1,0,0,0,0,0,0,0,0,0,0,0,0,0,0,0,0,0,0,0,0,0,0,0,0,0,0,0,0,0,0,0,0,0,0,0,0,0
6217745,GRAND HACIENDA,399  11TH AVE. NORTH,ST PETERSBURG,33701,3718185,Routine - Food,Inspection Completed - No Further Action,2026-07-22,12,0,2,10,6,9,0,0,0,0,0,0,0,0,1,0,2,0,1,0,1,0,0,0,0,0,0,1,2,0,1,0,0,0,0,0,0,2,0,0,0,0,0,0,0,0,0,0,1,0,0,0,0,0,0,0,0,0,0,0,0,0,0,0,0
6217397,BANQUET KITCHEN @ OPAL SANDS RESORT,430 SOUTH GULFVIEW BLVD,CLEARWATER,33767,3759612,Complaint Full,Inspection Completed - No Further Action,2026-07-22,3,0,1,2,2,3,0,0,1,0,0,0,0,0,1,0,0,0,0,0,0,0,0,0,0,0,0,0,0,0,1,0,0,0,0,0,0,0,0,0,0,0,0,0,0,0,0,0,0,0,0,0,0,0,0,0,0,0,0,0,0,0,0,0,0
6217099,NOBLE CRUST,8300 4 ST N,ST. PETERSBURG,33702,3711665,Routine - Food,Inspection Completed - No Further Action,2026-07-22,13,1,4,8,6,10,0,0,0,0,0,0,0,0,0,0,1,0,2,0,1,0,1,0,0,0,0,1,1,0,1,0,0,0,0,0,0,3,0,0,0,0,1,0,0,0,1,0,0,0,0,0,0,0,0,0,0,0,0,0,0,0,0,0,0
6218163,FUNKY FLAMINGO,1418 58TH STREET SOUTH,GULFPORT,33707,3730204,Routine - Food,Inspection Completed - No Further Action,2026-07-22,0,0,0,0,0,0,0,0,0,0,0,0,0,0,0,0,0,0,0,0,0,0,0,0,0,0,0,0,0,0,0,0,0,0,0,0,0,0,0,0,0,0,0,0,0,0,0,0,0,0,0,0,0,0,0,0,0,0,0,0,0,0,0,0,0
6216762,HUARACHE AZTECA 3,22097 US 19 N,CLEARWATER,33765,3736168,Routine - Food,Inspection Completed - No Further Action,2026-07-22,6,4,0,2,5,6,0,1,0,0,0,0,1,0,1,0,1,0,1,0,0,0,0,0,0,0,0,0,1,0,0,0,0,0,0,0,0,0,0,0,0,0,0,0,0,0,0,0,0,0,0,0,0,0,0,0,0,0,0,0,0,0,0,0,0
6217190,RED MESA MERCADO,1100 1 AVE N,ST. PETERSBURG,33705,3711347,Routine - Food,Inspection Completed - No Further Action,2026-07-22,4,1,0,3,2,4,0,1,0,0,0,0,0,0,0,0,0,0,0,0,0,0,1,0,0,0,0,1,1,0,0,0,0,0,0,0,0,0,0,0,0,0,0,0,0,0,0,0,0,0,0,0,0,0,0,0,0,0,0,0,0,0,0,0,0
6218359,GREEN PAGODA,7900 4 ST N,ST. PETERSBURG,33702,3724379,Routine - Food,Warning Issued,2026-07-22,8,3,0,5,6,6,1,0,0,2,0,0,0,0,2,0,0,0,0,0,0,0,0,0,0,0,0,0,1,0,0,0,0,0,1,1,0,0,0,0,0,0,1,0,0,0,0,0,0,0,0,0,0,0,0,0,0,0,0,0,0,0,0,0,0
6217425,SALTY'S ISLAND BAR AND GRILLE,437 S GULFVIEW BLVD,CLEARWATER,33767,3759614,Complaint Full,Inspection Completed - No Further Action,2026-07-22,2,1,1,0,2,2,0,0,0,1,0,0,0,0,0,0,0,0,0,0,0,0,0,0,0,0,0,0,0,0,0,0,0,0,0,0,0,1,0,0,0,0,0,0,0,0,0,0,0,0,0,0,0,0,0,0,0,0,0,0,0,0,0,0,0
6216241,CHINA TASTE FL INC,876 E TARPON AVE,TARPON SPRINGS,34689,3726013,Routine - Food,Inspection Completed - No Further Action,2026-07-22,13,5,1,7,8,10,0,1,0,1,0,0,0,0,4,0,0,0,1,1,1,0,0,0,0,0,0,0,1,1,0,1,0,0,0,0,0,0,0,0,0,0,0,0,0,0,0,0,0,0,0,0,0,0,0,0,0,0,0,1,0,0,0,0,0
6214373,MAIR WEST INDIAN REST,2230 DR MLK JR ST S,ST PETERSBURG,33705,3758349,Complaint Full,Inspection Completed - No Further Action,2026-07-22,5,1,1,3,4,5,0,0,0,1,0,0,1,0,1,0,0,1,0,0,0,0,0,0,0,0,0,0,0,0,0,0,0,0,0,0,0,0,0,0,0,0,0,0,0,0,0,0,0,0,0,0,0,0,0,0,0,1,0,0,0,0,0,0,0
6217051,TWISTEE TREAT USA LLC,905 E TARPON AVE,TARPON SPRINGS,34689,3710440,Routine - Food,Warning Issued,2026-07-22,4,2,1,1,2,4,1,1,0,1,0,0,0,0,0,0,0,0,0,0,0,0,0,0,0,0,0,0,0,0,0,0,0,0,0,0,0,0,0,0,0,0,1,0,0,0,0,0,0,0,0,0,0,0,0,0,0,0,0,1,0,0,0,0,0
6215054,THE BAIT HOUSE TACKLE AND TAVERN,45 CAUSEWAY BLVD,CLEARWATER,33767,3742769,Routine - Food,Inspection Completed - No Further Action,2026-07-22,3,1,0,2,2,3,0,0,0,0,0,0,0,0,0,0,0,0,0,0,1,0,0,0,0,0,0,0,0,0,0,0,0,0,0,0,0,1,0,0,0,0,0,0,0,0,0,1,0,0,0,0,0,0,0,0,0,0,0,0,0,0,0,0,0
6214337,ABUHAN RESTAURANT,1258 S HIGHLAND AVE,CLEARWATER,33756,3731700,Routine - Food,Inspection Completed - No Further Action,2026-07-22,1,0,0,1,0,1,0,0,0,0,0,0,0,0,0,0,0,0,0,0,0,0,0,0,0,0,0,0,0,1,0,0,0,0,0,0,0,0,0,0,0,0,0,0,0,0,0,0,0,0,0,0,0,0,0,0,0,0,0,0,0,0,0,0,0
6217327,SEA GUINI,430 S GULFVIEW BLVD,CLEARWATER,33767,3759613,Complaint Full,Inspection Completed - No Further Action,2026-07-22,9,3,3,3,6,6,0,3,0,2,0,0,0,0,0,0,0,0,0,0,1,0,1,0,0,0,0,0,1,0,1,0,0,0,0,0,0,0,0,0,0,0,0,0,0,0,0,0,0,0,0,0,0,0,0,0,0,0,0,0,0,0,0,0,0
6217747,EINSTEIN BROS BAGELS #1385,2849 GULF TO BAY BLVD,CLEARWATER,33759,3748742,Routine - Food,Inspection Completed - No Further Action,2026-07-23,7,1,1,5,3,5,0,1,0,0,0,0,0,0,0,0,0,0,0,1,2,0,0,0,0,0,0,0,2,0,0,0,0,0,0,0,0,0,0,1,0,0,0,0,0,0,0,0,0,0,0,0,0,0,0,0,0,0,0,0,0,0,0,0,0
6218562,CHIPOTLE MEXICAN GRILL,980 MISSOURI AVE N,LARGO,33770,3712800,Routine - Food,Inspection Completed - No Further Action,2026-07-23,1,0,0,1,0,1,0,0,0,0,0,0,0,0,0,0,0,0,0,0,0,0,0,0,0,0,0,0,0,0,0,0,0,0,0,0,0,0,0,0,0,0,0,0,1,0,0,0,0,0,0,0,0,0,0,0,0,0,0,0,0,0,0,0,0
6252957,THE BLACK CAT CAFE,901 CURLEW RD,DUNEDIN,34698,1334633,Food-Licensing Inspection,Inspection Completed - No Further Action,2026-07-23,3,0,2,1,3,1,0,0,0,0,0,0,0,0,0,0,0,0,0,0,0,0,0,0,0,0,0,0,0,0,0,0,0,0,0,0,0,3,0,0,0,0,0,0,0,0,0,0,0,0,0,0,0,0,0,0,0,0,0,0,0,0,0,0,0
6217972,LANES LEMONADE,349 MAIN ST STE A,DUNEDIN,34698,3732867,Routine - Food,Inspection Completed - No Further Action,2026-07-23,9,1,3,5,7,8,0,0,1,1,0,0,0,0,2,0,0,1,0,0,1,0,0,0,0,0,0,0,1,0,0,0,0,0,0,0,0,1,0,0,0,0,0,0,0,0,0,0,0,0,0,0,0,0,0,0,1,0,0,0,0,0,0,0,0
6218515,CHICK FIL A TYRONE BOULEVARD #04908,2190 TYRONE BLVD N,ST. PETERSBURG,33710,3732434,Routine - Food,Inspection Completed - No Further Action,2026-07-23,5,0,1,4,2,5,0,0,0,0,0,0,0,0,0,0,0,0,0,0,1,0,0,0,0,0,0,0,1,1,0,0,0,0,0,0,0,1,0,0,0,0,1,0,0,0,0,0,0,0,0,0,0,0,0,0,0,0,0,0,0,0,0,0,0
6218807,Q SOUTHERN BBQ,3780 TAMPA RD C5/6,OLDSMAR,34677,3739453,Routine - Food,Warning Issued,2026-07-23,3,1,1,1,2,3,1,0,0,1,0,0,0,0,0,0,0,0,1,0,0,0,0,0,0,0,0,0,0,0,0,0,0,0,0,0,0,0,0,0,0,0,0,0,0,0,0,0,0,0,0,0,0,0,0,0,0,0,0,1,0,0,0,0,0
6218234,LOUIS PAPPAS FRESH GREEK,3294 REDEEMER WAY ,NEW PORT RICHEY ,34655,3727383,Routine - Food,Inspection Completed - No Further Action,2026-07-23,7,3,1,3,4,6,0,0,0,1,0,0,0,0,0,0,0,0,2,0,0,0,0,0,0,0,0,0,1,1,0,0,0,0,0,1,0,0,0,0,0,0,1,0,0,0,0,0,0,0,0,0,0,0,0,0,0,0,0,0,0,0,0,0,0
6218390,ORIGINAL FLAVOR 1889,409 CENTRAL AVE,ST. PETERSBURG,33701,3743785,Routine - Food,Warning Issued,2026-07-23,17,2,4,11,7,15,1,0,0,1,0,0,1,0,0,0,2,0,1,0,1,0,1,0,0,0,0,1,1,0,1,0,0,0,1,0,0,0,0,0,0,1,0,0,0,0,1,1,0,0,0,0,0,0,0,0,1,0,0,2,0,0,0,0,0
6217955,COPA,1047 CENTRAL AVE,ST. PETERSBURG,33705,3703926,Routine - Food,Inspection Completed - No Further Action,2026-07-23,2,0,1,1,1,2,0,0,0,0,0,0,0,0,0,0,0,0,0,0,0,0,0,0,0,0,0,0,0,0,0,0,0,0,0,0,0,1,0,0,0,0,0,0,0,0,1,0,0,0,0,0,0,0,0,0,0,0,0,0,0,0,0,0,0
6218413,TREEHOUSE BBQ,229 62 AVE N,ST. PETERSBURG,33702,3726928,Routine - Food,Warning Issued,2026-07-23,2,1,0,1,2,2,1,1,0,1,0,0,0,0,0,0,0,0,0,0,0,0,0,0,0,0,0,0,0,0,0,0,0,0,0,0,0,0,0,0,0,0,0,0,0,0,0,0,0,0,0,0,0,0,0,0,0,0,0,0,0,0,0,0,0
6218497,COCO'S CRUSH BAR & GRILL,2405 GULF BLVD,INDIAN ROCKS BEACH,33785,3712146,Routine - Food,Inspection Completed - No Further Action,2026-07-23,3,1,0,2,1,2,0,0,0,1,0,0,0,0,0,0,0,0,0,0,2,0,0,0,0,0,0,0,0,0,0,0,0,0,0,0,0,0,0,0,0,0,0,0,0,0,0,0,0,0,0,0,0,0,0,0,0,0,0,0,0,0,0,0,0
6252772,ERIS TAQUERIA,10801 GULF BLVD,TREASURE ISLAND,33706,1347079,Complaint Full,Warning Issued,2026-07-23,13,2,8,3,7,11,1,0,1,1,0,1,0,0,0,0,0,1,1,0,1,0,0,0,0,0,0,0,1,0,0,0,0,0,0,2,0,1,0,0,0,0,0,0,0,0,0,0,0,0,0,0,0,0,0,0,0,1,0,2,0,0,0,0,0
6218018,DUNKIN',6325 9 ST,ST. PETERSBURG,33702,3724706,Routine - Food,Inspection Completed - No Further Action,2026-07-23,2,0,0,2,0,2,0,0,0,0,0,0,0,0,0,0,0,0,0,0,0,0,0,0,0,0,0,0,0,0,0,0,0,0,0,0,0,0,0,0,0,0,1,0,0,0,1,0,0,0,0,0,0,0,0,0,0,0,0,0,0,0,0,0,0
6200003,LITTLE ITALY PIZZA SHOP,3523 N 49 ST,ST PETERSBURG,337102149,3733989,Routine - Food,Inspection Completed - No Further Action,2026-07-23,15,5,2,8,9,11,0,1,0,1,0,0,0,0,3,0,1,0,1,0,0,0,1,0,0,0,0,0,2,1,1,0,0,0,0,0,0,0,0,0,0,0,2,0,0,0,0,1,0,0,0,0,0,0,0,0,0,0,0,0,0,0,0,0,0
6217710,LOCAL PIZZA COMPANY,1846 61 AVE N,ST. PETERSBURG,33702,3742738,Routine - Food,Inspection Completed - No Further Action,2026-07-23,0,0,0,0,0,0,0,0,0,0,0,0,0,0,0,0,0,0,0,0,0,0,0,0,0,0,0,0,0,0,0,0,0,0,0,0,0,0,0,0,0,0,0,0,0,0,0,0,0,0,0,0,0,0,0,0,0,0,0,0,0,0,0,0,0
6216783,MCDONALD'S OF PALM HARBOR,33817 US HWY 19 N,PALM HARBOR,34684,3712321,Routine - Food,Inspection Completed - No Further Action,2026-07-23,4,0,0,4,0,3,0,0,0,0,0,0,0,0,0,0,0,0,0,1,2,0,0,0,0,0,0,0,0,0,1,0,0,0,0,0,0,0,0,0,0,0,0,0,0,0,0,0,0,0,0,0,0,0,0,0,0,0,0,0,0,0,0,0,0
6216745,CICIS 897,1560 MCMULLEN BOOTH RD,CLEARWATER,33759,3741554,Routine - Food,Inspection Completed - No Further Action,2026-07-23,7,2,3,2,5,5,0,1,0,1,0,0,0,0,0,0,0,0,0,0,0,0,1,0,0,0,0,0,0,0,0,0,0,0,0,0,0,3,1,0,0,0,0,0,0,0,0,0,0,0,0,0,0,0,0,0,0,0,0,0,0,0,0,0,0
6216568,EASTERN CHINA TASTE INC,658 E LAKE RD,PALM HARBOR,34685,3759197,Complaint Full,Inspection Completed - No Further Action,2026-07-23,3,0,0,3,2,3,0,0,0,0,0,0,0,0,1,0,0,0,0,0,0,0,0,0,0,0,0,0,1,0,1,0,0,0,0,0,0,0,0,0,0,0,0,0,0,0,0,0,0,0,0,0,0,0,0,0,0,0,0,0,0,0,0,0,0
6216331,JET'S PIZZA,9649 BAY PIINES BLVD,ST. PETERSBURG,33708,3742109,Routine - Food,Warning Issued,2026-07-23,3,0,1,2,1,3,1,0,0,0,0,0,0,0,0,0,1,0,0,0,0,0,0,0,0,0,0,0,1,0,0,0,0,0,0,0,0,0,0,0,0,0,0,0,0,0,0,0,0,0,0,0,0,0,0,0,0,0,0,1,0,0,0,0,0
6216306,TAQUITOS MEXICAN,9617 BAY PINES BLVD,ST PETERSBURG,33708,3735884,Routine - Food,Inspection Completed - No Further Action,2026-07-23,6,0,1,5,0,6,0,0,0,0,0,0,0,0,0,0,0,0,0,0,1,0,0,0,0,0,0,0,0,1,0,0,0,0,0,1,0,0,0,0,0,0,1,0,0,0,0,0,0,0,0,0,0,0,0,0,1,0,0,1,0,0,0,0,0
6215082,CLEAR SKY CLUB HAUS,36355 E LAKE RD,PALM HARBOR,34685,3711601,Routine - Food,Inspection Completed - No Further Action,2026-07-23,5,1,1,3,3,5,0,0,1,1,0,0,0,0,0,0,0,0,0,0,1,0,0,0,0,0,0,0,0,0,0,0,0,0,0,0,0,1,0,1,0,0,0,0,0,0,0,0,0,0,0,0,0,0,0,0,0,0,0,0,0,0,0,0,0
6214766,CHINA GARDEN,1550 MCMULLEN BOOTH RD STE F1,CLEARWATER,33759,3718681,Routine - Food,Inspection Completed - No Further Action,2026-07-23,7,1,0,6,4,5,0,0,0,1,0,0,1,0,2,0,0,0,0,0,2,0,0,0,0,0,0,1,0,0,0,0,0,0,0,0,0,0,0,0,0,0,0,0,0,0,0,0,0,0,0,0,0,0,0,0,0,0,0,0,0,0,0,0,0
6214169,MADFISH,5200 GULF BLVD,ST PETE BEACH,33706,3758803,Complaint Full,Warning Issued,2026-07-23,26,3,8,15,11,11,1,4,0,1,0,0,0,0,0,0,0,1,0,0,2,0,1,0,0,0,0,0,5,1,1,0,0,0,0,3,0,0,0,0,0,0,4,0,0,0,0,0,0,0,0,0,0,0,0,0,0,3,0,0,0,0,0,0,0
6213374,APPLEBEE'S NEIGHBORHOOD GRILL & BAR,4700 4 ST N,ST. PETERSBURG,33703,3701161,Food-Licensing Inspection,Inspection Completed - No Further Action,2026-07-23,8,1,0,7,2,6,0,0,0,0,0,0,0,0,0,0,0,0,0,0,1,0,0,0,0,0,0,0,1,1,0,0,0,0,0,3,0,0,0,0,0,1,1,0,0,0,0,0,0,0,0,0,0,0,0,0,0,0,0,0,0,0,0,0,0
6213344,TACO BELL #16507,32899 N US HWY 19,PALM HARBOR,346843123,3742698,Routine - Food,Inspection Completed - No Further Action,2026-07-23,4,0,1,3,1,4,0,0,0,0,0,0,0,0,0,0,0,0,0,1,1,0,0,0,0,0,0,0,1,1,0,0,0,0,0,0,0,0,0,0,0,0,0,0,0,0,0,0,0,0,0,0,0,0,0,0,0,0,0,0,0,0,0,0,0
6212932,CAVA,33163 US HWY 19 N,PALM HARBOR,34684,3739486,Routine - Food,Inspection Completed - No Further Action,2026-07-23,2,0,1,1,2,1,0,0,0,0,0,0,0,0,0,0,0,0,0,0,0,0,0,0,0,0,0,0,2,0,0,0,0,0,0,0,0,0,0,0,0,0,0,0,0,0,0,0,0,0,0,0,0,0,0,0,0,0,0,0,0,0,0,0,0
6210303,EDDIES'S BAR AND GRILL,9685  BAY PINES BLVD,ST PETERSBURG,33708,3704984,Routine - Food,Inspection Completed - No Further Action,2026-07-23,4,1,2,1,3,4,0,0,1,1,0,0,0,0,0,0,0,0,0,0,0,0,1,0,0,0,0,0,1,0,0,0,0,0,0,0,0,0,0,0,0,0,0,0,0,0,0,0,0,0,0,0,0,0,0,0,0,0,0,0,0,0,0,0,0
6209941,THE HAMPTON AT CLEARWATER DINING ROOM,1099 MCMULLEN BOOTH RD,CLEARWATER,33759,3730875,Routine - Food,Inspection Completed - No Further Action,2026-07-23,0,0,0,0,0,0,0,0,0,0,0,0,0,0,0,0,0,0,0,0,0,0,0,0,0,0,0,0,0,0,0,0,0,0,0,0,0,0,0,0,0,0,0,0,0,0,0,0,0,0,0,0,0,0,0,0,0,0,0,0,0,0,0,0,0
6209625,ORIGINAL PIZZA,10661 GULF BLVD,TREASURE ISLAND,33706,3733713,Routine - Food,Inspection Completed - No Further Action,2026-07-23,2,0,1,1,1,2,0,0,0,0,0,0,0,0,0,0,0,0,0,0,1,0,0,0,0,0,0,0,1,0,0,0,0,0,0,0,0,0,0,0,0,0,0,0,0,0,0,0,0,0,0,0,0,0,0,0,0,0,0,0,0,0,0,0,0
6201120,TREASURE ISLAND R BAR,245 108 AVE,TREASURE ISLAND,33706,3756066,Complaint Full,Inspection Completed - No Further Action,2026-07-23,25,5,5,15,13,14,0,1,2,1,0,0,0,0,4,1,4,1,1,0,1,0,3,0,0,0,0,0,2,1,0,0,0,0,0,0,0,0,0,0,0,0,2,0,0,0,0,0,0,0,0,0,0,0,0,0,0,1,0,0,0,0,0,0,0
6217025,EL MAGUEY MEXICAN RESTAURANT,4327 66 ST N,KENNETH CITY,33709,3730051,Routine - Food,Administrative complaint recommended,2026-07-23,5,3,0,2,3,4,1,1,0,1,0,1,0,0,0,0,0,0,0,0,2,0,0,0,0,0,0,0,0,0,0,0,0,0,0,0,0,0,0,0,0,0,0,0,0,0,0,0,0,0,0,0,0,0,0,0,0,0,0,0,0,0,0,0,0
6217095,MCDONALD'S 36569,2871 GULF TO BAY BLVD,CLEARWATER,33759,3742171,Routine - Food,Inspection Completed - No Further Action,2026-07-23,3,2,0,1,3,3,0,1,0,1,0,0,0,0,0,0,0,0,0,0,0,0,0,0,0,0,0,0,0,0,0,0,0,1,0,0,0,0,0,0,0,0,0,0,0,0,0,0,0,0,0,0,0,0,0,0,0,0,0,0,0,0,0,0,0
6215519,PANERA BREAD #3347,2926 W BAY DR,LARGO,33770,3714629,Routine - Food,Inspection Completed - No Further Action,2026-07-23,1,0,0,1,0,1,0,0,0,0,0,0,0,0,0,0,0,0,0,0,0,0,1,0,0,0,0,0,0,0,0,0,0,0,0,0,0,0,0,0,0,0,0,0,0,0,0,0,0,0,0,0,0,0,0,0,0,0,0,0,0,0,0,0,0
6218535,POTBELLY SANDWICH WORKS,13100 SEMINOLE BLVD STE 104,LARGO,33778,3713128,Routine - Food,Inspection Completed - No Further Action,2026-07-24,4,0,1,3,2,3,0,0,0,0,0,0,0,0,0,0,1,0,0,0,1,0,0,0,0,0,0,0,2,0,0,0,0,0,0,0,0,0,0,0,0,0,0,0,0,0,0,0,0,0,0,0,0,0,0,0,0,0,0,0,0,0,0,0,0
6218121,MR & MRS CRAB,6798 CROSSWINDS DR N,ST. PETERSBURG,33710,3736266,Routine - Food,Administrative complaint recommended,2026-07-24,17,4,6,7,11,12,1,1,0,1,0,0,0,0,2,0,0,0,0,0,1,0,0,0,0,0,0,0,3,0,1,0,0,0,0,0,0,2,0,0,0,1,1,0,0,0,1,1,0,0,0,0,0,0,0,0,0,0,0,2,0,0,0,0,0
6209659,BURGER KING #5313,3770 ULMERTON RD,CLEARWATER,33762,3722595,Routine - Food,Inspection Completed - No Further Action,2026-07-24,6,2,2,2,4,4,0,0,0,2,0,0,0,0,0,0,0,0,0,0,2,0,0,0,0,0,0,0,1,0,0,0,0,1,0,0,0,0,0,0,0,0,0,0,0,0,0,0,0,0,0,0,0,0,0,0,0,0,0,0,0,0,0,0,0
6215724,WAFFLE HOUSE #1620,2525 54 AVE N,ST. PETERSBURG,33714,3708375,Routine - Food,Inspection Completed - No Further Action,2026-07-24,5,2,0,3,2,5,0,0,0,1,0,0,0,0,0,0,1,0,0,0,0,0,0,0,0,0,0,0,0,0,0,0,0,0,0,1,0,0,0,0,0,0,0,0,0,0,0,1,0,0,0,0,0,0,0,0,0,1,0,0,0,0,0,0,0
6218810,POINT CHAUD COFFEE & CREPES,6805 GULF BLVD,ST PETE BEACH,33706,3755292,Routine - Food,Administrative complaint recommended,2026-07-24,15,2,8,5,9,10,1,0,3,1,0,1,0,0,0,0,0,2,0,0,1,0,1,0,0,0,0,0,2,0,0,0,0,0,0,0,0,0,0,0,0,0,0,0,0,0,0,0,0,0,0,0,0,0,0,0,2,1,0,1,0,0,0,0,0
6218220,HIBACHI EXPRESS,41260 US HWY 19 N,TARPON SPRINGS,34689,3738083,Routine - Food,Inspection Completed - No Further Action,2026-07-24,3,0,0,3,1,3,0,0,0,0,0,0,0,0,0,0,0,0,1,0,1,0,0,0,0,0,0,1,0,0,0,0,0,0,0,0,0,0,0,0,0,0,0,0,0,0,0,0,0,0,0,0,0,0,0,0,0,0,0,0,0,0,0,0,0
6211787,BEEF O'BRADYS,2901 66 ST N,ST. PETERSBURG,33710,3752743,Routine - Food,Warning Issued,2026-07-24,13,5,2,6,9,9,1,1,0,1,0,0,1,0,2,0,0,0,0,0,2,0,0,0,0,0,0,0,3,1,0,0,0,0,0,0,0,0,0,0,0,1,0,0,0,0,0,0,0,0,0,0,0,0,0,0,0,0,0,1,0,0,0,0,0
6218739,STRACHANS ICE CREAM,4053 PARK BLVD N,PINELLAS PARK,33781,3732813,Routine - Food,Warning Issued,2026-07-24,2,0,1,1,0,2,1,0,0,0,0,0,0,0,0,0,0,0,0,0,0,0,0,0,0,0,0,0,0,0,0,0,0,0,0,0,0,0,0,0,0,0,1,0,0,0,0,0,0,0,0,0,0,0,0,0,0,1,0,0,0,0,0,0,0
6218252,SMALLS SLIDERS #10158,2540 GULF TO BAY BLVD,CLEARWATER,33765,3726148,Routine - Food,Inspection Completed - No Further Action,2026-07-24,4,0,2,2,0,4,0,0,0,0,0,0,0,0,0,0,0,0,0,1,0,0,1,0,0,0,0,1,0,0,0,0,0,0,0,0,0,0,0,0,0,0,0,0,0,0,0,0,0,0,0,0,0,0,0,0,0,0,0,1,0,0,0,0,0
6212305,TAMPA BAY SKATING ACADEMY,251 LAKEVIEW DR,OLDSMAR,34677,3722060,Routine - Food,Inspection Completed - No Further Action,2026-07-24,1,0,0,1,0,1,0,0,0,0,0,0,0,0,0,0,0,0,0,1,0,0,0,0,0,0,0,0,0,0,0,0,0,0,0,0,0,0,0,0,0,0,0,0,0,0,0,0,0,0,0,0,0,0,0,0,0,0,0,0,0,0,0,0,0
6216846,RICK'S REEF,6712 GULF BLVD,ST.PETE BEACH,33706,3758802,Complaint Full,Administrative complaint recommended,2026-07-24,18,4,6,8,12,13,1,2,1,1,0,0,0,0,2,0,1,0,0,0,1,0,1,0,0,0,0,0,0,0,1,0,0,0,0,1,0,3,0,0,0,2,1,0,0,0,0,1,0,0,0,0,0,0,0,0,0,0,0,0,0,0,0,0,0
6218692,BAD ASS COFFEE OF HAWAII,505 S GULFVIEW BLVD,CLEARWATER,33767,3706471,Routine - Food,Inspection Completed - No Further Action,2026-07-24,1,0,0,1,1,1,0,0,0,0,0,0,0,0,0,0,0,0,1,0,0,0,0,0,0,0,0,0,0,0,0,0,0,0,0,0,0,0,0,0,0,0,0,0,0,0,0,0,0,0,0,0,0,0,0,0,0,0,0,0,0,0,0,0,0
6217556,DUNKIN DONUTS,3920 ULMERTON ROAD,CLEARWATER,33762,3741801,Routine - Food,Inspection Completed - No Further Action,2026-07-24,6,1,0,5,2,4,0,0,0,0,0,0,0,0,1,0,0,0,0,0,1,0,0,0,0,0,0,0,0,0,0,0,0,0,0,3,0,0,0,0,0,1,0,0,0,0,0,0,0,0,0,0,0,0,0,0,0,0,0,0,0,0,0,0,0
6216417,LATIN BOWL RESTAURANT,11500 WALSINGHAM RD,LARGO,33778,3742084,Routine - Food,Inspection Completed - No Further Action,2026-07-24,5,1,2,2,2,4,0,0,0,0,0,0,0,0,0,0,1,0,0,0,0,0,1,0,0,0,0,0,2,0,0,0,0,0,0,0,0,0,1,0,0,0,0,0,0,0,0,0,0,0,0,0,0,0,0,0,0,0,0,0,0,0,0,0,0
6217351,LUCID COFFEE AND KAVA,10328 ROOSEVELT BLVD,ST. PETERSBURG,33716,3713469,Routine - Food,Warning Issued,2026-07-24,3,1,1,1,1,3,1,0,0,0,0,0,0,0,1,0,1,0,0,0,0,0,0,0,0,0,0,0,0,0,0,0,0,0,0,0,0,0,0,0,0,0,0,0,0,0,0,0,0,0,0,0,0,0,0,0,0,0,0,1,0,0,0,0,0
6217398,CHICKEN SALAD CHICK,2140 GULF TO BAY BLVD,CLEARWATER,33765,3745714,Routine - Food,Inspection Completed - No Further Action,2026-07-24,2,0,1,1,1,2,0,0,0,0,0,0,0,0,0,0,0,0,0,0,0,0,0,0,0,0,0,0,0,0,0,0,0,0,0,0,0,1,0,0,0,0,0,0,0,0,0,0,1,0,0,0,0,0,0,0,0,0,0,0,0,0,0,0,0
6218366,WINGSTOP,33148 US HWY 19 N,PALM HARBOR,34684,3717892,Routine - Food,Inspection Completed - No Further Action,2026-07-24,3,1,0,2,2,3,0,0,0,0,0,0,0,0,0,0,0,0,0,1,0,0,0,0,0,0,0,0,1,0,0,0,0,0,0,0,0,0,0,0,0,0,0,0,0,0,0,1,0,0,0,0,0,0,0,0,0,0,0,0,0,0,0,0,0
6218388,JERSEY MIKE'S SUBS,33130 US 19 N,PALM HARBOR,34684,3737508,Routine - Food,Inspection Completed - No Further Action,2026-07-24,4,0,1,3,1,4,0,0,0,0,0,0,0,0,0,0,0,0,0,1,0,0,1,0,0,0,0,0,1,0,0,0,0,0,0,0,0,0,0,0,0,0,0,0,0,0,0,0,0,0,0,0,0,0,0,0,0,0,0,1,0,0,0,0,0
6215473,CHICK FIL A OLDSMAR,3740 TAMPA RD,OLDSMAR,34677,3755037,Routine - Food,Administrative complaint recommended,2026-07-24,3,1,1,1,0,3,1,0,0,0,0,0,0,0,0,0,0,0,0,0,0,0,0,0,0,0,0,0,0,1,0,0,0,0,0,0,0,0,0,0,0,0,0,0,0,0,0,0,0,0,0,0,0,0,0,0,1,0,0,1,0,0,0,0,0
6217717,TACO BUS OF CLEARWATER,505 GULFVIEW BLVD,CLEARWATER,33767,3729906,Routine - Food,Inspection Completed - No Further Action,2026-07-24,2,0,0,2,1,2,0,0,0,0,0,0,0,0,1,0,0,0,0,0,0,0,0,0,0,0,0,0,0,0,0,0,0,0,0,0,0,0,0,0,0,0,1,0,0,0,0,0,0,0,0,0,0,0,0,0,0,0,0,0,0,0,0,0,0
6215667,CHICK-FIL-A CLEARWATER,2516 GULF TO BAY BLVD,CLEARWATER ,33765,3752473,Routine - Food,Inspection Completed - No Further Action,2026-07-24,0,0,0,0,0,0,0,0,0,0,0,0,0,0,0,0,0,0,0,0,0,0,0,0,0,0,0,0,0,0,0,0,0,0,0,0,0,0,0,0,0,0,0,0,0,0,0,0,0,0,0,0,0,0,0,0,0,0,0,0,0,0,0,0,0
6216539,LITTLE CAESARS 648,6960 PARK BLVD,PINELLAS PARK,33781,3725070,Routine - Food,Warning Issued,2026-07-24,2,0,1,1,0,2,1,0,0,0,0,0,0,0,0,0,0,0,0,0,0,0,0,0,0,0,0,0,0,0,0,0,0,0,0,0,0,0,0,0,0,0,0,0,0,0,0,0,0,0,0,0,0,0,0,0,1,0,0,1,0,0,0,0,0
6209637,VILLAGE INN,13105 WALSINGHAM RD,LARGO,33774,3760552,Complaint Full,Inspection Completed - No Further Action,2026-07-24,3,0,1,2,1,3,0,0,0,0,0,0,0,0,0,0,0,0,0,0,0,0,0,0,0,0,0,0,1,1,0,0,0,0,0,0,0,0,0,0,0,0,1,0,0,0,0,0,0,0,0,0,0,0,0,0,0,0,0,0,0,0,0,0,0
6215904,PANERA BREAD #4158,41002 HWY 19 N,TARPON SPRINGS,34689,3714616,Routine - Food,Warning Issued,2026-07-24,3,1,1,1,2,3,1,0,0,0,0,0,0,0,0,0,0,0,0,0,0,0,0,0,0,0,0,0,1,0,0,0,0,0,0,0,0,0,0,0,0,1,1,0,0,0,0,0,0,0,0,0,0,0,0,0,0,0,0,0,0,0,0,0,0
6209562,HUNGRY HOWIES,3780 TAMPA RD,OLDSMAR,346773041,3740423,Routine - Food,Inspection Completed - No Further Action,2026-07-24,1,0,1,0,0,1,0,0,0,0,0,0,0,0,0,0,0,0,0,0,0,0,0,0,0,0,0,0,0,0,0,0,0,0,0,0,0,0,0,0,0,0,0,0,0,0,0,0,0,0,0,0,0,0,0,0,0,0,0,1,0,0,0,0,0
6206941,WENDY'S PROPERTIES LLC,1115 34 ST N,ST. PETERSBURG,33713,3724608,Routine - Food,Inspection Completed - No Further Action,2026-07-24,4,1,0,3,1,4,0,0,0,0,0,0,0,0,0,0,0,0,0,0,1,0,1,0,0,0,0,0,1,0,1,0,0,0,0,0,0,0,0,0,0,0,0,0,0,0,0,0,0,0,0,0,0,0,0,0,0,0,0,0,0,0,0,0,0
6218847,FUSILLO PASTA,905 CENTRAL AVE,ST. PETERSBURG,33705,3720465,Routine - Food,Warning Issued,2026-07-24,14,5,4,5,11,11,1,0,0,3,0,1,0,0,2,0,0,1,1,0,1,0,0,0,0,0,0,0,1,0,0,0,0,0,0,0,0,0,0,0,0,1,0,0,0,0,0,1,0,0,0,0,0,0,0,0,0,1,0,1,0,0,0,0,0
6217206,TIJUANA FLATS,13100 SEMINOLE BLVD SUITE 105,SEMINOLE,33778,3753958,Routine - Food,Administrative complaint recommended,2026-07-24,3,1,1,1,1,3,1,0,0,0,0,0,0,0,0,0,0,0,0,0,1,0,0,0,0,0,0,0,0,0,0,0,0,0,0,0,0,1,0,0,0,0,0,0,0,0,0,0,0,0,0,0,0,0,0,0,1,0,0,0,0,0,0,0,0
6200456,TARPON TURTLE GRILL & MARINA,1513 LAKE TARPON AVE,TARPON SPRINGS,34689,3749472,Routine - Food,Inspection Completed - No Further Action,2026-07-24,8,1,2,5,4,7,0,1,0,1,0,0,0,0,0,0,0,0,1,0,2,0,0,0,0,0,0,0,1,1,0,0,0,0,0,0,0,0,0,0,0,0,1,0,0,0,0,0,0,0,0,0,0,0,0,0,0,0,0,0,0,0,0,0,0
6208463,PIZZA SHACK,11963 INDIAN ROCKS RD,LARGO,33774,3734096,Routine - Food,Inspection Completed - No Further Action,2026-07-24,5,1,3,1,5,3,0,0,0,0,0,0,0,0,2,0,0,0,0,0,0,0,0,0,0,0,0,0,2,0,0,0,0,0,0,0,0,0,0,0,0,0,0,0,0,0,0,1,0,0,0,0,0,0,0,0,0,0,0,0,0,0,0,0,0
6206581,LANSBROOK GOLF CLUB,4605 VILLAGE CENTER DR,PALM HARBOR,34685,3714704,Routine - Food,Inspection Completed - No Further Action,2026-07-24,4,1,0,3,1,4,0,0,0,1,0,0,0,0,0,0,0,0,0,0,1,0,0,0,0,0,0,0,0,1,0,0,0,0,0,1,0,0,0,0,0,0,0,0,0,0,0,0,0,0,0,0,0,0,0,0,0,0,0,0,0,0,0,0,0
6208845,COUNTRY BOY RESTAURANT,1353 MAIN ST,DUNEDIN,34698,3710040,Routine - Food,Inspection Completed - No Further Action,2026-07-24,12,2,2,8,4,9,0,1,0,0,0,0,0,0,0,0,1,0,0,1,3,0,1,0,0,0,0,0,2,0,1,0,0,0,0,0,0,0,1,0,0,0,0,0,0,0,0,1,0,0,0,0,0,0,0,0,0,0,0,0,0,0,0,0,0
6217275,WAREHOUSE DELI,141 STEVENS AVE STE 8,OLDSMAR,34677,3715392,Routine - Food,Inspection Completed - No Further Action,2026-07-24,1,0,0,1,0,1,0,0,0,0,0,0,0,0,0,0,0,0,0,0,0,0,0,0,0,0,0,1,0,0,0,0,0,0,0,0,0,0,0,0,0,0,0,0,0,0,0,0,0,0,0,0,0,0,0,0,0,0,0,0,0,0,0,0,0
6217862,CLEARWATER WINE BAR & BISTRO,482 POINSETTIA AVE,CLEARWATER,33767-2032,3722622,Routine - Food,Inspection Completed - No Further Action,2026-07-24,1,0,1,0,1,1,0,0,1,0,0,0,0,0,0,0,0,0,0,0,0,0,0,0,0,0,0,0,0,0,0,0,0,0,0,0,0,0,0,0,0,0,0,0,0,0,0,0,0,0,0,0,0,0,0,0,0,0,0,0,0,0,0,0,0
6216979,CHIPOTLE MEXICAN GRILL,33121 US HWY 19 N,PALM HARBOR,34684,3710474,Routine - Food,Inspection Completed - No Further Action,2026-07-24,7,1,0,6,1,6,0,0,0,0,0,0,0,0,0,0,0,0,0,1,1,0,2,0,0,0,0,0,0,0,1,0,0,0,0,0,0,0,0,0,0,0,1,0,0,0,0,1,0,0,0,0,0,0,0,0,0,0,0,0,0,0,0,0,0
6216949,JIMMY'S CROW'S NEST,101 CORONADO DR,CLEARWATER,33767,3721612,Routine - Food,Inspection Completed - No Further Action,2026-07-24,4,1,1,2,3,3,0,0,0,1,0,0,0,0,0,0,0,0,0,0,0,0,0,0,0,0,0,0,2,0,0,0,0,0,0,1,0,0,0,0,0,0,0,0,0,0,0,0,0,0,0,0,0,0,0,0,0,0,0,0,0,0,0,0,0
6218904,SUBWAY,1425 MAIN ST UNIT C,DUNEDIN,34698,3746486,Routine - Food,Inspection Completed - No Further Action,2026-07-24,10,1,3,6,4,8,0,0,0,0,0,0,0,0,0,0,0,1,1,1,1,0,0,0,0,0,0,0,0,0,0,0,0,0,0,0,0,2,0,0,0,0,1,0,0,0,0,0,0,0,0,0,0,0,0,0,1,2,0,0,0,0,0,0,0
6217281,DUNKIN/BASKIN,6101 GULF BLVD,ST PETE BEACH,33706,3706916,Routine - Food,Inspection Completed - No Further Action,2026-07-24,9,1,4,4,5,8,0,0,0,1,0,0,0,0,0,0,0,0,1,0,0,0,1,0,0,0,0,1,1,1,0,0,0,0,0,0,0,2,0,0,0,0,0,0,0,0,0,0,0,0,0,0,0,0,0,0,0,0,0,1,0,0,0,0,0
6205231,BURGER KING #1180,23904 US 19 N,CLEARWATER,33765,3744732,Routine - Food,Inspection Completed - No Further Action,2026-07-24,3,1,0,2,1,3,0,0,0,0,0,0,0,0,1,0,0,0,0,0,0,0,0,0,0,0,0,0,0,0,0,0,0,0,0,0,0,0,0,1,0,0,0,0,0,0,1,0,0,0,0,0,0,0,0,0,0,0,0,0,0,0,0,0,0
6215671,GREEK ISLAND RESTAURANT,1501 CLEARWATER LARGO RD,LARGO,33770,3755338,Routine - Food,Inspection Completed - No Further Action,2026-07-27,1,0,1,0,1,1,0,0,1,0,0,0,0,0,0,0,0,0,0,0,0,0,0,0,0,0,0,0,0,0,0,0,0,0,0,0,0,0,0,0,0,0,0,0,0,0,0,0,0,0,0,0,0,0,0,0,0,0,0,0,0,0,0,0,0
6200446,CRAB SHACK,11400 N GANDY BLVD,ST PETERSBURG,337021908,3703241,Routine - Food,Warning Issued,2026-07-27,12,2,1,9,3,7,1,0,0,0,0,0,0,0,0,0,1,0,0,0,0,0,0,0,0,0,0,2,1,1,0,0,0,0,0,0,0,0,0,0,0,2,4,0,0,0,1,0,0,0,0,0,0,0,0,0,0,0,0,0,0,0,0,0,0
6252958,THE DRINK COASTAL,7097 30 AVE N,ST. PETERSBURG,33710,1333787,Food-Licensing Inspection,Inspection Completed - No Further Action,2026-07-27,0,0,0,0,0,0,0,0,0,0,0,0,0,0,0,0,0,0,0,0,0,0,0,0,0,0,0,0,0,0,0,0,0,0,0,0,0,0,0,0,0,0,0,0,0,0,0,0,0,0,0,0,0,0,0,0,0,0,0,0,0,0,0,0,0
6215710,CHILI'S BAR AND GRILL,13359 SEMINOLE BLVD,LARGO,33778,3727596,Routine - Food,Inspection Completed - No Further Action,2026-07-27,1,0,0,1,0,1,0,0,0,0,0,0,0,0,0,0,0,0,0,0,1,0,0,0,0,0,0,0,0,0,0,0,0,0,0,0,0,0,0,0,0,0,0,0,0,0,0,0,0,0,0,0,0,0,0,0,0,0,0,0,0,0,0,0,0
6200729,DERBY CLUB 5 AND 6 FLOORS,10490 GANDY BLVD,ST. PETERSBURG,33702-2308,3736905,Routine - Food,Administrative complaint recommended,2026-07-27,4,2,0,2,3,4,1,1,0,0,0,0,0,0,0,0,0,0,0,0,1,0,0,0,0,0,0,0,1,0,0,0,0,0,0,0,0,0,0,0,0,1,0,0,0,0,0,0,0,0,0,0,0,0,0,0,0,0,0,0,0,0,0,0,0
6218647,JANA'S CAFE,120 COMMERCE BLVD STE 1,OLDSMAR,34677,3738704,Routine - Food,Warning Issued,2026-07-27,4,2,1,1,3,4,1,1,1,1,0,0,0,0,0,0,0,0,0,0,0,0,0,0,0,0,0,0,0,0,0,0,0,0,0,0,0,0,0,0,0,0,0,0,0,0,0,0,0,0,0,0,0,0,0,0,0,0,0,1,0,0,0,0,0
6218538,GULFSIDE PIZZA AND SUBS,11703 HAMLIN BLVD,LARGO,33774,3725776,Routine - Food,Inspection Completed - No Further Action,2026-07-27,5,2,1,2,4,5,0,1,0,1,0,0,0,0,0,0,0,0,0,0,0,0,0,0,0,0,0,0,1,0,0,0,0,0,0,0,0,1,0,0,0,0,0,0,0,0,0,0,0,0,0,0,0,0,0,0,1,0,0,0,0,0,0,0,0
6212609,HUNGRY CRAB,13101 SEMINOLE BLVD,LARGO,33778,3737304,Routine - Food,Administrative complaint recommended,2026-07-27,21,2,7,12,13,12,1,4,0,1,0,0,0,0,3,0,2,0,0,0,1,0,1,0,0,0,0,0,4,1,1,0,0,0,0,0,0,1,0,0,0,0,1,0,0,0,0,0,0,0,0,0,0,0,0,0,0,0,0,1,0,0,0,0,0
6208281,MR SUBMARINE,1010 CLEVELAND ST,CLEARWATER,33755,3756133,Complaint Full,Inspection Completed - No Further Action,2026-07-27,5,2,0,3,3,5,0,0,0,1,0,0,0,0,0,1,0,0,0,0,0,0,0,0,0,0,0,1,1,0,0,0,0,0,0,0,0,0,0,0,0,0,1,0,0,0,0,0,0,0,0,0,0,0,0,0,0,0,0,0,0,0,0,0,0
6218930,NUBO,420 CLEVELAND ST,CLEARWATER,33755,3759599,Food-Licensing Inspection,Inspection Completed - No Further Action,2026-07-27,4,1,0,3,0,4,0,0,0,0,0,0,0,0,0,0,0,0,0,0,1,0,0,0,0,0,0,0,0,0,0,0,0,0,0,1,0,0,1,0,0,0,0,0,0,0,1,0,0,0,0,0,0,0,0,0,0,0,0,0,0,0,0,0,0
6212208,FLAP JACKS,36287 US 19,PALM HARBOR,34684,3711208,Routine - Food,Warning Issued,2026-07-27,34,7,2,25,13,19,1,1,1,1,0,0,1,0,1,0,0,0,2,1,6,0,2,0,0,0,0,3,2,0,1,0,0,0,0,1,0,1,0,0,0,2,5,0,0,0,1,1,0,0,0,0,0,0,0,0,0,1,0,0,0,0,0,0,0
6211856,BEACH WAVES GRILL,2300 GULF BLVD STE 1,INDIAN ROCKS BEACH,33785,3730107,Routine - Food,Inspection Completed - No Further Action,2026-07-27,2,0,0,2,0,2,0,0,0,0,0,0,0,0,0,0,0,0,0,1,0,0,0,0,0,0,0,0,0,0,0,0,0,0,0,0,0,0,0,0,0,0,1,0,0,0,0,0,0,0,0,0,0,0,0,0,0,0,0,0,0,0,0,0,0
6208964,HUNGRY HOWIES,5570 N 4 ST,ST PETERSBURG,337032252,3760514,Complaint Full,Emergency order recommended,2026-07-27,30,4,6,20,13,16,1,0,1,1,0,1,0,0,2,0,0,1,0,0,2,0,0,0,0,0,0,0,3,2,0,0,0,0,1,1,0,1,0,0,0,2,7,0,0,0,0,0,0,0,0,0,0,0,0,0,2,1,0,2,0,0,0,0,0
6209341,WENDY'S #01291,4066 TAMPA RD,OLDSMAR,34677,3704001,Routine - Food,Inspection Completed - No Further Action,2026-07-27,0,0,0,0,0,0,0,0,0,0,0,0,0,0,0,0,0,0,0,0,0,0,0,0,0,0,0,0,0,0,0,0,0,0,0,0,0,0,0,0,0,0,0,0,0,0,0,0,0,0,0,0,0,0,0,0,0,0,0,0,0,0,0,0,0
6217412,WAFFLE HOUSE #2275,1718 S MISSOURI AVE,CLEARWATER,33756,3742844,Routine - Food,Inspection Completed - No Further Action,2026-07-27,4,0,2,2,2,4,0,0,0,0,0,0,0,0,0,0,0,0,0,0,1,0,0,0,0,0,0,0,1,0,0,1,0,0,0,0,0,1,0,0,0,0,0,0,0,0,0,0,0,0,0,0,0,0,0,0,0,0,0,0,0,0,0,0,0
6210041,BEACH SHANTY CAFE,397 MANDALAY AVE,CLEARWATER BCH,33767,3732129,Routine - Food,Inspection Completed - No Further Action,2026-07-27,3,2,0,1,3,2,0,0,0,0,0,0,0,0,2,0,0,0,1,0,0,0,0,0,0,0,0,0,0,0,0,0,0,0,0,0,0,0,0,0,0,0,0,0,0,0,0,0,0,0,0,0,0,0,0,0,0,0,0,0,0,0,0,0,0
6217028,POKE ISLAND PLUS,4058 TAMPA RD STE 4,OLDSMAR,34677,3736690,Routine - Food,Inspection Completed - No Further Action,2026-07-27,4,0,1,3,4,4,0,0,1,0,0,0,0,0,1,0,0,0,1,0,0,0,0,0,0,0,0,0,1,0,0,0,0,0,0,0,0,0,0,0,0,0,0,0,0,0,0,0,0,0,0,0,0,0,0,0,0,0,0,0,0,0,0,0,0
6217248,GRAZE CRAZE OF OLDSMAR,4058 TAMPA RD STE B-8,OLDSMAR,34677,3738817,Routine - Food,Inspection Completed - No Further Action,2026-07-27,1,1,0,0,1,1,0,0,0,0,0,0,0,0,0,0,0,0,0,0,0,0,0,0,0,0,0,0,0,0,0,0,0,0,0,0,0,0,0,0,0,0,0,0,0,0,0,1,0,0,0,0,0,0,0,0,0,0,0,0,0,0,0,0,0
6218425,MARCOS PIZZA #8615,3163 CURLEW RD STE 2,OLDSMAR,34677,3744115,Routine - Food,Warning Issued,2026-07-27,3,0,1,2,1,3,1,0,1,0,0,0,0,0,0,0,0,0,0,0,0,0,0,0,0,0,0,1,0,0,0,0,0,0,0,0,0,0,0,0,0,0,0,0,0,0,0,0,0,0,0,0,0,0,0,0,0,0,0,1,0,0,0,0,0
6216000,MIKES PIZZA AND PUB,14479 WALSINGHAM RD,LARGO,33774,3708524,Routine - Food,Inspection Completed - No Further Action,2026-07-27,7,3,0,4,2,6,0,0,0,0,0,0,0,0,0,0,0,0,0,1,2,0,1,0,0,0,0,0,0,0,0,0,0,0,0,0,0,0,0,0,0,1,0,0,0,0,0,1,0,0,0,0,0,0,0,0,1,0,0,0,0,0,0,0,0
6216874,THE BOXER,454 MANDALAY AVE,CLEARWATER BEACH,33767,3732502,Routine - Food,Warning Issued,2026-07-27,8,1,2,5,3,7,1,0,0,0,0,0,0,0,1,0,0,0,0,0,1,0,1,0,0,0,0,0,2,0,0,0,0,0,0,0,0,0,1,0,0,0,1,0,0,0,1,0,0,0,0,0,0,0,0,0,0,0,0,0,0,0,0,0,0
6217168,PJS OYSTER  BAR,415 2ND ST,INDIAN ROCKS BEACH,33785,3721775,Routine - Food,Inspection Completed - No Further Action,2026-07-27,4,2,1,1,2,4,0,0,0,0,0,0,0,0,1,0,0,0,0,0,1,0,0,0,0,0,0,0,1,0,0,0,0,0,0,1,0,0,0,0,0,0,0,0,0,0,0,0,0,0,0,0,0,0,0,0,0,0,0,0,0,0,0,0,0
6217930,SPEGGTACULAR,12125 INDIAN ROCKS RD,LARGO,33774,3749331,Routine - Food,Inspection Completed - No Further Action,2026-07-27,6,2,0,4,2,4,0,0,0,0,0,0,0,0,0,0,1,0,2,0,2,0,0,0,0,0,0,0,0,0,0,0,0,0,0,0,0,0,0,0,0,0,0,0,0,0,0,0,0,0,0,0,0,0,0,0,1,0,0,0,0,0,0,0,0
6216578,JJ'S MARKET & DELI,10535 GANDY BLVD,ST PETERSBURG,33702,3726134,Routine - Food,Warning Issued,2026-07-27,2,2,0,0,2,2,1,0,0,1,0,0,0,0,0,0,0,0,1,0,0,0,0,0,0,0,0,0,0,0,0,0,0,0,0,0,0,0,0,0,0,0,0,0,0,0,0,0,0,0,0,0,0,0,0,0,0,0,0,0,0,0,0,0,0
6218587,WHATCHA WANT EATERY,472   DOUGLAS RD E,OLDSMAR,34677,3725419,Routine - Food,Warning Issued,2026-07-28,18,6,4,8,11,14,1,0,2,1,0,0,0,0,2,0,0,0,2,1,0,0,0,0,0,0,0,2,1,1,0,0,0,0,0,0,0,1,0,0,0,1,1,0,0,0,0,1,0,0,0,0,0,0,0,0,0,1,0,1,0,0,0,0,0
6217594,DUNKIN DONUTS/BASKIN ROBBINS,10608 NEW EAST BAY ROAD,GIBSONTON,33534,3715812,Routine - Food,Administrative complaint recommended,2026-07-28,12,1,3,8,5,10,1,0,1,0,0,0,0,0,1,0,0,0,1,0,2,0,0,0,0,0,0,0,1,0,1,0,0,0,0,1,0,1,0,0,0,0,0,0,0,0,1,0,0,0,0,0,0,0,0,0,0,0,0,2,0,0,0,0,0
6212702,CELEBRATION STATION,24546 N US HWY 19,CLEARWATER,33763,3750114,Routine - Food,Inspection Completed - No Further Action,2026-07-28,2,0,0,2,0,2,0,0,0,0,0,0,0,0,0,0,0,0,0,0,0,0,1,0,0,0,0,1,0,0,0,0,0,0,0,0,0,0,0,0,0,0,0,0,0,0,0,0,0,0,0,0,0,0,0,0,0,0,0,0,0,0,0,0,0
6212398,TROPICAL SMOOTHIE CAFE,6400 PARK BLVD N,PINELLAS PARK,33781,3740094,Routine - Food,Inspection Completed - No Further Action,2026-07-28,2,0,2,0,2,2,0,0,0,0,0,0,0,0,0,0,0,0,0,0,0,0,0,0,0,0,0,0,1,0,0,0,0,0,0,0,0,1,0,0,0,0,0,0,0,0,0,0,0,0,0,0,0,0,0,0,0,0,0,0,0,0,0,0,0
6218681,NIKO'S GRILL HOUSE,614 ATHENS ST,TARPON SPRINGS,34689,3738777,Routine - Food,Warning Issued,2026-07-28,4,1,2,1,3,4,1,0,0,0,0,0,0,0,1,0,0,0,0,0,0,0,0,0,0,0,0,0,1,0,0,0,0,0,0,0,0,1,0,0,0,0,0,0,0,0,0,0,0,0,0,0,0,0,0,0,0,0,0,1,0,0,0,0,0
6207565,FRENCHY'S ROCKAWAY GRILL INC,7 ROCKAWAY ST,CLEARWATER BCH,33767,3734396,Routine - Food,Inspection Completed - No Further Action,2026-07-28,6,2,2,2,6,6,0,1,0,0,0,1,0,0,1,0,0,0,0,0,0,0,0,0,0,0,0,0,1,0,0,0,0,0,0,0,0,0,0,0,0,1,0,0,0,0,0,1,0,0,0,0,0,0,0,0,0,0,0,0,0,0,0,0,0
6216588,WINDWARD BAR & GRILLE,282 WINDWARD PASSAGE,CLEARWATER,33767,3723514,Routine - Food,Warning Issued,2026-07-28,5,0,4,1,4,5,1,0,1,0,0,0,1,0,0,0,0,0,0,0,0,0,0,0,0,0,0,0,1,0,0,0,0,0,0,0,0,1,0,0,0,0,0,0,0,0,0,0,0,0,0,0,0,0,0,0,0,0,0,1,0,0,0,0,0
6217175,BEACH BURGER SHACK,45 PAPAYA ST,CLEARWATER,33767,3714083,Routine - Food,Warning Issued,2026-07-28,10,2,2,6,6,7,1,0,0,1,0,0,0,0,2,0,1,0,0,0,0,0,0,0,0,0,0,0,2,0,0,2,0,0,0,0,0,1,0,1,0,0,0,0,0,0,0,0,0,0,0,0,0,0,0,0,0,0,0,0,0,0,0,0,0
6216691,DIESEL GARAGE GRILL AND BAR,34200 US HWY19 N,PALM HARBOR,34684,3750400,Routine - Food,Warning Issued,2026-07-28,24,6,5,13,14,13,1,1,1,0,0,0,0,0,2,0,0,0,3,1,3,0,2,0,0,0,0,0,3,1,2,0,0,0,0,1,0,3,0,0,0,1,0,0,0,0,0,0,0,0,0,0,0,0,0,0,0,0,0,0,0,0,0,0,0
6217811,GREEN MARKET CAFE,7839 113 ST STE C,SEMINOLE,33772,3704918,Routine - Food,Inspection Completed - No Further Action,2026-07-28,5,0,1,4,2,5,0,0,0,0,0,0,0,0,1,0,1,0,1,0,0,0,1,0,0,0,0,0,0,0,0,0,0,0,0,0,0,0,0,0,0,0,0,0,0,0,0,0,0,0,0,0,0,0,0,0,1,0,0,0,0,0,0,0,0
6215951,CHIPOTLE MEXICAN GRILL #731,780 4 ST N,ST. PETERSBURG,33701,3708309,Routine - Food,Inspection Completed - No Further Action,2026-07-28,4,0,0,4,0,3,0,0,0,0,0,0,0,0,0,0,0,0,0,0,0,0,1,0,0,0,0,0,0,0,0,0,0,0,0,1,0,0,0,0,0,0,2,0,0,0,0,0,0,0,0,0,0,0,0,0,0,0,0,0,0,0,0,0,0
6217855,OUTBACK STEAKHOUSE,7885 113TH STREET,SEMINOLE,33772,3748925,Routine - Food,Inspection Completed - No Further Action,2026-07-28,5,1,0,4,1,4,0,0,0,0,0,0,0,0,0,0,2,0,0,0,0,0,1,0,0,0,0,0,0,1,0,0,0,0,0,0,0,0,0,0,0,0,0,0,0,0,0,1,0,0,0,0,0,0,0,0,0,0,0,0,0,0,0,0,0
6217659,STUDIO MOVIE GRILL,7718 113 ST,SEMINOLE,33772,3704558,Routine - Food,Inspection Completed - No Further Action,2026-07-28,5,0,0,5,1,5,0,0,0,0,0,0,0,0,0,0,1,0,0,0,1,0,0,0,0,0,0,0,1,0,1,0,0,0,0,0,0,0,0,0,0,0,0,0,0,0,0,0,0,0,0,0,0,0,0,0,1,0,0,0,0,0,0,0,0
6218090,BODEGA ON CENTRAL,1180 CENTRAL AVE,ST. PETERSBURG,33705,3730031,Routine - Food,Warning Issued,2026-07-28,20,2,4,14,9,16,1,0,0,2,0,0,0,0,1,0,1,1,0,0,1,0,2,0,0,0,0,2,2,0,1,0,0,0,0,1,0,1,0,1,0,1,1,0,0,0,1,1,0,0,0,0,0,0,0,0,0,0,0,0,0,0,0,0,0
6216851,HOOTERS OF CLEARWATER BEACH,381 MANDALAY AVE,CLEARWATER,33767,3721555,Routine - Food,Inspection Completed - No Further Action,2026-07-28,5,1,0,4,2,5,0,1,0,0,0,0,1,0,0,0,0,0,0,0,1,0,0,0,0,0,0,1,0,1,0,0,0,0,0,0,0,0,0,0,0,0,0,0,0,0,0,0,0,0,0,0,0,0,0,0,0,0,0,0,0,0,0,0,0
6212202,PHO HA TIEN,6139 PARK BLVD N,PINELLAS PARK,33781,3761039,Complaint Full,Inspection Completed - No Further Action,2026-07-28,5,1,0,4,5,2,0,0,0,1,0,0,0,0,4,0,0,0,0,0,0,0,0,0,0,0,0,0,0,0,0,0,0,0,0,0,0,0,0,0,0,0,0,0,0,0,0,0,0,0,0,0,0,0,0,0,0,0,0,0,0,0,0,0,0
6217748,BEACH PIZZA SEMINOLE,7724 113 ST UNIT D,SEMINOLE,33772,3707938,Routine - Food,Inspection Completed - No Further Action,2026-07-28,2,1,0,1,2,2,0,0,0,1,0,0,0,0,0,0,0,0,1,0,0,0,0,0,0,0,0,0,0,0,0,0,0,0,0,0,0,0,0,0,0,0,0,0,0,0,0,0,0,0,0,0,0,0,0,0,0,0,0,0,0,0,0,0,0
6217335,DAVE'S HOT CHICKEN,4683 PARK BLVD,PINELLAS PARK,33781,3697082,Food-Licensing Inspection,Inspection Completed - No Further Action,2026-07-28,0,0,0,0,0,0,0,0,0,0,0,0,0,0,0,0,0,0,0,0,0,0,0,0,0,0,0,0,0,0,0,0,0,0,0,0,0,0,0,0,0,0,0,0,0,0,0,0,0,0,0,0,0,0,0,0,0,0,0,0,0,0,0,0,0
6214391,A CHICKEN PLACE,26988 US HWY 19,CLEARWATER,33761,3742288,Routine - Food,Warning Issued,2026-07-28,1,0,1,0,0,1,1,0,0,0,0,0,0,0,0,0,0,0,0,0,0,0,0,0,0,0,0,0,0,0,0,0,0,0,0,0,0,0,0,0,0,0,0,0,0,0,0,0,0,0,0,0,0,0,0,0,0,0,0,1,0,0,0,0,0
6214969,EINSTEIN BROS BAGELS 1288,33127 N US HWY 19,PALM HARBOR,34684,3746404,Routine - Food,Warning Issued,2026-07-28,19,4,4,11,7,14,1,0,1,1,0,1,0,0,0,0,0,0,0,0,6,0,1,0,0,0,0,0,1,1,1,0,0,0,0,1,0,1,1,0,0,1,1,0,0,0,0,1,0,0,0,0,0,0,0,0,0,0,0,0,0,0,0,0,0
6216428,JUNO AND THE PEACOCK,400 BEACH DR STE 120,ST. PETERSBURG,33701,3761501,Complaint Full,Inspection Completed - No Further Action,2026-07-28,9,1,0,8,2,7,0,0,0,1,0,0,0,0,0,0,1,0,1,0,2,0,1,0,0,0,0,0,0,1,2,0,0,0,0,0,0,0,0,0,0,0,0,0,0,0,0,0,0,0,0,0,0,0,0,0,0,0,0,0,0,0,0,0,0
6218492,JOSEPH'S TEA ROOM,25028 US 19 N ,CLEARWATER ,33763,3750483,Routine - Food,Inspection Completed - No Further Action,2026-07-28,2,1,0,1,1,2,0,0,0,0,0,0,0,0,0,0,0,0,0,0,0,0,0,0,0,0,0,0,0,0,0,0,0,0,0,0,0,0,1,0,0,0,0,0,0,0,0,1,0,0,0,0,0,0,0,0,0,0,0,0,0,0,0,0,0
6216020,SUBWAY 38887,41220 US HWY 19 N,TARPON SPRINGS,34689,3713532,Routine - Food,Inspection Completed - No Further Action,2026-07-28,3,1,1,1,1,3,0,0,0,1,0,0,0,0,0,0,0,0,0,0,1,0,0,0,0,0,0,0,0,0,0,0,0,0,0,0,0,0,0,0,0,0,0,0,0,0,0,0,0,0,0,0,0,0,0,0,0,0,0,1,0,0,0,0,0
6214558,KFC F569057,33420 US HWY 19 N,PALM HARBOR,34684,3710910,Routine - Food,Inspection Completed - No Further Action,2026-07-28,8,0,0,8,1,6,0,0,0,0,0,0,0,0,0,0,0,0,0,1,1,0,0,0,0,0,0,0,1,1,0,0,0,0,0,1,0,0,0,0,0,0,3,0,0,0,0,0,0,0,0,0,0,0,0,0,0,0,0,0,0,0,0,0,0
6217920,THE FIT POKE STOP,10763  PARK BLVD NORTH,SEMINOLE,33772,3742933,Routine - Food,Inspection Completed - No Further Action,2026-07-28,1,0,0,1,0,1,0,0,0,0,0,0,0,0,0,0,0,0,0,1,0,0,0,0,0,0,0,0,0,0,0,0,0,0,0,0,0,0,0,0,0,0,0,0,0,0,0,0,0,0,0,0,0,0,0,0,0,0,0,0,0,0,0,0,0
6216178,CARETTA ON THE GULF,500 MANDALAY AVE,CLEARWATER BEACH,33767,3721546,Routine - Food,Warning Issued,2026-07-28,4,1,1,2,4,4,1,0,0,1,0,0,0,0,1,0,0,0,0,0,0,0,0,0,0,0,0,0,1,0,0,0,0,0,0,0,0,1,0,0,0,0,0,0,0,0,0,0,0,0,0,0,0,0,0,0,0,0,0,0,0,0,0,0,0
6216299,HONEY BUNNY BISTRO,1732  DREW ST,CLEARWATER,33755,3713514,Routine - Food,Inspection Completed - No Further Action,2026-07-29,5,1,2,2,4,5,0,0,0,1,0,0,0,0,0,0,0,1,0,0,0,0,0,0,0,0,0,1,1,0,0,0,0,0,0,0,0,1,0,0,0,0,0,0,0,0,0,0,0,0,0,0,0,0,0,0,0,0,0,0,0,0,0,0,0
6211422,GONDOLIER PIZZA,674 S GULFVIEW BLVD,CLEARWATER BCH,33767,3721335,Routine - Food,Inspection Completed - No Further Action,2026-07-29,10,1,2,7,5,8,0,0,1,0,0,0,0,0,2,0,0,0,1,1,2,0,0,0,0,0,0,1,0,0,0,0,0,0,0,0,0,1,0,0,0,0,0,0,0,0,0,0,0,0,0,0,0,0,0,0,1,0,0,0,0,0,0,0,0
6210947,MUGS JR DRIVE THRU GRILL,1972 GULF TO BAY BLVD,CLEARWATER,33765,3717868,Routine - Food,Warning Issued,2026-07-29,11,1,3,7,7,9,1,1,0,0,0,0,1,0,2,0,0,0,0,0,0,0,0,0,0,0,0,0,2,0,1,0,0,0,0,0,0,0,1,0,0,0,0,0,0,0,0,1,0,0,0,0,0,0,0,0,0,1,0,1,0,0,0,0,0
6215166,WOK N ROLL,4725 66 ST N,KENNETH CITY,33709,3748898,Routine - Food,Inspection Completed - No Further Action,2026-07-29,7,0,2,5,4,6,0,0,0,0,0,0,0,0,1,0,0,0,0,0,1,0,0,0,0,0,0,0,1,2,0,0,0,0,0,0,0,1,0,0,0,1,0,0,0,0,0,0,0,0,0,0,0,0,0,0,0,0,0,0,0,0,0,0,0
6218931,LIN POKE,1563 S HIGHLAND AVE,CLEARWATER,33756,3689046,Food-Licensing Inspection,Inspection Completed - No Further Action,2026-07-29,0,0,0,0,0,0,0,0,0,0,0,0,0,0,0,0,0,0,0,0,0,0,0,0,0,0,0,0,0,0,0,0,0,0,0,0,0,0,0,0,0,0,0,0,0,0,0,0,0,0,0,0,0,0,0,0,0,0,0,0,0,0,0,0,0
6218487,KEYS JAM-ROCK GRILL,40168 US HWY 19 N ,TARPON SPRINGS ,34689,3705653,Routine - Food,Inspection Completed - No Further Action,2026-07-29,3,1,0,2,1,3,0,0,0,1,0,0,0,0,0,0,0,0,0,0,1,0,0,0,0,0,0,0,0,1,0,0,0,0,0,0,0,0,0,0,0,0,0,0,0,0,0,0,0,0,0,0,0,0,0,0,0,0,0,0,0,0,0,0,0
6218061,DOC FORD'S RUM BAR & GRILLE,610 2 AVE NE,ST. PETERSBURG,33701,3761505,Complaint Full,Inspection Completed - No Further Action,2026-07-29,18,4,8,6,14,10,0,2,3,1,0,0,0,0,2,0,3,0,1,0,0,0,0,0,0,0,0,0,2,0,1,0,0,0,0,0,0,2,0,0,0,1,0,0,0,0,0,0,0,0,0,0,0,0,0,0,0,0,0,0,0,0,0,0,0
6217109,POPPA'S BARBQUE LLC,4890 122 AVE N SUITE 5,CLEARWATER,33762,3709637,Routine - Food,Inspection Completed - No Further Action,2026-07-29,1,0,0,1,0,1,0,0,0,0,0,0,0,0,0,0,0,0,0,0,0,0,0,0,0,0,0,1,0,0,0,0,0,0,0,0,0,0,0,0,0,0,0,0,0,0,0,0,0,0,0,0,0,0,0,0,0,0,0,0,0,0,0,0,0
6215407,SUBWAY #24983,5901 GULF BLVD,ST.PETE BEACH,33706,3751029,Routine - Food,Warning Issued,2026-07-29,3,0,1,2,1,3,1,0,0,0,0,0,0,0,0,0,0,0,0,0,1,0,0,0,0,0,0,0,1,0,0,0,0,0,0,0,0,0,0,0,0,0,0,0,0,0,0,0,0,0,0,0,0,0,0,0,0,0,0,1,0,0,0,0,0
6218835,JIMMYS TACOS STP,2534 CENTRAL AVE,ST PETERSBURG,33712,3707109,Routine - Food,Inspection Completed - No Further Action,2026-07-29,14,4,4,6,9,11,0,0,0,1,0,1,0,0,2,0,1,1,0,0,0,0,2,0,0,0,0,1,0,0,0,0,0,0,0,0,0,1,0,0,0,2,0,0,0,0,0,1,0,0,0,0,0,0,0,0,0,1,0,0,0,0,0,0,0
6209157,MCDONALDS #7731,3470 ULMERTON RD,CLEARWATER,33762,3761494,Complaint Full,Inspection Completed - No Further Action,2026-07-29,2,1,0,1,1,2,0,0,0,0,0,0,0,0,0,0,0,0,0,0,1,0,0,0,0,0,0,0,0,0,0,0,0,0,0,0,0,0,0,0,0,1,0,0,0,0,0,0,0,0,0,0,0,0,0,0,0,0,0,0,0,0,0,0,0
6218245,EGG HAVEN CAFE,3601 66ST N,ST. PETERSBURG,33710,3726732,Routine - Food,Administrative complaint recommended,2026-07-29,22,4,7,11,13,13,1,1,0,1,0,1,0,0,3,0,0,0,1,0,2,0,1,0,0,0,0,0,2,2,0,0,0,0,0,0,0,3,0,1,0,1,0,0,0,0,0,0,0,0,0,0,0,0,0,0,0,0,0,3,0,0,0,0,0
6217505,TWISTEE TREAT USA LLC,4556 MAINLANDS BLVD WEST,PINELLAS PARK,33782,3742459,Routine - Food,Inspection Completed - No Further Action,2026-07-29,0,0,0,0,0,0,0,0,0,0,0,0,0,0,0,0,0,0,0,0,0,0,0,0,0,0,0,0,0,0,0,0,0,0,0,0,0,0,0,0,0,0,0,0,0,0,0,0,0,0,0,0,0,0,0,0,0,0,0,0,0,0,0,0,0
6206749,CLEARWATER YACHT CLUB,830 BAYWAY BLVD,CLEARWATER BCH,33767,3749294,Routine - Food,Warning Issued,2026-07-29,6,1,3,2,2,5,1,0,1,0,0,0,0,0,0,0,0,0,0,0,0,0,0,0,0,0,0,0,1,0,1,0,0,0,0,1,0,0,0,0,0,0,0,0,0,0,0,0,0,0,0,0,0,0,0,0,0,0,0,2,0,0,0,0,0
6217261,WOODEN LADLE NOODLE SHOP,3689 TAMPA RD # 305,OLDSMAR,34677,3722323,Routine - Food,Administrative complaint recommended,2026-07-29,10,4,2,4,7,8,1,1,1,3,0,0,0,0,0,0,1,0,1,1,1,0,0,0,0,0,0,0,1,0,0,0,0,0,0,0,0,0,0,0,0,0,0,0,0,0,0,0,0,0,0,0,0,0,0,0,0,0,0,0,0,0,0,0,0
6212395,MIKE'S PIZZA DELI STATION,13560 N 49 ST,CLEARWATER,33762,3709786,Routine - Food,Warning Issued,2026-07-29,4,1,2,1,3,4,1,0,1,1,0,0,0,0,0,0,0,0,0,0,0,0,0,0,0,0,0,0,0,0,0,0,0,0,0,0,0,1,0,0,0,0,0,0,0,0,0,0,0,0,0,0,0,0,0,0,0,0,0,1,0,0,0,0,0
6214427,SILA THAI AND SUSHI,3828 49 ST N,ST. PETERSBURG,33709,3736775,Routine - Food,Administrative complaint recommended,2026-07-29,28,10,5,13,19,13,1,2,0,3,0,1,0,0,4,0,0,0,4,0,3,0,2,0,0,0,0,0,2,2,0,0,0,0,0,0,0,2,0,0,0,1,0,0,0,0,1,0,0,0,0,0,0,0,0,0,0,0,0,1,0,0,0,0,0
6252959,CREPERIE DE FRANCE,1600 MISSOURI AVE N STE 170,LARGO,33770,1346983,Food-Licensing Inspection,Inspection Completed - No Further Action,2026-07-29,0,0,0,0,0,0,0,0,0,0,0,0,0,0,0,0,0,0,0,0,0,0,0,0,0,0,0,0,0,0,0,0,0,0,0,0,0,0,0,0,0,0,0,0,0,0,0,0,0,0,0,0,0,0,0,0,0,0,0,0,0,0,0,0,0
6218324,NICKO'S PIZZA AND SUBS,1239 4 ST S,ST. PETERSBURG,33701,3744003,Routine - Food,Inspection Completed - No Further Action,2026-07-29,4,0,1,3,2,4,0,0,0,0,0,0,0,0,0,0,0,0,1,0,1,0,0,0,0,0,0,0,1,0,0,0,0,0,0,0,0,0,0,0,0,0,0,0,0,0,1,0,0,0,0,0,0,0,0,0,0,0,0,0,0,0,0,0,0
6217293,TACO BELL #31793,2990 GULF TO BAY BLVD,CLEARWATER,33759,3735847,Routine - Food,Inspection Completed - No Further Action,2026-07-29,1,1,0,0,1,1,0,0,0,0,0,0,0,0,0,0,0,0,0,0,0,0,0,0,0,0,0,0,0,0,0,0,0,0,0,0,0,0,0,0,0,0,0,0,0,0,0,1,0,0,0,0,0,0,0,0,0,0,0,0,0,0,0,0,0
6212881,PIZZA HUT #4669,1955 ALT 19 N,TARPON SPRINGS,34689,3713641,Routine - Food,Inspection Completed - No Further Action,2026-07-29,4,0,0,4,0,3,0,0,0,0,0,0,0,0,0,0,0,0,0,0,0,0,0,0,0,0,0,0,0,1,0,0,0,0,0,1,0,0,0,0,0,0,2,0,0,0,0,0,0,0,0,0,0,0,0,0,0,0,0,0,0,0,0,0,0
6200115,LARGO MEDICAL - 72164,201 14 ST SW,LARGO,33770,1116684,Routine - Food,Inspection Completed - No Further Action,2026-07-30,1,0,0,1,0,1,0,0,0,0,0,0,0,0,0,0,0,0,0,0,0,0,0,0,0,0,0,0,0,0,0,0,0,0,0,0,0,0,0,0,0,0,0,0,0,0,0,0,0,0,0,0,0,0,0,0,1,0,0,0,0,0,0,0,0
6205852,MCDONALD'S,4085 TAMPA RD,OLDSMAR,34677,3718053,Routine - Food,Inspection Completed - No Further Action,2026-07-30,2,2,0,0,2,1,0,0,0,0,0,0,0,0,0,0,0,0,2,0,0,0,0,0,0,0,0,0,0,0,0,0,0,0,0,0,0,0,0,0,0,0,0,0,0,0,0,0,0,0,0,0,0,0,0,0,0,0,0,0,0,0,0,0,0
6200341,THEE LIBERTY GRILL,1185 N HERCULES AVE,CLEARWATER,33765,3745959,Routine - Food,Warning Issued,2026-07-30,12,2,6,4,8,11,1,0,1,1,0,1,0,0,1,0,0,0,1,0,0,0,0,0,0,0,0,1,0,0,1,0,0,0,0,0,0,2,0,0,0,0,0,0,0,0,0,1,0,0,0,0,0,0,0,0,1,0,0,1,0,0,0,0,0
6206460,SEMINOLE LANES INC,8668 PARK BLVD,SEMINOLE,337774345,3704437,Routine - Food,Inspection Completed - No Further Action,2026-07-30,5,0,2,3,2,5,0,0,0,0,0,1,0,0,0,0,0,0,0,0,0,0,1,0,0,0,0,1,1,0,0,0,0,0,0,0,0,0,0,0,0,0,1,0,0,0,0,0,0,0,0,0,0,0,0,0,0,0,0,0,0,0,0,0,0
6252676,355 COFFEE,7420 49TH ST N,PINELLAS PARK,33781,1344664,Routine - Food,Inspection Completed - No Further Action,2026-07-30,0,0,0,0,0,0,0,0,0,0,0,0,0,0,0,0,0,0,0,0,0,0,0,0,0,0,0,0,0,0,0,0,0,0,0,0,0,0,0,0,0,0,0,0,0,0,0,0,0,0,0,0,0,0,0,0,0,0,0,0,0,0,0,0,0
6218932,QUAN NGOT NGAD LLC,11141 US 19 N UNIT 120 A1-2,CLEARWATER,33764,3762384,Food-Licensing Inspection,Inspection Completed - No Further Action,2026-07-30,0,0,0,0,0,0,0,0,0,0,0,0,0,0,0,0,0,0,0,0,0,0,0,0,0,0,0,0,0,0,0,0,0,0,0,0,0,0,0,0,0,0,0,0,0,0,0,0,0,0,0,0,0,0,0,0,0,0,0,0,0,0,0,0,0
6218933,LV SEAFOOD,11141 US 19 N BOOTH I5,CLEARWATER,33764,3762387,Food-Licensing Inspection,Inspection Completed - No Further Action,2026-07-30,0,0,0,0,0,0,0,0,0,0,0,0,0,0,0,0,0,0,0,0,0,0,0,0,0,0,0,0,0,0,0,0,0,0,0,0,0,0,0,0,0,0,0,0,0,0,0,0,0,0,0,0,0,0,0,0,0,0,0,0,0,0,0,0,0
6218934,OC 67 SEAFOOD,11141 US 19 N UNIT 120 BOOTH J#1,CLEARWATER,33764,3762389,Food-Licensing Inspection,Inspection Completed - No Further Action,2026-07-30,0,0,0,0,0,0,0,0,0,0,0,0,0,0,0,0,0,0,0,0,0,0,0,0,0,0,0,0,0,0,0,0,0,0,0,0,0,0,0,0,0,0,0,0,0,0,0,0,0,0,0,0,0,0,0,0,0,0,0,0,0,0,0,0,0
6208344,METRO DINER PALM HARBOR,35000 US HWY 19 N,PALM HARBOR,34684,3720083,Routine - Food,Inspection Completed - No Further Action,2026-07-30,16,2,2,12,7,10,0,1,0,0,0,0,0,0,1,0,0,0,1,0,4,0,1,0,0,0,0,2,3,0,1,0,0,0,0,0,0,0,0,0,0,1,1,0,0,0,0,0,0,0,0,0,0,0,0,0,0,0,0,0,0,0,0,0,0
6217933,ICE & CREAM CREAMERY,10825  GULF BOULEVARD,TREASURE ISLAND,33706,3742396,Routine - Food,Warning Issued,2026-07-30,9,0,4,5,3,8,1,0,0,0,0,0,0,0,0,0,0,1,0,0,1,0,0,0,0,0,0,0,0,0,0,0,0,0,0,0,0,1,1,0,0,1,1,0,0,0,0,0,0,0,0,0,0,0,0,0,0,1,0,2,0,0,0,0,0
6217253,JOHNNYS TAPHOUSE & GRILL LLC,224 E TARPON AVE,TARPON SPRINGS,34689,3726852,Routine - Food,Warning Issued,2026-07-30,12,4,3,5,6,10,1,0,0,1,0,0,0,0,0,0,1,0,2,1,0,0,1,0,0,0,0,1,2,0,0,0,0,0,0,0,0,0,0,0,0,0,1,0,0,0,0,1,0,0,0,0,0,0,0,0,0,0,0,1,0,0,0,0,0
6215720,JETS PIZZA,33486 US 19 N,PALM HARBOR,34684,3716099,Routine - Food,Administrative complaint recommended,2026-07-30,22,6,1,15,15,12,1,3,1,1,0,1,0,0,5,0,0,0,1,0,4,0,0,0,0,0,0,0,1,1,0,0,0,0,0,1,0,0,0,0,0,2,1,0,0,0,0,0,0,0,0,0,0,0,0,0,0,0,0,0,0,0,0,0,0
6217910,KARMA JUICE BAR,1804 4 ST N,ST. PETERSBURG,33704,3737369,Routine - Food,Inspection Completed - No Further Action,2026-07-30,3,1,1,1,2,3,0,0,0,0,0,0,0,0,1,0,0,0,0,0,0,0,1,0,0,0,0,0,0,0,0,0,0,0,0,0,0,0,0,0,0,0,0,0,0,0,0,1,0,0,0,0,0,0,0,0,0,0,0,0,0,0,0,0,0
6214128,DAYDREAMERS CAFE AND GRILL,143 7 AVE N,SAFETY HARBOR,34695,3761512,Complaint Full,Warning Issued,2026-07-30,6,1,2,3,3,6,1,0,1,0,0,0,0,0,0,0,0,0,0,0,1,0,0,0,0,0,0,0,1,1,0,0,0,0,0,0,0,0,0,0,0,0,0,0,0,0,0,1,0,0,0,0,0,0,0,0,0,1,0,0,0,0,0,0,0
6214440,JOTOS PIZZA,9119 S BELCHER RD,PINELLAS PK,33782,3717259,Routine - Food,Inspection Completed - No Further Action,2026-07-30,7,1,1,5,4,7,0,0,1,0,0,0,1,0,1,0,0,0,0,0,1,0,0,0,0,0,0,1,0,0,0,0,0,0,0,0,0,0,0,0,0,0,1,0,0,0,0,1,0,0,0,0,0,0,0,0,0,0,0,0,0,0,0,0,0
6217619,EMPANADAS VALRICO PINELLAS,6870 66 ST N,PINELLAS PARK,33781,3739559,Routine - Food,Inspection Completed - No Further Action,2026-07-30,1,0,0,1,0,1,0,0,0,0,0,0,0,0,0,0,0,0,0,0,1,0,0,0,0,0,0,0,0,0,0,0,0,0,0,0,0,0,0,0,0,0,0,0,0,0,0,0,0,0,0,0,0,0,0,0,0,0,0,0,0,0,0,0,0
6217903,THE CAMPUS GRIND LLC,121 7 AVE S STE 1,ST. PETERSBURG,33701,3705774,Routine - Food,Inspection Completed - No Further Action,2026-07-30,6,1,1,4,3,6,0,0,0,0,0,0,0,0,1,0,0,0,1,0,1,0,0,0,0,0,0,0,0,0,1,0,0,0,0,0,0,0,1,0,0,0,0,0,0,0,0,1,0,0,0,0,0,0,0,0,0,0,0,0,0,0,0,0,0
6216560,EARLY BIRD,9131 US HWY 19 N,PINELLAS PARK,33782,3761503,Complaint Full,Administrative complaint recommended,2026-07-30,18,2,7,9,10,11,1,0,0,1,0,0,0,0,4,0,0,2,1,0,1,0,0,0,0,0,0,0,0,0,0,1,0,0,0,1,0,2,1,0,0,0,1,0,0,0,0,0,0,0,0,0,0,0,0,0,0,0,0,3,0,0,0,0,0
6215039,JOHNNY GRITS,857 E KLOSTERMAN RD,TARPON SPRINGS,34689,3751154,Routine - Food,Inspection Completed - No Further Action,2026-07-30,11,4,1,6,6,10,0,0,0,1,0,0,0,0,1,0,0,0,1,0,1,0,0,0,0,0,0,0,2,1,0,0,0,0,0,1,0,0,1,0,0,0,1,0,0,0,0,1,0,0,0,0,0,0,0,0,0,0,0,0,0,0,0,0,0
6216527,CHINA EXPRESS TAKE-OUT,1159 S PINELLAS AVENUE,TARPON SPRINGS,34689,3708452,Routine - Food,Inspection Completed - No Further Action,2026-07-30,10,3,3,4,7,8,0,0,0,1,0,0,0,0,2,0,0,0,2,0,1,0,0,0,0,0,0,0,1,1,0,1,0,0,0,0,0,1,0,0,0,0,0,0,0,0,0,0,0,0,0,0,0,0,0,0,0,0,0,0,0,0,0,0,0
6218496,PLAYA BOWLS,4655 GULF BLVD UNIT 104,ST.PETE BEACH,33706,3751001,Routine - Food,Inspection Completed - No Further Action,2026-07-30,10,0,3,7,4,9,0,0,1,0,0,0,0,0,0,0,1,1,0,0,1,0,0,0,0,0,0,0,2,1,0,0,0,0,0,0,0,0,0,0,0,0,1,0,0,0,0,0,0,0,0,0,0,0,0,0,1,0,0,1,0,0,0,0,0
6211118,DOMINO'S PIZZA 5033,3800 TAMPA RD,OLDSMAR,34677,3719178,Routine - Food,Inspection Completed - No Further Action,2026-07-30,0,0,0,0,0,0,0,0,0,0,0,0,0,0,0,0,0,0,0,0,0,0,0,0,0,0,0,0,0,0,0,0,0,0,0,0,0,0,0,0,0,0,0,0,0,0,0,0,0,0,0,0,0,0,0,0,0,0,0,0,0,0,0,0,0
6210504,COPPER KETTLE,7390 GULF BLVD,ST.PETE BEACH,33706,3761979,Complaint Full,Inspection Completed - No Further Action,2026-07-30,3,0,2,1,2,3,0,0,0,0,0,0,0,0,0,0,1,1,0,0,0,0,0,0,0,0,0,0,0,0,0,0,0,0,0,0,0,1,0,0,0,0,0,0,0,0,0,0,0,0,0,0,0,0,0,0,0,0,0,0,0,0,0,0,0
6217763,THE PARK,9711 66 ST N,PINELLAS PARK,33782,3726752,Routine - Food,Inspection Completed - No Further Action,2026-07-30,4,0,4,0,2,4,0,0,0,0,0,0,0,0,0,0,0,0,0,0,0,0,1,0,0,0,0,0,0,0,0,0,0,0,0,0,0,1,0,0,0,0,0,0,0,0,0,1,0,0,0,0,0,0,0,0,0,0,0,1,0,0,0,0,0
6218177,JOE WHISKEYS SPORTS BAR,27417 WESLEY CHAPEL BLVD,WESLEY CHAPEL ,33544,3710613,Routine - Food,Inspection Completed - No Further Action,2026-07-30,0,0,0,0,0,0,0,0,0,0,0,0,0,0,0,0,0,0,0,0,0,0,0,0,0,0,0,0,0,0,0,0,0,0,0,0,0,0,0,0,0,0,0,0,0,0,0,0,0,0,0,0,0,0,0,0,0,0,0,0,0,0,0,0,0
6216801,TRIP'S DINER,2339 DR  MARTIN LUTHER KING JR ST N,SAINT PETERSBURG,33704,3718515,Routine - Food,Inspection Completed - No Further Action,2026-07-30,3,1,0,2,1,3,0,0,0,1,0,0,0,0,0,0,0,0,0,0,0,0,0,0,0,0,0,0,0,0,1,0,0,0,0,1,0,0,0,0,0,0,0,0,0,0,0,0,0,0,0,0,0,0,0,0,0,0,0,0,0,0,0,0,0
6218490,LAKAZBA CAFE,300 STATE ST E STE 110,OLDSMAR,34677,3731360,Routine - Food,Warning Issued,2026-07-30,4,0,3,1,1,4,1,0,0,0,0,0,0,0,0,0,0,1,0,0,0,0,1,0,0,0,0,0,0,0,0,1,0,0,0,0,0,0,0,0,0,0,0,0,0,0,0,0,0,0,0,0,0,0,0,0,0,0,0,1,0,0,0,0,0
6209402,ZOM HEE RESTAURANT,9015 PARK BLVD,SEMINOLE,337774153,3753928,Routine - Food,Inspection Completed - No Further Action,2026-07-30,11,2,0,9,4,7,0,0,0,0,0,0,1,0,1,0,2,0,0,0,3,0,0,0,0,0,0,0,2,1,0,0,0,0,0,0,0,0,0,0,0,0,0,0,0,0,0,0,0,0,0,0,0,0,0,0,1,0,0,0,0,0,0,0,0
6218770,THE VIOLET STONE,2607 9 ST N,ST PETERSBURG,33704,3761972,Complaint Full,Warning Issued,2026-07-30,21,4,5,12,11,15,1,0,1,1,0,0,0,0,2,0,3,0,2,0,1,0,2,0,0,0,0,0,1,0,1,1,0,0,0,0,0,2,0,0,0,1,0,0,0,0,0,1,0,0,0,0,0,0,0,0,0,1,0,1,0,0,0,0,0
6218550,FORTU,97 CENTRAL AVE,ST PETERSBURG,33701,3755625,Complaint Full,Inspection Completed - No Further Action,2026-07-30,1,0,0,1,1,1,0,0,0,0,0,0,0,0,0,0,0,0,1,0,0,0,0,0,0,0,0,0,0,0,0,0,0,0,0,0,0,0,0,0,0,0,0,0,0,0,0,0,0,0,0,0,0,0,0,0,0,0,0,0,0,0,0,0,0
6215614,DERUSSO'S PIZZERIA,9385 BAY PINES BLVD STE A,ST. PETERSBURG,33708,3751188,Routine - Food,Inspection Completed - No Further Action,2026-07-31,4,0,1,3,1,4,0,0,0,0,0,0,0,0,0,0,0,0,0,1,1,0,0,0,0,0,0,0,0,0,0,0,0,0,0,0,0,0,0,0,0,0,0,0,0,0,0,1,0,0,0,0,0,0,0,0,0,1,0,0,0,0,0,0,0
6217995,MY HAPPY PLACE,16811 GULF BLVD,NORTH REDINGTON BEAC,33708,3748852,Routine - Food,Inspection Completed - No Further Action,2026-07-31,4,0,1,3,1,4,0,0,0,0,0,0,0,0,0,0,1,0,0,0,0,0,1,0,0,0,0,0,1,1,0,0,0,0,0,0,0,0,0,0,0,0,0,0,0,0,0,0,0,0,0,0,0,0,0,0,0,0,0,0,0,0,0,0,0
6218592,COOL COOKIE,25 CAUSEWAY BLVD UNIT 108,INDIAN SHORES,33767,3725452,Routine - Food,Inspection Completed - No Further Action,2026-07-31,0,0,0,0,0,0,0,0,0,0,0,0,0,0,0,0,0,0,0,0,0,0,0,0,0,0,0,0,0,0,0,0,0,0,0,0,0,0,0,0,0,0,0,0,0,0,0,0,0,0,0,0,0,0,0,0,0,0,0,0,0,0,0,0,0
6216893,ENGINE NO.9,56 DR MLK JR BLVD,ST. PETERSBURG,33705-1557,3715133,Routine - Food,Administrative complaint recommended,2026-07-31,32,3,8,21,12,21,1,1,3,2,0,0,0,0,1,0,2,0,1,0,1,0,4,0,0,0,0,1,2,1,2,0,0,0,0,0,0,1,1,1,0,0,2,0,0,0,1,1,0,0,0,0,0,0,0,0,0,1,1,2,0,0,0,0,0
6218690,PAGODA,1550 66 ST N,ST. PETERSBURG,33710,3712725,Routine - Food,Inspection Completed - No Further Action,2026-07-31,2,0,1,1,1,2,0,0,0,0,0,0,0,0,0,0,0,0,0,0,0,0,1,0,0,0,0,0,0,0,0,0,0,0,0,0,0,1,0,0,0,0,0,0,0,0,0,0,0,0,0,0,0,0,0,0,0,0,0,0,0,0,0,0,0
6217966,STARBUCKS COFFEE COMPANY,309 CORONADO DR,CLEARWATER,33767,3724994,Routine - Food,Warning Issued,2026-07-31,4,1,3,0,4,3,1,0,0,0,0,0,0,0,0,0,0,0,0,0,0,0,0,0,0,0,0,0,1,0,0,0,0,1,0,0,0,2,0,0,0,0,0,0,0,0,0,0,0,0,0,0,0,0,0,0,0,0,0,0,0,0,0,0,0
6217347,CORNER KITCHEN AND COFFEE HOUSE,13999 GULF BLVD UNIT C2,MADEIRA BEACH,33708,3752255,Routine - Food,Inspection Completed - No Further Action,2026-07-31,9,1,3,5,4,8,0,0,0,1,0,0,0,0,0,0,0,0,0,0,0,0,1,0,0,0,0,1,2,0,1,0,0,0,0,0,0,1,1,0,0,0,0,0,0,0,0,0,0,0,0,0,0,0,0,0,0,0,0,1,0,0,0,0,0
6217751,DUNKIN DONUTS,7595 4 ST N,ST PETERSBURG,33702,3748399,Routine - Food,Inspection Completed - No Further Action,2026-07-31,1,0,1,0,0,1,0,0,0,0,0,0,0,0,0,0,0,0,0,0,0,0,0,0,0,0,0,0,0,0,0,0,0,0,0,1,0,0,0,0,0,0,0,0,0,0,0,0,0,0,0,0,0,0,0,0,0,0,0,0,0,0,0,0,0
6200528,FRIENDLY TAVERN,18121 GULF BLVD,REDINGTON SHORES,33708,3733243,Routine - Food,Inspection Completed - No Further Action,2026-07-31,13,1,1,11,6,10,0,0,0,1,0,0,0,0,1,0,1,0,0,0,0,0,1,0,0,0,0,0,2,2,0,1,0,0,0,1,0,0,0,1,0,2,0,0,0,0,0,0,0,0,0,0,0,0,0,0,0,0,0,0,0,0,0,0,0
6218276,KHAO NEOW SUSHI THAI LAO,17307 GULF BLVD STE B101,NORTH REDINGTON BEAC,33708,3745840,Routine - Food,Inspection Completed - No Further Action,2026-07-31,10,1,2,7,5,8,0,0,0,1,0,0,1,0,2,0,1,0,0,0,0,0,2,0,0,0,0,1,0,1,0,0,0,0,0,0,0,1,0,0,0,0,0,0,0,0,0,0,0,0,0,0,0,0,0,0,0,0,0,0,0,0,0,0,0
